,n,p,Metric,LogLKL,KendallTau,KernelSim
0,6,0.1,ReverseLPA,-9.631782434607487,-0.6,0.4583333333333333
1,6,0.1,ILP-PA1,-9.631782434607487,0.3333333333333333,0.19166666666666665
2,6,0.1,ILP-PA2,-5.026612248619396,0.6,0.33130525295851415
3,6,0.2,ReverseLPA,-8.93976376742734,0.2,0.1851851851851852
4,6,0.2,ILP-PA1,-7.77661295762166,0.06666666666666665,0.3891987614656678
5,6,0.2,ILP-PA2,-5.94403149387335,-0.2,0.4583333333333333
6,6,0.3,ReverseLPA,-9.854509406036483,-0.6,0.2435185185185185
7,6,0.3,ILP-PA1,-5.529241105181209,-0.2,0.48333333333333334
8,6,0.3,ILP-PA2,-8.650536601710547,0.6,0.16604989442399765
9,6,0.4,ReverseLPA,-12.122500545679667,0.2,0.5055555555555555
10,6,0.4,ILP-PA1,-3.7705234431544463,0.2,0.5055555555555555
11,6,0.4,ILP-PA2,-9.779093458165367,0.06666666666666665,0.19927174936300684
12,6,0.5,ReverseLPA,-9.010913347279288,-0.3333333333333333,0.48333333333333334
13,6,0.5,ILP-PA1,-9.704060527839234,-0.3333333333333333,1.0
14,6,0.5,ILP-PA2,-4.852030263919617,-0.06666666666666665,0.2240740740740741
15,6,0.6,ReverseLPA,-8.773419165156527,-0.4666666666666666,0.46296296296296297
16,6,0.6,ILP-PA1,-5.813825938218409,-0.2,0.14973744135534953
17,6,0.6,ILP-PA2,-5.813825938218409,-0.2,0.14973744135534953
18,6,0.7,ReverseLPA,-7.312615824874871,0.3333333333333333,0.19907407407407407
19,6,0.7,ILP-PA1,-5.39529313267147,-0.06666666666666665,0.7666666666666666
20,6,0.7,ILP-PA2,-9.007211545649277,0.8666666666666666,0.19907407407407407
21,6,0.8,ReverseLPA,-8.89233071419271,0.06666666666666665,0.4694444444444444
22,6,0.8,ILP-PA1,-3.1714427716335685,-0.2,0.17403954898800336
23,6,0.8,ILP-PA2,-6.836605699130189,0.2,0.4444444444444444
24,6,0.9,ReverseLPA,-10.580027075527926,0.06666666666666665,0.5055555555555555
25,6,0.9,ILP-PA1,-3.4615507652301356,0.6,0.16570621565467003
26,6,0.9,ILP-PA2,-3.4615507652301356,0.6,0.16570621565467003
27,6,0.1,ReverseLPA,-9.631782434607487,-0.6,0.4777777777777778
28,6,0.1,ILP-PA1,-9.737142950265314,0.3333333333333333,0.7222222222222223
29,6,0.1,ILP-PA2,-7.7506394042447475,0.7333333333333333,0.21325502268190222
30,6,0.2,ReverseLPA,-10.54920167986144,-0.2,0.4851851851851852
31,6,0.2,ILP-PA1,-3.6651629274966204,0.3333333333333333,0.18247689207378504
32,6,0.2,ILP-PA2,-7.10718230367903,0.8666666666666666,0.16604989442399765
33,6,0.3,ReverseLPA,-7.446563797384611,-0.6,1.0
34,6,0.3,ILP-PA1,-6.955940880936139,0.3333333333333333,0.2183654281323345
35,6,0.3,ILP-PA2,-6.599265936997407,0.7333333333333333,0.1851851851851852
36,6,0.4,ReverseLPA,-9.373628350057203,-0.4666666666666666,0.49074074074074076
37,6,0.4,ILP-PA1,-9.373628350057203,-0.06666666666666665,0.46296296296296297
38,6,0.4,ILP-PA2,-8.562698133840875,0.4666666666666666,0.1851851851851852
39,6,0.5,ReverseLPA,-7.624618986159398,0.3333333333333333,0.16666666666666666
40,6,0.5,ILP-PA1,-2.772588722239781,-0.6,0.7444444444444445
41,6,0.5,ILP-PA2,-2.772588722239781,-0.6,0.4851851851851852
42,6,0.6,ReverseLPA,-7.751767917624546,-0.2,0.46296296296296297
43,6,0.6,ILP-PA1,-2.854232711280291,0.2,0.48888888888888893
44,6,0.6,ILP-PA2,-3.3650583350462817,0.7333333333333333,0.47222222222222215
45,6,0.7,ReverseLPA,-8.025965712752335,0.2,0.19907407407407407
46,6,0.7,ILP-PA1,-9.229938517078272,0.7333333333333333,0.14903954898800337
47,6,0.7,ILP-PA2,-3.477970440468069,-0.2,0.4851851851851852
48,6,0.8,ReverseLPA,-8.89233071419271,0.2,0.48333333333333334
49,6,0.8,ILP-PA1,-6.836605699130189,0.2,0.5055555555555555
50,6,0.8,ILP-PA2,-2.5020121176909393,0.2,1.0
51,6,0.9,ReverseLPA,-10.685387591185751,0.2,1.0
52,6,0.9,ILP-PA1,-0.5268025782891315,-0.3333333333333333,1.0
53,6,0.9,ILP-PA2,-0.9482446409204366,0.06666666666666665,0.3573728823213367
54,6,0.1,ReverseLPA,-9.631782434607487,-0.06666666666666665,0.18055555555555555
55,6,0.1,ILP-PA1,-9.737142950265314,0.3333333333333333,0.736111111111111
56,6,0.1,ILP-PA2,-7.7506394042447475,0.7333333333333333,0.4028383560152356
57,6,0.2,ReverseLPA,-7.33032585499324,-0.2,0.18055555555555555
58,6,0.2,ILP-PA1,-6.613462147815979,0.4666666666666666,0.4111716893485689
59,6,0.2,ILP-PA2,-5.94403149387335,0.2,0.4916666666666667
60,6,0.3,ReverseLPA,-7.446563797384611,-0.6,1.0
61,6,0.3,ILP-PA1,-7.669290768813603,0.2,0.7407407407407408
62,6,0.3,ILP-PA2,-6.599265936997406,0.6,0.16604989442399765
63,6,0.4,ReverseLPA,-8.457337618183047,-0.4666666666666666,0.736111111111111
64,6,0.4,ILP-PA1,-9.478988865715028,0.3333333333333333,0.17878209479900115
65,6,0.4,ILP-PA2,-7.541046886308893,0.2,0.2236716893485689
66,6,0.5,ReverseLPA,-6.931471805599452,-0.4666666666666666,0.4444444444444445
67,6,0.5,ILP-PA1,-9.704060527839234,0.3333333333333333,0.16106767959612056
68,6,0.5,ILP-PA2,-6.931471805599452,0.06666666666666665,0.4583333333333333
69,6,0.6,ReverseLPA,-7.751767917624546,-0.3333333333333333,0.7444444444444445
70,6,0.6,ILP-PA1,-6.730116670092563,-0.06666666666666665,0.7444444444444445
71,6,0.6,ILP-PA2,-6.730116670092563,-0.2,1.0
72,6,0.7,ReverseLPA,-8.025965712752335,0.06666666666666665,0.2074074074074074
73,6,0.7,ILP-PA1,-4.325268300855273,-0.2,0.5055555555555555
74,6,0.7,ILP-PA2,-4.325268300855273,0.06666666666666665,0.21296296296296294
75,6,0.8,ReverseLPA,-8.89233071419271,0.06666666666666665,0.49444444444444446
76,6,0.8,ILP-PA1,-2.5020121176909393,-0.3333333333333333,1.0
77,6,0.8,ILP-PA2,-0.8925742052568388,-0.06666666666666665,1.0
78,6,0.9,ReverseLPA,-10.263945528554448,0.2,0.1962962962962963
79,6,0.9,ILP-PA1,-4.815891217303744,-0.06666666666666665,0.21018518518518517
80,6,0.9,ILP-PA2,-4.815891217303744,-0.06666666666666665,0.21018518518518517
81,6,0.1,ReverseLPA,-9.631782434607487,-0.2,0.4777777777777778
82,6,0.1,ILP-PA1,-10.053224497238793,0.06666666666666665,1.0
83,6,0.1,ILP-PA2,-7.329197341613442,0.7333333333333333,0.7222222222222223
84,6,0.2,ReverseLPA,-7.33032585499324,-0.6,1.0
85,6,0.2,ILP-PA1,-7.99975650893587,0.4666666666666666,0.22737395526522858
86,6,0.2,ILP-PA2,-8.446043611564289,0.4666666666666666,0.20331769404899414
87,6,0.3,ReverseLPA,-6.242590993058674,-0.2,0.20277777777777775
88,6,0.3,ILP-PA1,-8.382640656691068,0.6,0.4263903386923128
89,6,0.3,ILP-PA2,-6.8219929084264,0.6,1.0
90,6,0.4,ReverseLPA,-7.541046886308893,-0.3333333333333333,0.46296296296296297
91,6,0.4,ILP-PA1,-6.219291046326574,0.8666666666666666,0.16604989442399765
92,6,0.4,ILP-PA2,-3.259697819388456,0.06666666666666665,0.46666666666666673
93,6,0.5,ReverseLPA,-11.090354888959125,0.4666666666666666,0.24629629629629626
94,6,0.5,ILP-PA1,-5.545177444479562,-0.06666666666666665,0.49074074074074076
95,6,0.5,ILP-PA2,-6.238324625039508,0.6,0.1953846295023697
96,6,0.6,ReverseLPA,-7.751767917624546,-0.3333333333333333,0.49444444444444446
97,6,0.6,ILP-PA1,-3.3650583350462817,0.4666666666666666,0.4851851851851852
98,6,0.6,ILP-PA2,-6.219291046326574,0.3333333333333333,0.16740232778345937
99,6,0.7,ReverseLPA,-7.312615824874871,0.06666666666666665,0.4583333333333333
100,6,0.7,ILP-PA1,-8.293861657771814,-0.3333333333333333,0.19046654663779075
101,6,0.7,ILP-PA2,-9.363886489588012,0.7333333333333333,0.17536684433024677
102,6,0.8,ReverseLPA,-9.561761368135338,0.2,1.0
103,6,0.8,ILP-PA1,-1.1157177565710485,-0.3333333333333333,1.0
104,6,0.8,ILP-PA2,-2.0082919618278874,0.06666666666666665,0.3573728823213367
105,6,0.9,ReverseLPA,-10.685387591185751,0.2,1.0
106,6,0.9,ILP-PA1,-0.5268025782891315,-0.3333333333333333,1.0
107,6,0.9,ILP-PA2,-0.9482446409204366,0.06666666666666665,0.3573728823213367
108,6,0.1,ReverseLPA,-9.631782434607487,0.06666666666666665,0.48055555555555557
109,6,0.1,ILP-PA1,-7.329197341613442,0.2,0.4916666666666667
110,6,0.1,ILP-PA2,-7.329197341613442,0.2,0.4916666666666667
111,6,0.2,ReverseLPA,-8.93976376742734,0.3333333333333333,0.1962962962962963
112,6,0.2,ILP-PA1,-9.60919442136997,0.3333333333333333,0.2050498799711241
113,6,0.2,ILP-PA2,-5.05145728861651,-0.3333333333333333,1.0
114,6,0.3,ReverseLPA,-9.854509406036483,0.4666666666666666,0.19907407407407407
115,6,0.3,ILP-PA1,-9.007211545649279,-0.2,0.4583333333333333
116,6,0.3,ILP-PA2,-4.8158912173037445,-0.2,0.6231998199566862
117,6,0.4,ReverseLPA,-7.541046886308893,-0.06666666666666665,0.16666666666666666
118,6,0.4,ILP-PA1,-7.240942293858556,0.4666666666666666,0.17871796283570304
119,6,0.4,ILP-PA2,-7.240942293858555,0.7333333333333333,0.16297191962518082
120,6,0.5,ReverseLPA,-7.624618986159398,0.2,0.46296296296296297
121,6,0.5,ILP-PA1,-4.852030263919617,0.2,0.14903954898800337
122,6,0.5,ILP-PA2,-8.317766166719343,0.2,0.14903954898800337
123,6,0.6,ReverseLPA,-9.284244788922518,0.3333333333333333,0.4694444444444444
124,6,0.6,ILP-PA1,-2.4487676031721275,-0.4666666666666666,0.4694444444444444
125,6,0.6,ILP-PA2,-5.813825938218409,0.3333333333333333,0.1573728823213367
126,6,0.7,ReverseLPA,-7.669290768813603,-0.3333333333333333,0.49074074074074076
127,6,0.7,ILP-PA1,-6.955940880936138,0.2,0.1851851851851852
128,6,0.7,ILP-PA2,-10.077236377465475,0.6,0.21296296296296294
129,6,0.8,ReverseLPA,-9.115474265506919,-0.06666666666666665,0.7555555555555555
130,6,0.8,ILP-PA1,-2.5020121176909393,-0.4666666666666666,1.0
131,6,0.8,ILP-PA2,-5.8965984406387175,0.3333333333333333,0.17797191962518083
132,6,0.9,ReverseLPA,-10.4746665598701,0.06666666666666665,0.48055555555555557
133,6,0.9,ILP-PA1,-5.658775342566354,0.6,0.15334941513868708
134,6,0.9,ILP-PA2,-5.658775342566354,0.6,0.17218841602967352
135,6,0.1,ReverseLPA,-9.631782434607487,-0.4666666666666666,0.4583333333333333
136,6,0.1,ILP-PA1,-7.539918372929094,0.2,0.7222222222222223
137,6,0.1,ILP-PA2,-9.737142950265314,-0.2,0.7222222222222222
138,6,0.2,ReverseLPA,-7.33032585499324,0.2,0.4694444444444444
139,6,0.2,ILP-PA1,-8.669187162878499,0.2,0.2347236720256461
140,6,0.2,ILP-PA2,-6.836605699130189,0.3333333333333333,0.46666666666666673
141,6,0.3,ReverseLPA,-7.44656379738461,-0.2,0.4583333333333333
142,6,0.3,ILP-PA1,-1.917322692203401,-0.06666666666666665,0.2240740740740741
143,6,0.3,ILP-PA2,-1.917322692203401,0.3333333333333333,0.14228388143035023
144,6,0.4,ReverseLPA,-8.457337618183047,0.4666666666666666,0.1962962962962963
145,6,0.4,ILP-PA1,-9.98981448948102,0.3333333333333333,0.2435185185185185
146,6,0.4,ILP-PA2,-9.47898886571503,0.4666666666666666,0.21018518518518517
147,6,0.5,ReverseLPA,-6.931471805599453,-0.06666666666666665,0.22499999999999998
148,6,0.5,ILP-PA1,-7.624618986159398,0.2,0.17502316556091915
149,6,0.5,ILP-PA2,-4.1588830833596715,0.8666666666666666,0.14243773949903288
150,6,0.6,ReverseLPA,-8.262593541390537,-0.2,0.48333333333333334
151,6,0.6,ILP-PA1,-3.3650583350462817,0.6,0.21018518518518517
152,6,0.6,ILP-PA2,-6.6247561544347375,-0.6,0.4916666666666667
153,6,0.7,ReverseLPA,-7.312615824874871,0.06666666666666665,0.20555555555555557
154,6,0.7,ILP-PA1,-3.1212954965293367,0.3333333333333333,0.45555555555555555
155,6,0.7,ILP-PA2,-10.211184349975213,0.3333333333333333,0.16106767959612056
156,6,0.8,ReverseLPA,-9.338617816821127,-0.06666666666666665,0.7555555555555555
157,6,0.8,ILP-PA1,-3.394586322947778,-0.7333333333333333,0.7555555555555555
158,6,0.8,ILP-PA2,-4.064016976890407,0.4666666666666666,0.14816365483868427
159,6,0.9,ReverseLPA,-10.580027075527926,0.06666666666666665,0.24629629629629626
160,6,0.9,ILP-PA1,-0.5268025782891315,-0.4666666666666666,0.49074074074074076
161,6,0.9,ILP-PA2,-3.1454692182566566,0.8666666666666666,0.17403954898800336
162,6,0.1,ReverseLPA,-9.631782434607487,-0.6,0.20277777777777775
163,6,0.1,ILP-PA1,-9.84250346592314,0.3333333333333333,0.23361648662335277
164,6,0.1,ILP-PA2,-9.737142950265314,0.06666666666666665,0.4583333333333333
165,6,0.2,ReverseLPA,-8.93976376742734,-0.3333333333333333,1.0
166,6,0.2,ILP-PA1,-7.776612957621659,0.06666666666666665,0.1729613329569329
167,6,0.2,ILP-PA2,-5.497744391244931,0.9999999999999999,0.1871154281323345
168,6,0.3,ReverseLPA,-7.446563797384611,0.2,0.23796296296296296
169,6,0.3,ILP-PA1,-6.955940880936139,-0.4666666666666666,0.6111716893485689
170,6,0.3,ILP-PA2,-5.0386181887327375,-0.06666666666666665,0.4777777777777778
171,6,0.4,ReverseLPA,-9.373628350057203,0.7333333333333333,0.19907407407407407
172,6,0.4,ILP-PA1,-9.884453973823192,-0.3333333333333333,0.3474342300147795
173,6,0.4,ILP-PA2,-8.457337618183049,0.06666666666666665,1.0
174,6,0.5,ReverseLPA,-8.317766166719343,-0.2,0.4583333333333333
175,6,0.5,ILP-PA1,-3.4657359027997265,-0.6,0.1821332133044574
176,6,0.5,ILP-PA2,-8.317766166719343,-0.2,0.2074074074074074
177,6,0.6,ReverseLPA,-7.240942293858555,-0.3333333333333333,0.75
178,6,0.6,ILP-PA1,-2.854232711280291,-0.06666666666666665,0.2074074074074074
179,6,0.6,ILP-PA2,-7.135581778200728,0.3333333333333333,0.1962962962962963
180,6,0.7,ReverseLPA,-8.025965712752335,0.06666666666666665,0.24629629629629626
181,6,0.7,ILP-PA1,-3.477970440468069,0.06666666666666665,0.736111111111111
182,6,0.7,ILP-PA2,-6.8219929084264,-0.4666666666666666,0.4768518518518518
183,6,0.8,ReverseLPA,-9.338617816821127,-0.2,1.0
184,6,0.8,ILP-PA1,-3.394586322947778,-0.2,1.0
185,6,0.8,ILP-PA2,-3.394586322947778,-0.3333333333333333,1.0
186,6,0.9,ReverseLPA,-10.4746665598701,0.3333333333333333,0.5055555555555555
187,6,0.9,ILP-PA1,-2.7240271556253512,-0.2,0.75
188,6,0.9,ILP-PA2,-5.869496373882007,0.6,0.5055555555555555
189,6,0.1,ReverseLPA,-9.631782434607487,-0.6,0.46666666666666673
190,6,0.1,ILP-PA1,-10.053224497238793,0.4666666666666666,0.21325502268190222
191,6,0.1,ILP-PA2,-7.434557857271269,0.06666666666666665,0.736111111111111
192,6,0.2,ReverseLPA,-8.93976376742734,-0.4666666666666666,0.2111111111111111
193,6,0.2,ILP-PA1,-4.3345935814392496,-0.06666666666666665,0.17871796283570304
194,6,0.2,ILP-PA2,-2.2788685663767296,-0.06666666666666665,0.1953846295023697
195,6,0.3,ReverseLPA,-7.44656379738461,-0.6,0.48888888888888893
196,6,0.3,ILP-PA1,-8.87326357313954,-0.2,0.20122689207378502
197,6,0.3,ILP-PA2,-3.834645384406802,0.3333333333333333,0.16602661250850997
198,6,0.4,ReverseLPA,-6.6247561544347375,-0.2,0.47222222222222227
199,6,0.4,ILP-PA1,-6.219291046326574,-0.2,0.75
200,6,0.4,ILP-PA2,-7.646407401966719,0.2,0.46296296296296297
201,6,0.5,ReverseLPA,-6.931471805599453,-0.2,0.4666666666666666
202,6,0.5,ILP-PA1,-7.624618986159398,-0.2,0.1963682460752855
203,6,0.5,ILP-PA2,-6.931471805599452,0.3333333333333333,0.15835649889425246
204,6,0.6,ReverseLPA,-8.262593541390537,-0.06666666666666665,0.4694444444444444
205,6,0.6,ILP-PA1,-3.9812444744701,-0.06666666666666665,0.4768518518518518
206,6,0.6,ILP-PA2,-6.6247561544347375,-0.2,0.736111111111111
207,6,0.7,ReverseLPA,-8.739315600629801,-0.2,0.75
208,6,0.7,ILP-PA1,-4.904670216222999,-0.3333333333333333,0.18421654663779072
209,6,0.7,ILP-PA2,-3.477970440468069,0.2,0.75
210,6,0.8,ReverseLPA,-9.338617816821127,-0.06666666666666665,0.7555555555555555
211,6,0.8,ILP-PA1,-4.064016976890407,0.2,0.7444444444444445
212,6,0.8,ILP-PA2,-2.5020121176909393,0.4666666666666666,0.7555555555555555
213,6,0.9,ReverseLPA,-10.4746665598701,0.06666666666666665,0.48055555555555557
214,6,0.9,ILP-PA1,-2.7240271556253512,0.06666666666666665,0.5055555555555555
215,6,0.9,ILP-PA2,-0.5268025782891315,0.2,0.736111111111111
216,6,0.1,ReverseLPA,-9.631782434607487,-0.6,0.7222222222222222
217,6,0.1,ILP-PA1,-9.737142950265314,0.4666666666666666,0.20277777777777775
218,6,0.1,ILP-PA2,-7.539918372929094,0.2,0.7222222222222223
219,6,0.2,ReverseLPA,-7.33032585499324,-0.3333333333333333,0.736111111111111
220,6,0.2,ILP-PA1,-5.94403149387335,0.9999999999999999,0.7333333333333334
221,6,0.2,ILP-PA2,-7.99975650893587,0.3333333333333333,0.17777777777777778
222,6,0.3,ReverseLPA,-7.44656379738461,0.06666666666666665,0.18055555555555555
223,6,0.3,ILP-PA1,-1.917322692203401,-0.6,0.22962962962962963
224,6,0.3,ILP-PA2,-2.2739976361421332,-0.06666666666666665,0.20100678213383494
225,6,0.4,ReverseLPA,-6.6247561544347375,-0.6,1.0
226,6,0.4,ILP-PA1,-6.730116670092565,0.3333333333333333,0.23102887475086226
227,6,0.4,ILP-PA2,-7.240942293858556,0.4666666666666666,0.19400074414274499
228,6,0.5,ReverseLPA,-6.931471805599452,-0.4666666666666666,0.1851851851851852
229,6,0.5,ILP-PA1,-6.238324625039508,0.4666666666666666,0.4444444444444445
230,6,0.5,ILP-PA2,-5.545177444479561,-0.3333333333333333,0.5027777777777778
231,6,0.6,ReverseLPA,-7.751767917624546,0.4666666666666666,0.4444444444444444
232,6,0.6,ILP-PA1,-2.854232711280291,-0.3333333333333333,0.48333333333333334
233,6,0.6,ILP-PA2,-8.562698133840874,0.3333333333333333,0.4694444444444444
234,6,0.7,ReverseLPA,-7.312615824874871,-0.06666666666666665,0.1851851851851852
235,6,0.7,ILP-PA1,-9.007211545649277,0.4666666666666666,0.16668983222758582
236,6,0.7,ILP-PA2,-9.720561433526742,0.2,0.21018518518518517
237,6,0.8,ReverseLPA,-8.446043611564289,-0.3333333333333333,0.4851851851851852
238,6,0.8,ILP-PA1,-3.88830647881083,0.3333333333333333,0.47407407407407404
239,6,0.8,ILP-PA2,-5.274600839930721,-0.06666666666666665,0.2212962962962963
240,6,0.9,ReverseLPA,-10.580027075527926,-0.06666666666666665,0.7555555555555555
241,6,0.9,ILP-PA1,-3.461550765230135,0.06666666666666665,0.20296654663779073
242,6,0.9,ILP-PA2,-3.1454692182566566,-0.4666666666666666,0.7555555555555555
243,6,0.1,ReverseLPA,-9.631782434607487,-0.6,0.4444444444444444
244,6,0.1,ILP-PA1,-10.053224497238793,0.2,0.18919876146566783
245,6,0.1,ILP-PA2,-7.434557857271269,-0.3333333333333333,0.4583333333333333
246,6,0.2,ReverseLPA,-8.93976376742734,-0.6,0.7444444444444445
247,6,0.2,ILP-PA1,-3.6651629274966204,0.8666666666666666,0.16290460567828716
248,6,0.2,ILP-PA2,-9.38605087005576,-0.4666666666666666,1.0
249,6,0.3,ReverseLPA,-7.44656379738461,-0.3333333333333333,0.48333333333333334
250,6,0.3,ILP-PA1,-5.885916049119942,-0.06666666666666665,0.19168983222758582
251,6,0.3,ILP-PA2,-4.3252683008552735,0.06666666666666665,0.3387269106521933
252,6,0.4,ReverseLPA,-6.6247561544347375,0.06666666666666665,0.22685185185185186
253,6,0.4,ILP-PA1,-7.646407401966719,0.4666666666666666,0.4694444444444444
254,6,0.4,ILP-PA2,-7.240942293858556,0.3333333333333333,0.24502423850481103
255,6,0.5,ReverseLPA,-7.624618986159398,-0.3333333333333333,0.75
256,6,0.5,ILP-PA1,-8.317766166719343,0.7333333333333333,0.17807802503211484
257,6,0.5,ILP-PA2,-2.772588722239781,-0.06666666666666665,0.21851851851851853
258,6,0.6,ReverseLPA,-8.773419165156527,-0.2,0.1851851851851852
259,6,0.6,ILP-PA1,-4.897535206344255,0.06666666666666665,0.49074074074074076
260,6,0.6,ILP-PA2,-4.897535206344255,0.06666666666666665,0.49074074074074076
261,6,0.7,ReverseLPA,-9.095990544568533,0.06666666666666665,0.7444444444444445
262,6,0.7,ILP-PA1,-3.700697411897063,0.06666666666666665,0.7444444444444445
263,6,0.7,ILP-PA2,-3.700697411897063,0.06666666666666665,0.7444444444444445
264,6,0.8,ReverseLPA,-8.669187162878499,-0.3333333333333333,0.2074074074074074
265,6,0.8,ILP-PA1,-7.059749250444399,0.9999999999999999,0.16546654663779073
266,6,0.8,ILP-PA2,-4.780880684067669,0.2,0.219976892073785
267,6,0.9,ReverseLPA,-10.4746665598701,-0.2,0.7444444444444445
268,6,0.9,ILP-PA1,-4.92125173296157,0.3333333333333333,0.7555555555555555
269,6,0.9,ILP-PA2,-2.7240271556253512,-0.06666666666666665,1.0
270,6,0.1,ReverseLPA,-9.631782434607487,-0.2,0.18055555555555555
271,6,0.1,ILP-PA1,-7.7506394042447475,0.4666666666666666,0.4111716893485689
272,6,0.1,ILP-PA2,-7.434557857271269,0.2,0.4916666666666667
273,6,0.2,ReverseLPA,-12.15863959229554,-0.2,0.47407407407407404
274,6,0.2,ILP-PA1,-7.330325854993241,0.6,0.17807802503211484
275,6,0.2,ILP-PA2,-7.33032585499324,0.6,0.47222222222222215
276,6,0.3,ReverseLPA,-6.242590993058674,-0.3333333333333333,0.7222222222222222
277,6,0.3,ILP-PA1,-7.312615824874871,0.3333333333333333,0.45555555555555555
278,6,0.3,ILP-PA2,-8.382640656691068,0.6,0.21608977221314785
279,6,0.4,ReverseLPA,-9.373628350057203,-0.2,0.2240740740740741
280,6,0.4,ILP-PA1,-2.3434070875143007,0.06666666666666665,0.2574074074074074
281,6,0.4,ILP-PA2,-8.457337618183049,0.6,0.48055555555555557
282,6,0.5,ReverseLPA,-9.010913347279288,-0.4666666666666666,1.0
283,6,0.5,ILP-PA1,-6.238324625039508,0.06666666666666665,0.15835649889425246
284,6,0.5,ILP-PA2,-9.704060527839234,0.4666666666666666,0.4583333333333333
285,6,0.6,ReverseLPA,-7.751767917624546,0.2,0.1962962962962963
286,6,0.6,ILP-PA1,-7.6464074019667185,0.6,0.14903954898800337
287,6,0.6,ILP-PA2,-2.854232711280291,-0.7333333333333333,0.5055555555555555
288,6,0.7,ReverseLPA,-8.382640656691068,-0.6,1.0
289,6,0.7,ILP-PA1,-4.325268300855273,-0.06666666666666665,0.19927174936300684
290,6,0.7,ILP-PA2,-6.599265936997406,0.3333333333333333,0.1573728823213367
291,6,0.8,ReverseLPA,-8.446043611564289,-0.06666666666666665,0.7222222222222223
292,6,0.8,ILP-PA1,-3.394586322947778,0.6,0.1851851851851852
293,6,0.8,ILP-PA2,-4.557737132753459,0.6,0.19010615564023203
294,6,0.9,ReverseLPA,-10.580027075527926,0.06666666666666665,0.5055555555555555
295,6,0.9,ILP-PA1,-3.4615507652301356,0.6,0.16570621565467003
296,6,0.9,ILP-PA2,-3.4615507652301356,0.6,0.16570621565467003
297,6,0.1,ReverseLPA,-9.631782434607487,-0.4666666666666666,0.7555555555555555
298,6,0.1,ILP-PA1,-7.434557857271268,0.2,0.19999999999999998
299,6,0.1,ILP-PA2,-7.539918372929094,0.8666666666666666,0.19203351099691346
300,6,0.2,ReverseLPA,-7.33032585499324,-0.2,0.4777777777777778
301,6,0.2,ILP-PA1,-8.22290006025008,0.06666666666666665,1.0
302,6,0.2,ILP-PA2,-5.72088794255914,0.7333333333333333,0.7222222222222223
303,6,0.3,ReverseLPA,-8.650536601710547,-0.3333333333333333,0.75
304,6,0.3,ILP-PA1,-7.44656379738461,0.9999999999999999,0.17252711016478092
305,6,0.3,ILP-PA2,-9.007211545649279,0.4666666666666666,0.18803491274195214
306,6,0.4,ReverseLPA,-7.541046886308893,0.06666666666666665,0.2324074074074074
307,6,0.4,ILP-PA1,-6.219291046326573,0.06666666666666665,1.0
308,6,0.4,ILP-PA2,-2.3434070875143007,-0.06666666666666665,0.7777777777777777
309,6,0.5,ReverseLPA,-8.317766166719343,-0.6,0.2435185185185185
310,6,0.5,ILP-PA1,-6.238324625039508,0.6,0.14903954898800337
311,6,0.5,ILP-PA2,-3.4657359027997265,0.06666666666666665,0.2435185185185185
312,6,0.6,ReverseLPA,-8.262593541390537,0.06666666666666665,0.1962962962962963
313,6,0.6,ILP-PA1,-5.813825938218409,-0.4666666666666666,0.21666666666666667
314,6,0.6,ILP-PA2,-5.813825938218409,-0.4666666666666666,0.21666666666666667
315,6,0.7,ReverseLPA,-8.382640656691068,-0.3333333333333333,0.46296296296296297
316,6,0.7,ILP-PA1,-5.751968076610202,-0.06666666666666665,0.16570621565467003
317,6,0.7,ILP-PA2,-4.5479952722842665,0.06666666666666665,0.7407407407407408
318,6,0.8,ReverseLPA,-9.115474265506919,-0.2,0.49074074074074076
319,6,0.8,ILP-PA1,-2.5020121176909393,0.06666666666666665,0.1962962962962963
320,6,0.8,ILP-PA2,-2.5020121176909393,0.2,0.2240740740740741
321,6,0.9,ReverseLPA,-10.369306044212273,-0.3333333333333333,0.4583333333333333
322,6,0.9,ILP-PA1,-4.92125173296157,0.4666666666666666,0.48333333333333334
323,6,0.9,ILP-PA2,-7.539918372929096,0.3333333333333333,0.14903954898800337
324,6,0.1,ReverseLPA,-9.631782434607487,-0.2,1.0
325,6,0.1,ILP-PA1,-7.434557857271268,-0.06666666666666665,1.0
326,6,0.1,ILP-PA2,-7.434557857271268,-0.06666666666666665,1.0
327,6,0.2,ReverseLPA,-8.93976376742734,-0.06666666666666665,0.4694444444444444
328,6,0.2,ILP-PA1,-2.05572501506252,-0.4666666666666666,0.18677174936300686
329,6,0.2,ILP-PA2,-4.11145003012504,0.3333333333333333,0.1564041080220162
330,6,0.3,ReverseLPA,-6.242590993058674,-0.3333333333333333,0.4583333333333333
331,6,0.3,ILP-PA1,-7.669290768813603,0.7333333333333333,0.41950502268190226
332,6,0.3,ILP-PA2,-6.955940880936139,0.6,0.18888888888888888
333,6,0.4,ReverseLPA,-8.457337618183047,0.4666666666666666,0.19444444444444442
334,6,0.4,ILP-PA1,-5.197639798794592,0.4666666666666666,0.19572830827169735
335,6,0.4,ILP-PA2,-5.303000314452419,0.06666666666666665,0.20100678213383494
336,6,0.5,ReverseLPA,-11.090354888959125,-0.2,1.0
337,6,0.5,ILP-PA1,-3.4657359027997265,-0.3333333333333333,1.0
338,6,0.5,ILP-PA2,-3.4657359027997265,0.4666666666666666,0.49444444444444446
339,6,0.6,ReverseLPA,-7.751767917624546,0.2,0.23518518518518516
340,6,0.6,ILP-PA1,-7.646407401966719,-0.06666666666666665,0.21303491274195216
341,6,0.6,ILP-PA2,-5.708465422560583,-0.2,0.20100678213383494
342,6,0.7,ReverseLPA,-8.382640656691068,-0.3333333333333333,0.23518518518518516
343,6,0.7,ILP-PA1,-8.382640656691068,-0.2,0.2047015794086188
344,6,0.7,ILP-PA2,-7.669290768813603,-0.8666666666666666,0.23518518518518516
345,6,0.8,ReverseLPA,-8.446043611564289,-0.06666666666666665,0.49074074074074076
346,6,0.8,ILP-PA1,-9.60919442136997,-0.4666666666666666,0.1797015794086188
347,6,0.8,ILP-PA2,-6.660895201050612,-0.4666666666666666,0.2240740740740741
348,6,0.9,ReverseLPA,-10.369306044212273,-0.2,0.7333333333333334
349,6,0.9,ILP-PA1,-8.066720951218226,0.3333333333333333,0.15561721476368356
350,6,0.9,ILP-PA2,-2.7240271556253512,0.2,0.48333333333333334
351,6,0.1,ReverseLPA,-9.631782434607487,-0.4666666666666666,0.46666666666666673
352,6,0.1,ILP-PA1,-9.737142950265314,0.2,0.20277777777777775
353,6,0.1,ILP-PA2,-9.737142950265314,0.2,0.20277777777777775
354,6,0.2,ReverseLPA,-7.33032585499324,-0.6,1.0
355,6,0.2,ILP-PA1,-7.77661295762166,-0.06666666666666665,0.46636931901917733
356,6,0.2,ILP-PA2,-7.55346940630745,-0.2,0.7222222222222222
357,6,0.3,ReverseLPA,-7.446563797384611,-0.6,0.1962962962962963
358,6,0.3,ILP-PA1,-8.159913685262074,0.2,0.7333333333333334
359,6,0.3,ILP-PA2,-4.681943244794006,0.3333333333333333,0.21762596522828295
360,6,0.4,ReverseLPA,-5.708465422560582,-0.3333333333333333,0.736111111111111
361,6,0.4,ILP-PA1,-6.219291046326574,0.2,0.4694444444444444
362,6,0.4,ILP-PA2,-5.303000314452419,0.9999999999999999,0.4583333333333333
363,6,0.5,ReverseLPA,-9.010913347279288,-0.3333333333333333,0.46296296296296297
364,6,0.5,ILP-PA1,-8.317766166719343,-0.06666666666666665,0.24629629629629626
365,6,0.5,ILP-PA2,-9.704060527839234,0.4666666666666666,0.16668983222758582
366,6,0.6,ReverseLPA,-7.751767917624546,-0.4666666666666666,0.48333333333333334
367,6,0.6,ILP-PA1,-3.3650583350462817,0.2,0.4962962962962963
368,6,0.6,ILP-PA2,-8.562698133840874,-0.06666666666666665,0.2047015794086188
369,6,0.7,ReverseLPA,-8.739315600629801,-0.2,1.0
370,6,0.7,ILP-PA1,-5.127397187651993,0.7333333333333333,0.49444444444444446
371,6,0.7,ILP-PA2,-3.700697411897063,0.6,0.1963682460752855
372,6,0.8,ReverseLPA,-8.446043611564289,-0.4666666666666666,0.736111111111111
373,6,0.8,ILP-PA1,-9.60919442136997,-0.06666666666666665,0.18803491274195214
374,6,0.8,ILP-PA2,-5.274600839930721,-0.2,0.75
375,6,0.9,ReverseLPA,-10.580027075527926,0.06666666666666665,0.5055555555555555
376,6,0.9,ILP-PA1,-0.5268025782891315,-0.4666666666666666,0.75
377,6,0.9,ILP-PA2,-3.4615507652301356,0.3333333333333333,0.75
378,6,0.1,ReverseLPA,-9.631782434607487,0.2,0.48055555555555557
379,6,0.1,ILP-PA1,-10.263945528554444,-0.06666666666666665,0.4263903386923128
380,6,0.1,ILP-PA2,-7.8559999199025725,0.4666666666666666,0.7222222222222222
381,6,0.2,ReverseLPA,-7.33032585499324,-0.6,0.7222222222222222
382,6,0.2,ILP-PA1,-7.99975650893587,0.2,0.22831769404899416
383,6,0.2,ILP-PA2,-8.446043611564289,0.3333333333333333,0.25237395526522854
384,6,0.3,ReverseLPA,-9.854509406036483,0.4666666666666666,0.16666666666666666
385,6,0.3,ILP-PA1,-6.599265936997407,0.3333333333333333,0.22171654663779075
386,6,0.3,ILP-PA2,-1.917322692203401,-0.2,0.21018518518518517
387,6,0.4,ReverseLPA,-6.6247561544347375,0.3333333333333333,0.4444444444444444
388,6,0.4,ILP-PA1,-4.386709582578264,-0.3333333333333333,0.23936220808419556
389,6,0.4,ILP-PA2,-6.83547718575039,0.4666666666666666,0.23004987997112405
390,6,0.5,ReverseLPA,-8.317766166719343,-0.3333333333333333,0.4768518518518518
391,6,0.5,ILP-PA1,-8.317766166719343,0.2,0.17044876146566781
392,6,0.5,ILP-PA2,-9.704060527839234,-0.6,0.19907407407407407
393,6,0.6,ReverseLPA,-7.240942293858555,0.4666666666666666,0.1851851851851852
394,6,0.6,ILP-PA1,-6.730116670092565,0.8666666666666666,0.18086542813233447
395,6,0.6,ILP-PA2,-9.98981448948102,0.3333333333333333,0.17218841602967352
396,6,0.7,ReverseLPA,-9.095990544568533,0.06666666666666665,0.48055555555555557
397,6,0.7,ILP-PA1,-2.6306725800808657,-0.2,0.4916666666666667
398,6,0.7,ILP-PA2,-4.904670216222999,0.7333333333333333,0.1573728823213367
399,6,0.8,ReverseLPA,-9.115474265506919,-0.2,1.0
400,6,0.8,ILP-PA1,-5.450311338010298,0.3333333333333333,0.49444444444444446
401,6,0.8,ILP-PA2,-3.394586322947778,-0.3333333333333333,0.20296654663779073
402,6,0.9,ReverseLPA,-10.369306044212273,0.06666666666666665,0.24629629629629626
403,6,0.9,ILP-PA1,-5.342693795592876,0.3333333333333333,0.2324074074074074
404,6,0.9,ILP-PA2,-4.92125173296157,0.4666666666666666,0.24629629629629626
405,6,0.1,ReverseLPA,-9.631782434607487,-0.6,0.46666666666666673
406,6,0.1,ILP-PA1,-7.434557857271268,0.2,0.48055555555555557
407,6,0.1,ILP-PA2,-7.434557857271268,0.2,0.48055555555555557
408,6,0.2,ReverseLPA,-7.33032585499324,-0.4666666666666666,1.0
409,6,0.2,ILP-PA1,-8.669187162878499,0.6,0.19203351099691346
410,6,0.2,ILP-PA2,-6.3903185965017695,-0.2,0.7222222222222222
411,6,0.3,ReverseLPA,-6.242590993058674,0.06666666666666665,0.20277777777777775
412,6,0.3,ILP-PA1,-7.312615824874871,0.4666666666666666,0.48055555555555557
413,6,0.3,ILP-PA2,-8.382640656691068,-0.06666666666666665,0.4263903386923128
414,6,0.4,ReverseLPA,-7.541046886308893,-0.2,0.7444444444444445
415,6,0.4,ILP-PA1,-7.135581778200729,0.4666666666666666,0.16740232778345937
416,6,0.4,ILP-PA2,-8.051872510074883,0.8666666666666666,0.2212962962962963
417,6,0.5,ReverseLPA,-6.238324625039508,-0.4666666666666666,0.7444444444444445
418,6,0.5,ILP-PA1,-9.704060527839234,0.4666666666666666,0.19289355874045172
419,6,0.5,ILP-PA2,-2.0794415416798357,-0.2,0.19444444444444442
420,6,0.6,ReverseLPA,-8.262593541390537,-0.2,0.23518518518518516
421,6,0.6,ILP-PA1,-8.15723302573271,0.8666666666666666,0.1534384160296735
422,6,0.6,ILP-PA2,-3.3650583350462817,-0.3333333333333333,0.1851851851851852
423,6,0.7,ReverseLPA,-8.382640656691068,-0.4666666666666666,0.48055555555555557
424,6,0.7,ILP-PA1,-4.904670216222999,0.3333333333333333,0.17878209479900115
425,6,0.7,ILP-PA2,-4.904670216222999,0.3333333333333333,0.17878209479900115
426,6,0.8,ReverseLPA,-9.115474265506919,0.4666666666666666,0.2212962962962963
427,6,0.8,ILP-PA1,-2.5020121176909393,-0.4666666666666666,0.2324074074074074
428,6,0.8,ILP-PA2,-2.5020121176909393,-0.3333333333333333,0.2324074074074074
429,6,0.9,ReverseLPA,-10.580027075527926,-0.2,1.0
430,6,0.9,ILP-PA1,-3.672271796545788,-0.06666666666666665,0.21129987997112407
431,6,0.9,ILP-PA2,-3.672271796545788,-0.06666666666666665,0.21129987997112407
432,6,0.1,ReverseLPA,-11.934367527601532,0.3333333333333333,0.21296296296296294
433,6,0.1,ILP-PA1,-9.737142950265312,0.3333333333333333,0.16666666666666666
434,6,0.1,ILP-PA2,-4.605170185988091,-0.06666666666666665,0.736111111111111
435,6,0.2,ReverseLPA,-7.33032585499324,-0.4666666666666666,1.0
436,6,0.2,ILP-PA1,-8.669187162878499,0.7333333333333333,1.0
437,6,0.2,ILP-PA2,-8.669187162878499,0.3333333333333333,1.0
438,6,0.3,ReverseLPA,-6.242590993058674,-0.3333333333333333,0.46666666666666673
439,6,0.3,ILP-PA1,-4.681943244794006,0.06666666666666665,0.4444444444444445
440,6,0.3,ILP-PA2,-3.834645384406802,0.7333333333333333,0.1357710728323662
441,6,0.4,ReverseLPA,-5.708465422560582,-0.6,0.20277777777777775
442,6,0.4,ILP-PA1,-5.303000314452419,0.06666666666666665,0.48055555555555557
443,6,0.4,ILP-PA2,-5.303000314452419,0.06666666666666665,0.48055555555555557
444,6,0.5,ReverseLPA,-8.317766166719343,-0.06666666666666665,0.1962962962962963
445,6,0.5,ILP-PA1,-2.772588722239781,-0.2,0.2240740740740741
446,6,0.5,ILP-PA2,-5.545177444479562,-0.4666666666666666,0.4694444444444444
447,6,0.6,ReverseLPA,-8.262593541390537,0.06666666666666665,0.49074074074074076
448,6,0.6,ILP-PA1,-8.15723302573271,-0.2,0.21851851851851853
449,6,0.6,ILP-PA2,-6.83547718575039,-0.06666666666666665,0.19999999999999998
450,6,0.7,ReverseLPA,-8.382640656691068,-0.3333333333333333,0.23518518518518516
451,6,0.7,ILP-PA1,-8.382640656691068,-0.2,0.2047015794086188
452,6,0.7,ILP-PA2,-7.669290768813603,-0.8666666666666666,0.23518518518518516
453,6,0.8,ReverseLPA,-8.669187162878499,0.3333333333333333,0.48333333333333334
454,6,0.8,ILP-PA1,-3.88830647881083,0.2,0.5055555555555555
455,6,0.8,ILP-PA2,-7.553469406307451,-0.4666666666666666,0.47222222222222215
456,6,0.9,ReverseLPA,-10.4746665598701,-0.2,1.0
457,6,0.9,ILP-PA1,-4.92125173296157,-0.4666666666666666,1.0
458,6,0.9,ILP-PA2,-3.04010870259883,0.2,0.3250160818053537
459,6,0.1,ReverseLPA,-9.631782434607487,-0.4666666666666666,0.4777777777777778
460,6,0.1,ILP-PA1,-9.737142950265314,-0.3333333333333333,1.0
461,6,0.1,ILP-PA2,-7.539918372929094,0.8666666666666666,0.7222222222222223
462,6,0.2,ReverseLPA,-8.93976376742734,-0.6,0.7444444444444445
463,6,0.2,ILP-PA1,-7.33032585499324,0.8666666666666666,0.212394974938364
464,6,0.2,ILP-PA2,-7.99975650893587,0.6,0.2712962962962963
465,6,0.3,ReverseLPA,-8.650536601710547,-0.3333333333333333,0.5185185185185185
466,6,0.3,ILP-PA1,-10.077236377465477,0.3333333333333333,0.4694444444444444
467,6,0.3,ILP-PA2,-6.599265936997407,0.6,0.49722222222222223
468,6,0.4,ReverseLPA,-8.457337618183047,-0.06666666666666665,0.22777777777777775
469,6,0.4,ILP-PA1,-3.365058335046282,0.06666666666666665,0.5055555555555555
470,6,0.4,ILP-PA2,-5.303000314452419,-0.06666666666666665,0.20088321330445738
471,6,0.5,ReverseLPA,-9.010913347279288,-0.06666666666666665,0.23518518518518516
472,6,0.5,ILP-PA1,-8.317766166719343,0.06666666666666665,0.21851851851851853
473,6,0.5,ILP-PA2,-3.4657359027997265,-0.4666666666666666,0.1851851851851852
474,6,0.6,ReverseLPA,-6.730116670092565,0.06666666666666665,0.2435185185185185
475,6,0.6,ILP-PA1,-2.959593226938118,-0.3333333333333333,1.0
476,6,0.6,ILP-PA2,-7.030221262542902,0.4666666666666666,0.763888888888889
477,6,0.7,ReverseLPA,-8.025965712752335,0.7333333333333333,0.1962962962962963
478,6,0.7,ILP-PA1,-2.2739976361421332,-0.4666666666666666,0.1534384160296735
479,6,0.7,ILP-PA2,-3.477970440468069,-0.4666666666666666,0.2324074074074074
480,6,0.8,ReverseLPA,-9.338617816821127,-0.06666666666666665,0.7555555555555555
481,6,0.8,ILP-PA1,-3.394586322947778,-0.7333333333333333,0.7555555555555555
482,6,0.8,ILP-PA2,-4.064016976890407,0.4666666666666666,0.14816365483868427
483,6,0.9,ReverseLPA,-10.4746665598701,-0.2,0.75
484,6,0.9,ILP-PA1,-3.1454692182566566,-0.3333333333333333,0.7555555555555555
485,6,0.9,ILP-PA2,-3.1454692182566566,-0.3333333333333333,0.7555555555555555
486,6,0.1,ReverseLPA,-11.934367527601532,-0.06666666666666665,0.2518518518518518
487,6,0.1,ILP-PA1,-9.84250346592314,-0.06666666666666665,0.4252831532900194
488,6,0.1,ILP-PA2,-10.053224497238793,0.6,0.18055555555555555
489,6,0.2,ReverseLPA,-8.93976376742734,-0.06666666666666665,0.2518518518518518
490,6,0.2,ILP-PA1,-7.77661295762166,-0.06666666666666665,0.4252831532900194
491,6,0.2,ILP-PA2,-8.22290006025008,0.6,0.18055555555555555
492,6,0.3,ReverseLPA,-7.44656379738461,0.2,0.19444444444444442
493,6,0.3,ILP-PA1,-5.0386181887327375,0.3333333333333333,0.23008513596709662
494,6,0.3,ILP-PA2,-6.955940880936138,0.7333333333333333,0.17807802503211484
495,6,0.4,ReverseLPA,-6.6247561544347375,-0.2,0.1851851851851852
496,6,0.4,ILP-PA1,-2.3434070875143007,-0.06666666666666665,1.0
497,6,0.4,ILP-PA2,-5.197639798794592,0.3333333333333333,0.18055555555555555
498,6,0.5,ReverseLPA,-7.624618986159398,-0.2,0.4583333333333333
499,6,0.5,ILP-PA1,-8.317766166719343,-0.06666666666666665,0.49444444444444446
500,6,0.5,ILP-PA2,-6.238324625039508,0.2,0.17427174936300685
501,6,0.6,ReverseLPA,-8.262593541390537,-0.3333333333333333,0.2240740740740741
502,6,0.6,ILP-PA1,-3.3650583350462817,0.2,0.7407407407407408
503,6,0.6,ILP-PA2,-3.3650583350462817,-0.4666666666666666,0.3842165466377907
504,6,0.7,ReverseLPA,-8.739315600629801,-0.06666666666666665,0.49074074074074076
505,6,0.7,ILP-PA1,-4.904670216222999,-0.06666666666666665,0.4962962962962963
506,6,0.7,ILP-PA2,-6.8219929084264,0.06666666666666665,0.4962962962962963
507,6,0.8,ReverseLPA,-8.446043611564289,0.6,0.1962962962962963
508,6,0.8,ILP-PA1,-5.94403149387335,-0.6,0.736111111111111
509,6,0.8,ILP-PA2,-5.274600839930721,-0.3333333333333333,0.2212962962962963
510,6,0.9,ReverseLPA,-10.685387591185751,0.2,1.0
511,6,0.9,ILP-PA1,-0.5268025782891315,-0.3333333333333333,1.0
512,6,0.9,ILP-PA2,-0.9482446409204366,0.06666666666666665,0.3573728823213367
513,6,0.1,ReverseLPA,-9.631782434607487,-0.3333333333333333,0.21388888888888888
514,6,0.1,ILP-PA1,-7.7506394042447475,0.6,0.17771287046478373
515,6,0.1,ILP-PA2,-7.7506394042447475,0.7333333333333333,0.21325502268190222
516,6,0.2,ReverseLPA,-8.93976376742734,-0.3333333333333333,0.4444444444444444
517,6,0.2,ILP-PA1,-2.2788685663767296,0.3333333333333333,0.17878209479900115
518,6,0.2,ILP-PA2,-4.3345935814392496,0.6,0.1962962962962963
519,6,0.3,ReverseLPA,-9.854509406036483,-0.3333333333333333,1.0
520,6,0.3,ILP-PA1,-5.885916049119942,-0.06666666666666665,0.19907407407407407
521,6,0.3,ILP-PA2,-9.007211545649279,0.8666666666666666,0.19907407407407407
522,6,0.4,ReverseLPA,-8.457337618183047,0.06666666666666665,0.21388888888888888
523,6,0.4,ILP-PA1,-2.3434070875143007,-0.4666666666666666,0.2324074074074074
524,6,0.4,ILP-PA2,-8.051872510074883,0.6,0.7222222222222223
525,6,0.5,ReverseLPA,-6.238324625039508,-0.3333333333333333,0.7222222222222223
526,6,0.5,ILP-PA1,-7.624618986159398,0.06666666666666665,0.1851851851851852
527,6,0.5,ILP-PA2,-6.931471805599453,0.7333333333333333,0.16604989442399765
528,6,0.6,ReverseLPA,-7.751767917624546,-0.4666666666666666,0.46296296296296297
529,6,0.6,ILP-PA1,-1.9379419794061363,-0.2,0.4768518518518518
530,6,0.6,ILP-PA2,-7.240942293858555,-0.06666666666666665,0.17807802503211484
531,6,0.7,ReverseLPA,-8.382640656691068,-0.06666666666666665,0.23518518518518516
532,6,0.7,ILP-PA1,-4.325268300855273,0.2,0.1851851851851852
533,6,0.7,ILP-PA2,-7.669290768813603,0.8666666666666666,0.13483032150535093
534,6,0.8,ReverseLPA,-9.338617816821127,-0.06666666666666665,0.7555555555555555
535,6,0.8,ILP-PA1,-4.064016976890407,0.2,0.7444444444444445
536,6,0.8,ILP-PA2,-2.5020121176909393,0.4666666666666666,0.7555555555555555
537,6,0.9,ReverseLPA,-10.685387591185751,0.2,1.0
538,6,0.9,ILP-PA1,-0.5268025782891315,-0.3333333333333333,1.0
539,6,0.9,ILP-PA2,-0.9482446409204366,0.06666666666666665,0.3573728823213367
540,6,0.1,ReverseLPA,-11.934367527601532,-0.3333333333333333,0.7222222222222222
541,6,0.1,ILP-PA1,-7.539918372929094,0.4666666666666666,0.2028383560152356
542,6,0.1,ILP-PA2,-9.947863981580966,0.2,0.2028383560152356
543,6,0.2,ReverseLPA,-8.93976376742734,-0.2,0.17777777777777778
544,6,0.2,ILP-PA1,-6.3903185965017695,0.2,0.16106767959612056
545,6,0.2,ILP-PA2,-2.05572501506252,0.06666666666666665,0.19440101292945391
546,6,0.3,ReverseLPA,-9.854509406036483,-0.4666666666666666,0.2074074074074074
547,6,0.3,ILP-PA1,-10.92453423785268,0.06666666666666665,0.16546654663779073
548,6,0.3,ILP-PA2,-10.92453423785268,0.06666666666666665,0.16546654663779073
549,6,0.4,ReverseLPA,-8.457337618183047,-0.06666666666666665,0.19907407407407407
550,6,0.4,ILP-PA1,-2.448767603172127,-0.4666666666666666,0.7666666666666666
551,6,0.4,ILP-PA2,-7.030221262542902,0.3333333333333333,0.21436220808419554
552,6,0.5,ReverseLPA,-6.931471805599452,-0.6,0.21296296296296294
553,6,0.5,ILP-PA1,-2.772588722239781,-0.06666666666666665,0.7222222222222223
554,6,0.5,ILP-PA2,-5.545177444479561,0.06666666666666665,0.4444444444444444
555,6,0.6,ReverseLPA,-8.773419165156527,-0.2,0.21018518518518517
556,6,0.6,ILP-PA1,-2.4487676031721275,0.2,0.24629629629629626
557,6,0.6,ILP-PA2,-4.897535206344255,-0.06666666666666665,0.1573728823213367
558,6,0.7,ReverseLPA,-6.599265936997406,-0.2,0.22685185185185186
559,6,0.7,ILP-PA1,-12.619129958627084,0.6,0.21707338878606364
560,6,0.7,ILP-PA2,-8.293861657771814,0.3333333333333333,0.21707338878606364
561,6,0.8,ReverseLPA,-8.669187162878499,-0.4666666666666666,0.7407407407407408
562,6,0.8,ILP-PA1,-3.88830647881083,0.4666666666666666,0.1737998799711241
563,6,0.8,ILP-PA2,-3.88830647881083,0.4666666666666666,0.1737998799711241
564,6,0.9,ReverseLPA,-10.580027075527926,0.06666666666666665,0.5055555555555555
565,6,0.9,ILP-PA1,-3.4615507652301356,0.6,0.16570621565467003
566,6,0.9,ILP-PA2,-3.4615507652301356,0.6,0.16570621565467003
567,6,0.1,ReverseLPA,-9.631782434607487,-0.6,0.4583333333333333
568,6,0.1,ILP-PA1,-9.631782434607487,0.3333333333333333,0.19166666666666665
569,6,0.1,ILP-PA2,-5.026612248619396,0.6,0.33130525295851415
570,6,0.2,ReverseLPA,-7.33032585499324,-0.6,0.7555555555555555
571,6,0.2,ILP-PA1,-6.613462147815979,0.3333333333333333,0.3891987614656678
572,6,0.2,ILP-PA2,-7.553469406307451,0.3333333333333333,0.17777777777777778
573,6,0.3,ReverseLPA,-7.446563797384611,-0.7333333333333333,0.2574074074074074
574,6,0.3,ILP-PA1,-3.121295496529337,0.2,0.7222222222222222
575,6,0.3,ILP-PA2,-3.121295496529337,0.06666666666666665,1.0
576,6,0.4,ReverseLPA,-9.373628350057203,-0.3333333333333333,0.21018518518518517
577,6,0.4,ILP-PA1,-8.562698133840874,-0.2,0.2240740740740741
578,6,0.4,ILP-PA2,-6.624756154434738,0.6,0.19671192484461308
579,6,0.5,ReverseLPA,-6.931471805599452,0.2,0.2324074074074074
580,6,0.5,ILP-PA1,-6.238324625039508,0.3333333333333333,1.0
581,6,0.5,ILP-PA2,-7.6246189861593985,0.3333333333333333,0.5194444444444445
582,6,0.6,ReverseLPA,-6.730116670092565,-0.3333333333333333,0.47407407407407404
583,6,0.6,ILP-PA1,-6.219291046326573,0.4666666666666666,0.4444444444444444
584,6,0.6,ILP-PA2,-4.792174690686427,0.2,0.19444444444444442
585,6,0.7,ReverseLPA,-7.669290768813603,-0.06666666666666665,0.19907407407407407
586,6,0.7,ILP-PA1,-8.159913685262074,-0.4666666666666666,0.2435185185185185
587,6,0.7,ILP-PA2,-3.1212954965293367,0.06666666666666665,0.1638550826963402
588,6,0.8,ReverseLPA,-9.338617816821127,-0.06666666666666665,0.7555555555555555
589,6,0.8,ILP-PA1,-4.064016976890407,0.2,0.7444444444444445
590,6,0.8,ILP-PA2,-2.5020121176909393,0.4666666666666666,0.7555555555555555
591,6,0.9,ReverseLPA,-10.580027075527926,0.06666666666666665,0.5055555555555555
592,6,0.9,ILP-PA1,-3.1454692182566566,-0.7333333333333333,0.75
593,6,0.9,ILP-PA2,-2.7240271556253512,-0.4666666666666666,0.5055555555555555
594,6,0.1,ReverseLPA,-9.631782434607487,-0.06666666666666665,0.7555555555555555
595,6,0.1,ILP-PA1,-7.539918372929094,0.4666666666666666,0.19166666666666665
596,6,0.1,ILP-PA2,-7.7506394042447475,0.2,0.4583333333333333
597,6,0.2,ReverseLPA,-10.54920167986144,-0.2,0.2324074074074074
598,6,0.2,ILP-PA1,-9.38605087005576,0.7333333333333333,0.5416666666666666
599,6,0.2,ILP-PA2,-10.99548878248986,0.2,0.7777777777777777
600,6,0.3,ReverseLPA,-7.446563797384611,-0.06666666666666665,0.1962962962962963
601,6,0.3,ILP-PA1,-6.599265936997406,-0.06666666666666665,0.22910151939418083
602,6,0.3,ILP-PA2,-5.885916049119942,-0.2,0.48333333333333334
603,6,0.4,ReverseLPA,-10.289919081931359,0.06666666666666665,0.49074074074074076
604,6,0.4,ILP-PA1,-8.96816324194904,0.4666666666666666,0.2324074074074074
605,6,0.4,ILP-PA2,-10.289919081931359,-0.2,0.16130525295851417
606,6,0.5,ReverseLPA,-9.704060527839234,-0.2,0.49074074074074076
607,6,0.5,ILP-PA1,-4.852030263919617,-0.06666666666666665,0.1963682460752855
608,6,0.5,ILP-PA2,-6.238324625039508,-0.06666666666666665,0.16666666666666666
609,6,0.6,ReverseLPA,-9.284244788922518,0.3333333333333333,0.21296296296296294
610,6,0.6,ILP-PA1,-7.346302809516382,0.4666666666666666,0.2240740740740741
611,6,0.6,ILP-PA2,-7.346302809516382,0.4666666666666666,0.2240740740740741
612,6,0.7,ReverseLPA,-8.382640656691068,-0.2,0.4694444444444444
613,6,0.7,ILP-PA1,-8.382640656691068,-0.06666666666666665,0.5055555555555555
614,6,0.7,ILP-PA2,-6.599265936997406,-0.4666666666666666,0.49444444444444446
615,6,0.8,ReverseLPA,-9.115474265506919,0.4666666666666666,0.7555555555555555
616,6,0.8,ILP-PA1,-5.450311338010298,0.06666666666666665,1.0
617,6,0.8,ILP-PA2,-4.780880684067669,0.4666666666666666,0.17403954898800336
618,6,0.9,ReverseLPA,-10.580027075527926,-0.06666666666666665,0.7555555555555555
619,6,0.9,ILP-PA1,-3.461550765230135,0.06666666666666665,0.20296654663779073
620,6,0.9,ILP-PA2,-3.1454692182566566,-0.4666666666666666,0.7555555555555555
621,6,0.1,ReverseLPA,-9.631782434607487,0.06666666666666665,0.4916666666666667
622,6,0.1,ILP-PA1,-7.434557857271268,0.06666666666666665,0.24194981995668607
623,6,0.1,ILP-PA2,-7.434557857271268,-0.06666666666666665,0.21388888888888888
624,6,0.2,ReverseLPA,-8.93976376742734,0.3333333333333333,0.2111111111111111
625,6,0.2,ILP-PA1,-2.2788685663767296,-0.2,0.2217119248446131
626,6,0.2,ILP-PA2,-4.11145003012504,-0.2,0.5055555555555555
627,6,0.3,ReverseLPA,-7.446563797384611,-0.2,0.4768518518518518
628,6,0.3,ILP-PA1,-6.599265936997406,-0.4666666666666666,0.75
629,6,0.3,ILP-PA2,-7.312615824874872,-0.3333333333333333,0.4340883560152356
630,6,0.4,ReverseLPA,-7.541046886308893,-0.7333333333333333,1.0
631,6,0.4,ILP-PA1,-7.541046886308893,0.06666666666666665,0.21018518518518517
632,6,0.4,ILP-PA2,-6.113930530668747,0.06666666666666665,0.4768518518518518
633,6,0.5,ReverseLPA,-9.010913347279288,-0.3333333333333333,0.21018518518518517
634,6,0.5,ILP-PA1,-5.545177444479562,-0.06666666666666665,0.2074074074074074
635,6,0.5,ILP-PA2,-7.624618986159398,0.6,0.19907407407407407
636,6,0.6,ReverseLPA,-7.751767917624546,0.06666666666666665,0.47222222222222215
637,6,0.6,ILP-PA1,-7.6464074019667185,0.4666666666666666,0.15835649889425246
638,6,0.6,ILP-PA2,-7.240942293858556,0.4666666666666666,0.1851851851851852
639,6,0.7,ReverseLPA,-6.599265936997406,-0.3333333333333333,0.47222222222222227
640,6,0.7,ILP-PA1,-6.599265936997406,0.06666666666666665,0.19166666666666665
641,6,0.7,ILP-PA2,-10.211184349975213,-0.06666666666666665,0.20135046090316255
642,6,0.8,ReverseLPA,-9.115474265506919,0.4666666666666666,0.7555555555555555
643,6,0.8,ILP-PA1,-5.450311338010298,0.06666666666666665,1.0
644,6,0.8,ILP-PA2,-4.780880684067669,0.4666666666666666,0.17403954898800336
645,6,0.9,ReverseLPA,-10.580027075527926,0.06666666666666665,0.5055555555555555
646,6,0.9,ILP-PA1,-3.1454692182566566,-0.7333333333333333,0.75
647,6,0.9,ILP-PA2,-2.7240271556253512,-0.4666666666666666,0.5055555555555555
648,6,0.1,ReverseLPA,-11.934367527601532,-0.6,1.0
649,6,0.1,ILP-PA1,-2.513306124309698,0.06666666666666665,0.2574074074074074
650,6,0.1,ILP-PA2,-12.145088558917184,-0.2,0.2574074074074074
651,6,0.2,ReverseLPA,-8.93976376742734,-0.06666666666666665,0.4444444444444445
652,6,0.2,ILP-PA1,-9.60919442136997,0.2,0.46296296296296297
653,6,0.2,ILP-PA2,-9.83233797268418,0.4666666666666666,0.4666666666666666
654,6,0.3,ReverseLPA,-7.44656379738461,0.06666666666666665,0.4444444444444445
655,6,0.3,ILP-PA1,-8.159913685262076,-0.6,0.763888888888889
656,6,0.3,ILP-PA2,-2.2739976361421332,0.3333333333333333,0.21784362775960592
657,6,0.4,ReverseLPA,-5.708465422560582,-0.4666666666666666,0.7555555555555555
658,6,0.4,ILP-PA1,-7.240942293858555,0.2,0.24773541920667908
659,6,0.4,ILP-PA2,-5.303000314452419,0.2,0.19999999999999998
660,6,0.5,ReverseLPA,-7.624618986159398,-0.3333333333333333,0.49074074074074076
661,6,0.5,ILP-PA1,-8.317766166719343,0.3333333333333333,0.225406722119397
662,6,0.5,ILP-PA2,-7.624618986159398,0.7333333333333333,0.21608977221314785
663,6,0.6,ReverseLPA,-7.751767917624546,-0.06666666666666665,0.21296296296296294
664,6,0.6,ILP-PA1,-8.562698133840874,0.4666666666666666,0.2435185185185185
665,6,0.6,ILP-PA2,-2.4487676031721275,0.4666666666666666,0.4851851851851852
666,6,0.7,ReverseLPA,-8.382640656691068,-0.06666666666666665,0.4694444444444444
667,6,0.7,ILP-PA1,-5.751968076610202,0.06666666666666665,0.1573728823213367
668,6,0.7,ILP-PA2,-5.751968076610202,0.06666666666666665,0.1573728823213367
669,6,0.8,ReverseLPA,-9.115474265506919,-0.2,0.7444444444444445
670,6,0.8,ILP-PA1,-5.450311338010298,0.6,0.49444444444444446
671,6,0.8,ILP-PA2,-4.780880684067669,0.06666666666666665,1.0
672,6,0.9,ReverseLPA,-10.580027075527926,-0.2,1.0
673,6,0.9,ILP-PA1,-0.9482446409204366,-0.06666666666666665,0.24629629629629626
674,6,0.9,ILP-PA2,-3.461550765230135,0.06666666666666665,0.5055555555555555
675,6,0.1,ReverseLPA,-9.631782434607487,-0.4666666666666666,1.0
676,6,0.1,ILP-PA1,-7.434557857271268,0.2,0.4444444444444445
677,6,0.1,ILP-PA2,-7.539918372929094,0.6,0.17536684433024677
678,6,0.2,ReverseLPA,-7.33032585499324,-0.4666666666666666,1.0
679,6,0.2,ILP-PA1,-8.669187162878499,0.7333333333333333,1.0
680,6,0.2,ILP-PA2,-8.669187162878499,0.3333333333333333,1.0
681,6,0.3,ReverseLPA,-7.446563797384611,-0.7333333333333333,0.48055555555555557
682,6,0.3,ILP-PA1,-6.599265936997406,-0.06666666666666665,0.2212962962962963
683,6,0.3,ILP-PA2,-8.87326357313954,0.2,0.1871154281323345
684,6,0.4,ReverseLPA,-7.541046886308893,-0.4666666666666666,0.7222222222222222
685,6,0.4,ILP-PA1,-7.135581778200729,0.2,0.4666666666666666
686,6,0.4,ILP-PA2,-7.135581778200729,0.2,0.4666666666666666
687,6,0.5,ReverseLPA,-8.317766166719343,-0.4666666666666666,0.7407407407407408
688,6,0.5,ILP-PA1,-6.238324625039508,0.06666666666666665,0.16546654663779073
689,6,0.5,ILP-PA2,-2.772588722239781,0.2,0.1851851851851852
690,6,0.6,ReverseLPA,-7.751767917624546,-0.4666666666666666,1.0
691,6,0.6,ILP-PA1,-5.708465422560582,0.6,0.1444528259918447
692,6,0.6,ILP-PA2,-7.6464074019667185,-0.4666666666666666,0.736111111111111
693,6,0.7,ReverseLPA,-9.095990544568533,-0.06666666666666665,0.48333333333333334
694,6,0.7,ILP-PA1,-5.974695048039196,0.2,0.75
695,6,0.7,ILP-PA2,-5.974695048039196,0.2,0.16668983222758582
696,6,0.8,ReverseLPA,-8.669187162878499,-0.06666666666666665,0.7444444444444445
697,6,0.8,ILP-PA1,-5.227167786696088,0.7333333333333333,0.1984394889735654
698,6,0.8,ILP-PA2,-0.8925742052568388,0.7333333333333333,0.2240740740740741
699,6,0.9,ReverseLPA,-10.263945528554448,0.2,0.2240740740740741
700,6,0.9,ILP-PA1,-7.539918372929096,0.06666666666666665,0.2212962962962963
701,6,0.9,ILP-PA2,-2.7240271556253512,0.3333333333333333,0.7555555555555555
702,6,0.1,ReverseLPA,-9.631782434607487,-0.6,0.7222222222222222
703,6,0.1,ILP-PA1,-9.631782434607487,0.3333333333333333,0.18888888888888888
704,6,0.1,ILP-PA2,-5.026612248619396,0.7333333333333333,0.3379719196251808
705,6,0.2,ReverseLPA,-7.33032585499324,-0.3333333333333333,0.21388888888888888
706,6,0.2,ILP-PA1,-6.613462147815979,0.6,0.17771287046478373
707,6,0.2,ILP-PA2,-6.613462147815979,0.7333333333333333,0.21325502268190222
708,6,0.3,ReverseLPA,-6.242590993058674,-0.06666666666666665,0.4444444444444444
709,6,0.3,ILP-PA1,-6.599265936997407,-0.2,1.0
710,6,0.3,ILP-PA2,-5.395293132671471,0.3333333333333333,0.16666666666666666
711,6,0.4,ReverseLPA,-7.541046886308893,0.2,0.1851851851851852
712,6,0.4,ILP-PA1,-4.792174690686428,-0.4666666666666666,0.49722222222222223
713,6,0.4,ILP-PA2,-7.135581778200729,0.06666666666666665,0.2337400554527303
714,6,0.5,ReverseLPA,-6.238324625039507,-0.3333333333333333,0.46296296296296297
715,6,0.5,ILP-PA1,-8.317766166719343,0.7333333333333333,0.1864113583654482
716,6,0.5,ILP-PA2,-2.772588722239781,0.3333333333333333,0.525
717,6,0.6,ReverseLPA,-8.773419165156527,-0.06666666666666665,0.48333333333333334
718,6,0.6,ILP-PA1,-4.897535206344254,0.2,0.4583333333333333
719,6,0.6,ILP-PA2,-7.346302809516382,0.4666666666666666,0.1837001776635801
720,6,0.7,ReverseLPA,-7.312615824874871,-0.2,0.1851851851851852
721,6,0.7,ILP-PA1,-4.191320328345534,0.3333333333333333,0.2374348527275142
722,6,0.7,ILP-PA2,-5.0386181887327375,-0.3333333333333333,0.21666666666666667
723,6,0.8,ReverseLPA,-9.115474265506919,0.06666666666666665,0.7444444444444445
724,6,0.8,ILP-PA1,-3.394586322947778,-0.06666666666666665,0.5055555555555555
725,6,0.8,ILP-PA2,-4.780880684067669,0.2,0.7555555555555555
726,6,0.9,ReverseLPA,-10.4746665598701,0.2,0.2212962962962963
727,6,0.9,ILP-PA1,-3.1454692182566566,0.2,0.3573728823213367
728,6,0.9,ILP-PA2,-0.5268025782891315,0.4666666666666666,0.4768518518518518
729,6,0.1,ReverseLPA,-9.631782434607487,-0.4666666666666666,0.7444444444444445
730,6,0.1,ILP-PA1,-9.631782434607487,-0.3333333333333333,0.4444444444444445
731,6,0.1,ILP-PA2,-7.434557857271268,0.6,0.4444444444444445
732,6,0.2,ReverseLPA,-7.33032585499324,-0.4666666666666666,0.7222222222222222
733,6,0.2,ILP-PA1,-8.669187162878499,0.6,0.22158835601523558
734,6,0.2,ILP-PA2,-8.22290006025008,0.4666666666666666,0.45555555555555555
735,6,0.3,ReverseLPA,-7.44656379738461,0.3333333333333333,0.17777777777777778
736,6,0.3,ILP-PA1,-6.955940880936138,0.7333333333333333,0.14038932667882448
737,6,0.3,ILP-PA2,-5.038618188732738,-0.2,0.7777777777777777
738,6,0.4,ReverseLPA,-8.457337618183047,0.6,0.1851851851851852
739,6,0.4,ILP-PA1,-2.748872195622465,-0.6,0.763888888888889
740,6,0.4,ILP-PA2,-2.8542327112802917,-0.2,0.2712962962962963
741,6,0.5,ReverseLPA,-6.931471805599452,-0.3333333333333333,0.7555555555555555
742,6,0.5,ILP-PA1,-6.238324625039508,0.2,0.16666666666666666
743,6,0.5,ILP-PA2,-4.852030263919617,0.4666666666666666,0.17044876146566781
744,6,0.6,ReverseLPA,-10.3058960364545,0.06666666666666665,0.5055555555555555
745,6,0.6,ILP-PA1,-5.002895722002081,-0.3333333333333333,0.19927174936300684
746,6,0.6,ILP-PA2,-5.002895722002081,-0.7333333333333333,0.75
747,6,0.7,ReverseLPA,-8.382640656691068,-0.06666666666666665,0.4583333333333333
748,6,0.7,ILP-PA1,-5.751968076610202,-0.2,0.2240740740740741
749,6,0.7,ILP-PA2,-7.178667852365132,-0.2,0.75
750,6,0.8,ReverseLPA,-8.89233071419271,-0.2,0.2212962962962963
751,6,0.8,ILP-PA1,-3.88830647881083,0.3333333333333333,0.2212962962962963
752,6,0.8,ILP-PA2,-4.780880684067669,-0.2,0.37218841602967345
753,6,0.9,ReverseLPA,-10.580027075527926,-0.2,1.0
754,6,0.9,ILP-PA1,-3.6722717965457883,0.6,1.0
755,6,0.9,ILP-PA2,-3.6722717965457883,0.6,1.0
756,6,0.1,ReverseLPA,-9.631782434607487,0.06666666666666665,0.736111111111111
757,6,0.1,ILP-PA1,-9.84250346592314,-0.4666666666666666,1.0
758,6,0.1,ILP-PA2,-10.263945528554444,0.06666666666666665,0.2347236720256461
759,6,0.2,ReverseLPA,-7.33032585499324,-0.3333333333333333,0.16666666666666666
760,6,0.2,ILP-PA1,-6.613462147815979,0.4666666666666666,0.41325502268190223
761,6,0.2,ILP-PA2,-5.94403149387335,0.06666666666666665,0.7333333333333334
762,6,0.3,ReverseLPA,-9.854509406036483,0.3333333333333333,0.4768518518518518
763,6,0.3,ILP-PA1,-5.038618188732738,0.6,0.14038932667882448
764,6,0.3,ILP-PA2,-5.395293132671471,-0.3333333333333333,0.49074074074074076
765,6,0.4,ReverseLPA,-6.6247561544347375,0.2,0.49074074074074076
766,6,0.4,ILP-PA1,-4.281349066920438,0.06666666666666665,0.7666666666666666
767,6,0.4,ILP-PA2,-7.240942293858556,0.2,0.2549216893485689
768,6,0.5,ReverseLPA,-7.624618986159398,0.06666666666666665,0.19907407407407407
769,6,0.5,ILP-PA1,-5.545177444479562,0.4666666666666666,0.14903954898800337
770,6,0.5,ILP-PA2,-6.931471805599452,-0.2,0.48611111111111116
771,6,0.6,ReverseLPA,-7.751767917624546,-0.06666666666666665,0.21018518518518517
772,6,0.6,ILP-PA1,-2.959593226938118,-0.06666666666666665,0.7333333333333334
773,6,0.6,ILP-PA2,-2.959593226938118,0.06666666666666665,0.49722222222222223
774,6,0.7,ReverseLPA,-9.095990544568533,0.06666666666666665,0.5055555555555555
775,6,0.7,ILP-PA1,-4.904670216222999,-0.2,0.19927174936300684
776,6,0.7,ILP-PA2,-4.904670216222999,-0.2,0.19927174936300684
777,6,0.8,ReverseLPA,-8.669187162878499,-0.3333333333333333,0.4962962962962963
778,6,0.8,ILP-PA1,-3.88830647881083,-0.2,0.2324074074074074
779,6,0.8,ILP-PA2,-8.22290006025008,-0.06666666666666665,0.16546654663779073
780,6,0.9,ReverseLPA,-10.4746665598701,-0.06666666666666665,0.48333333333333334
781,6,0.9,ILP-PA1,-2.7240271556253512,-0.4666666666666666,0.75
782,6,0.9,ILP-PA2,-3.1454692182566566,-0.2,0.1953846295023697
783,6,0.1,ReverseLPA,-9.631782434607487,0.06666666666666665,0.48055555555555557
784,6,0.1,ILP-PA1,-7.539918372929094,0.3333333333333333,0.4444444444444445
785,6,0.1,ILP-PA2,-7.539918372929094,0.3333333333333333,0.4444444444444445
786,6,0.2,ReverseLPA,-8.93976376742734,0.2,0.16666666666666666
787,6,0.2,ILP-PA1,-2.2788685663767296,0.6,0.20602887475086223
788,6,0.2,ILP-PA2,-7.553469406307451,-0.4666666666666666,0.7666666666666666
789,6,0.3,ReverseLPA,-7.44656379738461,0.06666666666666665,0.4444444444444445
790,6,0.3,ILP-PA1,-8.159913685262076,-0.6,0.763888888888889
791,6,0.3,ILP-PA2,-2.2739976361421332,0.3333333333333333,0.21784362775960592
792,6,0.4,ReverseLPA,-7.541046886308893,0.2,0.21851851851851853
793,6,0.4,ILP-PA1,-8.562698133840875,-0.4666666666666666,0.24629629629629626
794,6,0.4,ILP-PA2,-4.792174690686428,0.7333333333333333,0.1879113439125746
795,6,0.5,ReverseLPA,-6.931471805599452,-0.06666666666666665,0.1851851851851852
796,6,0.5,ILP-PA1,-4.1588830833596715,-0.4666666666666666,0.3837001776635801
797,6,0.5,ILP-PA2,-7.624618986159398,0.3333333333333333,0.16369149893661977
798,6,0.6,ReverseLPA,-8.773419165156527,0.06666666666666665,0.23518518518518516
799,6,0.6,ILP-PA1,-8.773419165156527,0.8666666666666666,0.21018518518518517
800,6,0.6,ILP-PA2,-5.813825938218409,0.06666666666666665,0.7407407407407408
801,6,0.7,ReverseLPA,-8.382640656691068,0.06666666666666665,0.2240740740740741
802,6,0.7,ILP-PA1,-3.477970440468069,-0.2,0.7407407407407408
803,6,0.7,ILP-PA2,-8.382640656691068,0.4666666666666666,0.1826050826963402
804,6,0.8,ReverseLPA,-9.338617816821127,0.06666666666666665,0.5055555555555555
805,6,0.8,ILP-PA1,-1.1157177565710485,-0.4666666666666666,0.75
806,6,0.8,ILP-PA2,-4.064016976890407,0.3333333333333333,0.75
807,6,0.9,ReverseLPA,-10.580027075527926,0.06666666666666665,0.5055555555555555
808,6,0.9,ILP-PA1,-3.1454692182566566,-0.7333333333333333,0.75
809,6,0.9,ILP-PA2,-2.7240271556253512,-0.4666666666666666,0.5055555555555555
810,6,0.1,ReverseLPA,-11.934367527601532,0.06666666666666665,0.46296296296296297
811,6,0.1,ILP-PA1,-2.6186666399675245,0.3333333333333333,0.189603174576274
812,6,0.1,ILP-PA2,-12.250449074575013,0.06666666666666665,0.7888888888888889
813,6,0.2,ReverseLPA,-13.768077504729641,-0.3333333333333333,0.1851851851851852
814,6,0.2,ILP-PA1,-10.995488782489861,0.7333333333333333,0.13483032150535093
815,6,0.2,ILP-PA2,-8.493476664798921,-0.3333333333333333,0.2601851851851852
816,6,0.3,ReverseLPA,-6.242590993058674,-0.3333333333333333,0.21388888888888888
817,6,0.3,ILP-PA1,-6.465317964487667,0.6,0.17771287046478373
818,6,0.3,ILP-PA2,-6.465317964487667,0.7333333333333333,0.21325502268190222
819,6,0.4,ReverseLPA,-7.541046886308893,-0.3333333333333333,0.48333333333333334
820,6,0.4,ILP-PA1,-7.646407401966719,0.6,0.16604989442399765
821,6,0.4,ILP-PA2,-4.281349066920438,0.06666666666666665,0.15577107283236621
822,6,0.5,ReverseLPA,-6.931471805599452,-0.2,0.47222222222222227
823,6,0.5,ILP-PA1,-6.238324625039507,-0.4666666666666666,0.4694444444444444
824,6,0.5,ILP-PA2,-6.238324625039507,-0.4666666666666666,0.4694444444444444
825,6,0.6,ReverseLPA,-8.262593541390537,-0.2,0.1851851851851852
826,6,0.6,ILP-PA1,-6.324651561984401,-0.4666666666666666,0.14903954898800337
827,6,0.6,ILP-PA2,-7.240942293858555,-0.2,0.19907407407407407
828,6,0.7,ReverseLPA,-7.312615824874871,-0.4666666666666666,0.7222222222222222
829,6,0.7,ILP-PA1,-5.172566161242476,0.06666666666666665,0.4444444444444444
830,6,0.7,ILP-PA2,-8.159913685262074,0.2,0.18055555555555555
831,6,0.8,ReverseLPA,-8.669187162878499,-0.2,0.21018518518518517
832,6,0.8,ILP-PA1,-6.16717504518756,-0.06666666666666665,0.15334941513868708
833,6,0.8,ILP-PA2,-8.22290006025008,0.8666666666666666,0.3701050826963401
834,6,0.9,ReverseLPA,-10.580027075527926,0.06666666666666665,0.7555555555555555
835,6,0.9,ILP-PA1,-3.1454692182566566,0.4666666666666666,0.16570621565467003
836,6,0.9,ILP-PA2,-3.1454692182566566,0.4666666666666666,0.16570621565467003
837,6,0.1,ReverseLPA,-9.631782434607487,-0.4666666666666666,0.4583333333333333
838,6,0.1,ILP-PA1,-7.539918372929094,0.2,0.7222222222222223
839,6,0.1,ILP-PA2,-9.737142950265314,-0.2,0.7222222222222222
840,6,0.2,ReverseLPA,-8.93976376742734,-0.2,0.46296296296296297
841,6,0.2,ILP-PA1,-7.55346940630745,0.2,0.4444444444444445
842,6,0.2,ILP-PA2,-5.94403149387335,0.4666666666666666,0.2340883560152356
843,6,0.3,ReverseLPA,-8.650536601710547,-0.2,0.49444444444444446
844,6,0.3,ILP-PA1,-7.312615824874872,0.6,0.2074074074074074
845,6,0.3,ILP-PA2,-5.395293132671471,0.06666666666666665,0.2388888888888889
846,6,0.4,ReverseLPA,-8.457337618183047,0.3333333333333333,0.4768518518518518
847,6,0.4,ILP-PA1,-5.708465422560582,0.2,0.20775643887981454
848,6,0.4,ILP-PA2,-6.624756154434738,0.2,0.18180119482512952
849,6,0.5,ReverseLPA,-9.704060527839234,-0.3333333333333333,0.7444444444444445
850,6,0.5,ILP-PA1,-6.238324625039508,-0.6,0.47222222222222215
851,6,0.5,ILP-PA2,-9.704060527839234,0.2,0.16668983222758582
852,6,0.6,ReverseLPA,-6.219291046326573,-0.06666666666666665,0.46296296296296297
853,6,0.6,ILP-PA1,-4.281349066920437,0.4666666666666666,0.4231998199566861
854,6,0.6,ILP-PA2,-7.541046886308893,0.8666666666666666,0.17044876146566781
855,6,0.7,ReverseLPA,-8.025965712752335,0.3333333333333333,0.2324074074074074
856,6,0.7,ILP-PA1,-5.39529313267147,-0.6,0.49074074074074076
857,6,0.7,ILP-PA2,-4.325268300855273,-0.06666666666666665,0.24629629629629626
858,6,0.8,ReverseLPA,-9.115474265506919,-0.06666666666666665,0.7444444444444445
859,6,0.8,ILP-PA1,-2.5020121176909393,0.06666666666666665,0.21129987997112407
860,6,0.8,ILP-PA2,-2.5020121176909393,0.06666666666666665,0.21129987997112407
861,6,0.9,ReverseLPA,-10.263945528554448,-0.6,1.0
862,6,0.9,ILP-PA1,-2.618666639967525,0.06666666666666665,0.736111111111111
863,6,0.9,ILP-PA2,-9.737142950265314,-0.6,0.5055555555555555
864,6,0.1,ReverseLPA,-9.631782434607487,0.06666666666666665,0.4694444444444444
865,6,0.1,ILP-PA1,-7.539918372929094,0.3333333333333333,0.4583333333333333
866,6,0.1,ILP-PA2,-7.7506394042447475,0.2,0.7222222222222222
867,6,0.2,ReverseLPA,-8.93976376742734,-0.3333333333333333,0.45555555555555555
868,6,0.2,ILP-PA1,-7.77661295762166,-0.2,0.17777777777777778
869,6,0.2,ILP-PA2,-9.83233797268418,0.8666666666666666,0.17044876146566781
870,6,0.3,ReverseLPA,-7.446563797384611,0.2,0.1851851851851852
871,6,0.3,ILP-PA1,-4.681943244794006,0.06666666666666665,0.24502423850481103
872,6,0.3,ILP-PA2,-2.4079456086518722,-0.2,0.7333333333333334
873,6,0.4,ReverseLPA,-6.6247561544347375,-0.4666666666666666,0.7407407407407408
874,6,0.4,ILP-PA1,-4.281349066920438,0.7333333333333333,0.4444444444444444
875,6,0.4,ILP-PA2,-6.6247561544347375,-0.2,0.4444444444444444
876,6,0.5,ReverseLPA,-7.624618986159398,-0.7333333333333333,0.7444444444444445
877,6,0.5,ILP-PA1,-3.4657359027997265,-0.2,0.7407407407407408
878,6,0.5,ILP-PA2,-4.852030263919617,0.06666666666666665,0.14903954898800337
879,6,0.6,ReverseLPA,-7.240942293858556,-0.6,0.21296296296296294
880,6,0.6,ILP-PA1,-8.15723302573271,-0.2,0.46296296296296297
881,6,0.6,ILP-PA2,-6.730116670092563,0.06666666666666665,0.2111111111111111
882,6,0.7,ReverseLPA,-8.025965712752335,-0.06666666666666665,0.49074074074074076
883,6,0.7,ILP-PA1,-6.599265936997406,-0.06666666666666665,0.17218841602967352
884,6,0.7,ILP-PA2,-8.516588629200808,0.3333333333333333,0.18052174936300686
885,6,0.8,ReverseLPA,-8.89233071419271,-0.2,0.2074074074074074
886,6,0.8,ILP-PA1,-3.88830647881083,0.3333333333333333,0.21296296296296294
887,6,0.8,ILP-PA2,-6.836605699130189,0.06666666666666665,0.15835649889425246
888,6,0.9,ReverseLPA,-10.4746665598701,0.3333333333333333,0.24629629629629626
889,6,0.9,ILP-PA1,-2.7240271556253512,0.06666666666666665,1.0
890,6,0.9,ILP-PA2,-3.1454692182566566,0.2,0.14816365483868427
891,7,0.1,ReverseLPA,-12.039728043259359,-0.04761904761904762,0.38541666666666663
892,7,0.1,ILP-PA1,-12.250449074575013,0.14285714285714288,0.1996923425058676
893,7,0.1,ILP-PA2,-7.645278888586921,0.04761904761904762,0.28054826219938683
894,7,0.2,ReverseLPA,-12.38178314360975,-0.4285714285714286,0.42013888888888884
895,7,0.2,ILP-PA1,-13.274357348866591,0.04761904761904762,0.21098151365902806
896,7,0.2,ILP-PA2,-3.6651629274966204,0.23809523809523814,0.375
897,7,0.3,ReverseLPA,-9.007211545649279,0.14285714285714288,0.37500000000000006
898,7,0.3,ILP-PA1,-7.312615824874872,0.04761904761904762,0.6194444444444445
899,7,0.3,ILP-PA2,-4.191320328345534,-0.4285714285714286,0.2645833333333334
900,7,0.4,ReverseLPA,-10.800744705697348,0.23809523809523814,0.17708333333333331
901,7,0.4,ILP-PA1,-3.365058335046282,0.04761904761904762,0.41944444444444445
902,7,0.4,ILP-PA2,-7.646407401966719,0.33333333333333337,0.21097381340107452
903,7,0.5,ReverseLPA,-12.476649250079015,0.33333333333333337,0.425
904,7,0.5,ILP-PA1,-11.78350206951907,0.14285714285714288,0.20247012028364536
905,7,0.5,ILP-PA2,-9.010913347279288,-0.7142857142857143,0.4486111111111111
906,7,0.6,ReverseLPA,-12.243838015860637,-0.23809523809523814,0.4305555555555556
907,7,0.6,ILP-PA1,-3.3650583350462817,-0.5238095238095238,0.18923163919040267
908,7,0.6,ILP-PA2,-8.367954057048362,-0.33333333333333337,0.5060840661570721
909,7,0.7,ReverseLPA,-12.083338068588132,0.14285714285714288,0.40902777777777777
910,7,0.7,ILP-PA1,-6.688044935916661,-0.04761904761904762,0.40902777777777777
911,7,0.7,ILP-PA2,-1.7833747196936622,0.6190476190476191,0.40902777777777777
912,7,0.8,ReverseLPA,-12.286917037140487,0.4285714285714286,0.25416666666666665
913,7,0.8,ILP-PA1,-1.3388613078852583,0.14285714285714288,0.43472222222222223
914,7,0.8,ILP-PA2,-1.3388613078852583,0.14285714285714288,0.43472222222222223
915,7,0.9,ReverseLPA,-13.409414746811104,0.04761904761904762,0.6208333333333333
916,7,0.9,ILP-PA1,-3.3561902495723093,-0.5238095238095238,0.6361111111111111
917,7,0.9,ILP-PA2,-5.5534148269085275,-0.14285714285714288,0.6208333333333333
918,7,0.1,ReverseLPA,-12.039728043259359,-0.5238095238095238,0.4159722222222222
919,7,0.1,ILP-PA1,-9.947863981580966,0.23809523809523814,0.14769858668964664
920,7,0.1,ILP-PA2,-9.947863981580968,0.14285714285714288,0.4076388888888889
921,7,0.2,ReverseLPA,-12.38178314360975,0.23809523809523814,0.39375000000000004
922,7,0.2,ILP-PA1,-9.16290731874155,0.14285714285714288,0.4534722222222222
923,7,0.2,ILP-PA2,-9.83233797268418,-0.14285714285714288,0.20161073145478015
924,7,0.3,ReverseLPA,-9.007211545649279,-0.23809523809523814,0.18541666666666667
925,7,0.3,ILP-PA1,-6.955940880936138,0.5238095238095238,0.1768083126312085
926,7,0.3,ILP-PA2,-4.191320328345534,0.14285714285714288,0.16223243429289388
927,7,0.4,ReverseLPA,-10.800744705697348,-0.4285714285714286,0.8125
928,7,0.4,ILP-PA1,-3.365058335046282,0.7142857142857143,0.20032537769551756
929,7,0.4,ILP-PA2,-8.96816324194904,0.6190476190476191,0.18055555555555555
930,7,0.5,ReverseLPA,-12.476649250079015,0.14285714285714288,0.8
931,7,0.5,ILP-PA1,-6.238324625039508,-0.7142857142857143,0.6152777777777778
932,7,0.5,ILP-PA2,-3.4657359027997265,-0.23809523809523814,0.6291666666666667
933,7,0.6,ReverseLPA,-11.733012392094645,0.14285714285714288,0.4180555555555555
934,7,0.6,ILP-PA1,-10.711361144562662,-0.4285714285714286,0.43472222222222223
935,7,0.6,ILP-PA2,-6.835477185750391,0.33333333333333337,0.1439274270023829
936,7,0.7,ReverseLPA,-11.369988180710665,0.04761904761904762,0.6069444444444445
937,7,0.7,ILP-PA1,-4.681943244794005,0.7142857142857143,0.17145386141262492
938,7,0.7,ILP-PA2,-6.108643020548935,-0.5238095238095238,0.16875559183796862
939,7,0.8,ReverseLPA,-12.286917037140487,0.23809523809523814,0.6361111111111111
940,7,0.8,ILP-PA1,-2.231435513142097,-0.33333333333333337,0.2956919345877924
941,7,0.8,ILP-PA2,-3.8408734255761976,0.6190476190476191,0.16077178127402303
942,7,0.9,ReverseLPA,-13.304054231153279,0.04761904761904762,0.4159722222222222
943,7,0.9,ILP-PA1,-3.3561902495723093,-0.6190476190476191,0.35107636589911867
944,7,0.9,ILP-PA2,-3.3561902495723093,-0.6190476190476191,0.35107636589911867
945,7,0.1,ReverseLPA,-12.039728043259359,-0.14285714285714288,0.18888888888888888
946,7,0.1,ILP-PA1,-10.053224497238793,0.04761904761904762,0.8020833333333334
947,7,0.1,ILP-PA2,-9.84250346592314,0.5238095238095238,0.18055555555555552
948,7,0.2,ReverseLPA,-10.77234523117565,-0.6190476190476191,0.4041666666666667
949,7,0.2,ILP-PA1,-6.16717504518756,0.4285714285714286,0.1421585321747754
950,7,0.2,ILP-PA2,-9.83233797268418,-0.23809523809523814,0.18635900917253423
951,7,0.3,ReverseLPA,-10.211184349975216,0.23809523809523814,0.22638888888888886
952,7,0.3,ILP-PA1,-11.637884125730144,0.8095238095238096,0.18055555555555555
953,7,0.3,ILP-PA2,-8.873263573139539,0.5238095238095238,0.6055555555555556
954,7,0.4,ReverseLPA,-14.465907633193968,-0.23809523809523814,0.4076388888888889
955,7,0.4,ILP-PA1,-8.862802726291212,-0.23809523809523814,0.20893932356894435
956,7,0.4,ILP-PA2,-7.946511994417057,0.14285714285714288,0.16001853244873532
957,7,0.5,ReverseLPA,-10.39720770839918,0.04761904761904762,0.4159722222222222
958,7,0.5,ILP-PA1,-2.772588722239781,-0.14285714285714288,0.4076388888888889
959,7,0.5,ILP-PA2,-4.1588830833596715,-0.14285714285714288,0.4076388888888889
960,7,0.6,ReverseLPA,-11.733012392094645,0.33333333333333337,0.5916666666666667
961,7,0.6,ILP-PA1,-2.5541281188299534,-0.04761904761904762,0.19070287320902382
962,7,0.6,ILP-PA2,-2.5541281188299534,-0.04761904761904762,0.17362680879753073
963,7,0.7,ReverseLPA,-11.726663124649399,0.14285714285714288,0.22847222222222222
964,7,0.7,ILP-PA1,-7.7580697677328585,-0.5238095238095238,0.5326481803256946
965,7,0.7,ILP-PA2,-1.7833747196936622,0.23809523809523814,0.22291666666666668
966,7,0.8,ReverseLPA,-11.84062993451207,-0.14285714285714288,0.44166666666666665
967,7,0.8,ILP-PA1,-4.11145003012504,0.7142857142857143,0.16668519911540197
968,7,0.8,ILP-PA2,-4.11145003012504,0.7142857142857143,0.16668519911540197
969,7,0.9,ReverseLPA,-13.514775262468929,0.23809523809523814,0.6361111111111111
970,7,0.9,ILP-PA1,-0.6321630939469578,0.23809523809523814,0.8125
971,7,0.9,ILP-PA2,-3.3561902495723093,-0.7142857142857143,0.6361111111111111
972,7,0.1,ReverseLPA,-12.039728043259359,-0.23809523809523814,0.39583333333333337
973,7,0.1,ILP-PA1,-12.88261216852197,0.14285714285714288,0.2228718177705183
974,7,0.1,ILP-PA2,-12.566530621548491,0.04761904761904762,0.22727068481218846
975,7,0.2,ReverseLPA,-9.16290731874155,-0.33333333333333337,0.22291666666666665
976,7,0.2,ILP-PA1,-9.83233797268418,0.7142857142857143,0.3622706848121885
977,7,0.2,ILP-PA2,-8.669187162878499,0.23809523809523814,0.8166666666666667
978,7,0.3,ReverseLPA,-10.211184349975216,0.4285714285714286,0.18749999999999997
979,7,0.3,ILP-PA1,-12.351234013607609,0.5238095238095238,0.16320003628241306
980,7,0.3,ILP-PA2,-6.599265936997407,0.23809523809523814,0.4152324975455161
981,7,0.4,ReverseLPA,-8.96816324194904,0.23809523809523814,0.16666666666666666
982,7,0.4,ILP-PA1,-1.9379419794061366,0.04761904761904762,0.18386184393484992
983,7,0.4,ILP-PA2,-8.668058649498702,0.04761904761904762,0.22570657064356592
984,7,0.5,ReverseLPA,-9.704060527839234,-0.33333333333333337,0.2361111111111111
985,7,0.5,ILP-PA1,-10.39720770839918,0.4285714285714286,0.21527777777777776
986,7,0.5,ILP-PA2,-8.317766166719343,0.6190476190476191,0.15232821631927626
987,7,0.6,ReverseLPA,-10.200535520796674,-0.14285714285714288,0.21805555555555556
988,7,0.6,ILP-PA1,-6.113930530668747,-0.23809523809523814,0.14569193458779245
989,7,0.6,ILP-PA2,-9.073523757606864,0.6190476190476191,0.15418006817112812
990,7,0.7,ReverseLPA,-12.440013012526864,0.5238095238095238,0.8194444444444444
991,7,0.7,ILP-PA1,-8.114744711671591,-0.33333333333333337,0.6361111111111111
992,7,0.7,ILP-PA2,-7.044719879855394,-0.5238095238095238,0.3298667029490797
993,7,0.8,ReverseLPA,-11.17119928056944,0.33333333333333337,0.20625000000000002
994,7,0.8,ILP-PA1,-4.780880684067669,-0.14285714285714288,0.21944444444444444
995,7,0.8,ILP-PA2,-4.11145003012504,-0.23809523809523814,0.2317151292566329
996,7,0.9,ReverseLPA,-13.409414746811104,0.14285714285714288,0.43472222222222223
997,7,0.9,ILP-PA1,-3.3561902495723093,-0.4285714285714286,0.177968698579636
998,7,0.9,ILP-PA2,-3.3561902495723093,-0.4285714285714286,0.177968698579636
999,7,0.1,ReverseLPA,-12.039728043259359,-0.33333333333333337,0.3854166666666667
1000,7,0.1,ILP-PA1,-12.461170105890664,0.33333333333333337,0.8
1001,7,0.1,ILP-PA2,-12.35580959023284,0.4285714285714286,0.42986111111111114
1002,7,0.2,ReverseLPA,-10.77234523117565,-0.6190476190476191,0.7916666666666666
1003,7,0.2,ILP-PA1,-10.05548152399839,0.14285714285714288,0.1654307404270737
1004,7,0.2,ILP-PA2,-2.5020121176909393,0.5238095238095238,0.18080962884102114
1005,7,0.3,ReverseLPA,-7.803238741323343,0.14285714285714288,0.21458333333333332
1006,7,0.3,ILP-PA1,-9.943288404955737,0.5238095238095238,0.6208333333333333
1007,7,0.3,ILP-PA2,-9.943288404955737,0.33333333333333337,0.6208333333333333
1008,7,0.4,ReverseLPA,-8.96816324194904,0.23809523809523814,0.18194444444444444
1009,7,0.4,ILP-PA1,-2.448767603172127,-0.5238095238095238,0.2694444444444445
1010,7,0.4,ILP-PA2,-4.792174690686428,-0.6190476190476191,0.2694444444444445
1011,7,0.5,ReverseLPA,-11.090354888959125,-0.14285714285714288,0.4125
1012,7,0.5,ILP-PA1,-7.624618986159398,-0.14285714285714288,0.18220846187135112
1013,7,0.5,ILP-PA2,-11.090354888959125,0.04761904761904762,0.15153075025591498
1014,7,0.6,ReverseLPA,-10.200535520796674,-0.4285714285714286,0.8020833333333334
1015,7,0.6,ILP-PA1,-11.011465737013001,0.5238095238095238,0.163228985840712
1016,7,0.6,ILP-PA2,-9.98981448948102,0.23809523809523814,0.14573488080362829
1017,7,0.7,ReverseLPA,-11.726663124649399,0.23809523809523814,0.21666666666666667
1018,7,0.7,ILP-PA1,-8.739315600629801,-0.4285714285714286,0.225
1019,7,0.7,ILP-PA2,-2.987347524019598,0.14285714285714288,0.23750000000000002
1020,7,0.8,ReverseLPA,-10.724912177941018,-0.23809523809523814,0.40069444444444446
1021,7,0.8,ILP-PA1,-9.60919442136997,-0.14285714285714288,0.40069444444444446
1022,7,0.8,ILP-PA2,-13.94378800280922,0.5238095238095238,0.16890567913589943
1023,7,0.9,ReverseLPA,-13.409414746811104,-0.04761904761904762,0.8125
1024,7,0.9,ILP-PA1,-3.3561902495723093,-0.23809523809523814,0.8166666666666667
1025,7,0.9,ILP-PA2,-3.3561902495723093,-0.23809523809523814,0.8166666666666667
1026,7,0.1,ReverseLPA,-14.342313136253404,-0.4285714285714286,0.38333333333333336
1027,7,0.1,ILP-PA1,-9.947863981580966,0.23809523809523814,0.19930555555555554
1028,7,0.1,ILP-PA2,-2.829387671283177,0.4285714285714286,0.1783780963244624
1029,7,0.2,ReverseLPA,-10.77234523117565,0.14285714285714288,0.19930555555555554
1030,7,0.2,ILP-PA1,-6.16717504518756,0.8095238095238096,0.14526864326799727
1031,7,0.2,ILP-PA2,-8.22290006025008,0.4285714285714286,0.17630770360189574
1032,7,0.3,ReverseLPA,-11.415157154301152,-0.14285714285714288,0.19791666666666666
1033,7,0.3,ILP-PA1,-11.771832098239884,-0.14285714285714288,0.19930555555555557
1034,7,0.3,ILP-PA2,-2.2739976361421332,-0.33333333333333337,0.22615957370107737
1035,7,0.4,ReverseLPA,-10.800744705697348,-0.04761904761904762,0.18055555555555555
1036,7,0.4,ILP-PA1,-2.3434070875143007,0.14285714285714288,0.3902777777777778
1037,7,0.4,ILP-PA2,-11.416930845121167,0.14285714285714288,0.19547153550624677
1038,7,0.5,ReverseLPA,-11.78350206951907,0.23809523809523814,0.22013888888888888
1039,7,0.5,ILP-PA1,-7.624618986159398,-0.04761904761904762,0.21625842876457937
1040,7,0.5,ILP-PA2,-6.931471805599453,-0.14285714285714288,0.18224075467095752
1041,7,0.6,ReverseLPA,-10.711361144562664,0.4285714285714286,0.19930555555555557
1042,7,0.6,ILP-PA1,-7.135581778200728,0.5238095238095238,0.13517643999424583
1043,7,0.6,ILP-PA2,-7.135581778200728,0.5238095238095238,0.13517643999424583
1044,7,0.7,ReverseLPA,-10.656638292833202,-0.14285714285714288,0.41944444444444445
1045,7,0.7,ILP-PA1,-4.325268300855273,-0.9047619047619049,0.8125
1046,7,0.7,ILP-PA2,-1.4266997757549298,-0.04761904761904762,0.6291666666666667
1047,7,0.8,ReverseLPA,-10.50176862662681,-0.23809523809523814,0.5972222222222223
1048,7,0.8,ILP-PA1,-9.162907318741551,-0.14285714285714288,0.4111111111111111
1049,7,0.8,ILP-PA2,-3.6651629274966204,-0.33333333333333337,0.38888888888888884
1050,7,0.9,ReverseLPA,-13.304054231153279,0.33333333333333337,0.43472222222222223
1051,7,0.9,ILP-PA1,-8.172081466876053,0.33333333333333337,0.6291666666666667
1052,7,0.9,ILP-PA2,-2.8293876712831776,0.23809523809523814,0.6208333333333333
1053,7,0.1,ReverseLPA,-14.342313136253404,-0.14285714285714288,0.42013888888888895
1054,7,0.1,ILP-PA1,-10.053224497238793,0.4285714285714286,0.21355985596534888
1055,7,0.1,ILP-PA2,-10.05322449723879,0.5238095238095238,0.19205037079779516
1056,7,0.2,ReverseLPA,-9.16290731874155,-0.4285714285714286,0.20069444444444445
1057,7,0.2,ILP-PA1,-9.60919442136997,0.14285714285714288,0.4180555555555555
1058,7,0.2,ILP-PA2,-9.83233797268418,0.04761904761904762,0.3923611111111111
1059,7,0.3,ReverseLPA,-10.211184349975216,0.04761904761904762,0.18749999999999997
1060,7,0.3,ILP-PA1,-6.599265936997407,-0.04761904761904762,0.19444444444444442
1061,7,0.3,ILP-PA2,-6.8219929084264,-0.14285714285714288,0.19097781406019082
1062,7,0.4,ReverseLPA,-12.63332616944566,-0.04761904761904762,0.19583333333333333
1063,7,0.4,ILP-PA1,-2.959593226938118,-0.04761904761904762,0.18888888888888888
1064,7,0.4,ILP-PA2,-9.98981448948102,0.7142857142857143,0.1618322825519156
1065,7,0.5,ReverseLPA,-11.090354888959125,0.23809523809523814,0.1909722222222222
1066,7,0.5,ILP-PA1,-3.4657359027997265,0.14285714285714288,0.18055555555555555
1067,7,0.5,ILP-PA2,-4.1588830833596715,-0.04761904761904762,0.1909722222222222
1068,7,0.6,ReverseLPA,-9.689709897030683,-0.33333333333333337,0.2048611111111111
1069,7,0.6,ILP-PA1,-3.7705234431544463,-0.23809523809523814,0.24027777777777776
1070,7,0.6,ILP-PA2,-11.011465737013001,-0.5238095238095238,0.4180555555555555
1071,7,0.7,ReverseLPA,-11.013313236771934,-0.14285714285714288,0.6125
1072,7,0.7,ILP-PA1,-10.433911321404207,-0.04761904761904762,0.17700941696818046
1073,7,0.7,ILP-PA2,-10.433911321404207,-0.04761904761904762,0.17700941696818046
1074,7,0.8,ReverseLPA,-10.2786250753126,-0.23809523809523814,0.40555555555555556
1075,7,0.8,ILP-PA1,-14.660651709986482,0.14285714285714288,0.4208333333333334
1076,7,0.8,ILP-PA2,-14.660651709986482,0.14285714285714288,0.4208333333333334
1077,7,0.9,ReverseLPA,-13.304054231153279,0.23809523809523814,0.19791666666666666
1078,7,0.9,ILP-PA1,-5.553414826908529,-0.7142857142857143,0.23750000000000002
1079,7,0.9,ILP-PA2,-5.5534148269085275,-0.4285714285714286,0.22361111111111112
1080,7,0.1,ReverseLPA,-14.342313136253404,0.5238095238095238,0.16666666666666666
1081,7,0.1,ILP-PA1,-12.355809590232838,-0.04761904761904762,0.21527777777777776
1082,7,0.1,ILP-PA2,-7.434557857271269,0.6190476190476191,0.14013637903223689
1083,7,0.2,ReverseLPA,-9.16290731874155,0.04761904761904762,0.4277777777777778
1084,7,0.2,ILP-PA1,-10.50176862662681,0.6190476190476191,0.18358123139475646
1085,7,0.2,ILP-PA2,-8.89233071419271,0.33333333333333337,0.1783528475394598
1086,7,0.3,ReverseLPA,-11.415157154301152,-0.5238095238095238,0.42083333333333334
1087,7,0.3,ILP-PA1,-4.191320328345534,-0.04761904761904762,0.15901674987754874
1088,7,0.3,ILP-PA2,-7.312615824874872,0.23809523809523814,0.15574647635741376
1089,7,0.4,ReverseLPA,-10.800744705697348,0.4285714285714286,0.1875
1090,7,0.4,ILP-PA1,-2.8542327112802917,-0.33333333333333337,0.65
1091,7,0.4,ILP-PA2,-2.448767603172127,-0.4285714285714286,0.4756944444444445
1092,7,0.5,ReverseLPA,-9.704060527839234,-0.04761904761904762,0.19930555555555557
1093,7,0.5,ILP-PA1,-7.6246189861593985,-0.04761904761904762,0.7916666666666666
1094,7,0.5,ILP-PA2,-7.624618986159398,0.23809523809523814,0.16218747701022979
1095,7,0.6,ReverseLPA,-11.733012392094645,0.23809523809523814,0.4180555555555555
1096,7,0.6,ILP-PA1,-6.940837701408217,0.23809523809523814,0.161272895983947
1097,7,0.6,ILP-PA2,-6.940837701408217,0.23809523809523814,0.161272895983947
1098,7,0.7,ReverseLPA,-11.369988180710665,0.23809523809523814,0.20833333333333334
1099,7,0.7,ILP-PA1,-2.6306725800808657,0.14285714285714288,0.21666666666666667
1100,7,0.7,ILP-PA2,-2.6306725800808657,0.14285714285714288,0.21666666666666667
1101,7,0.8,ReverseLPA,-11.17119928056944,0.04761904761904762,0.6104166666666666
1102,7,0.8,ILP-PA1,-7.99975650893587,-0.04761904761904762,0.41666666666666663
1103,7,0.8,ILP-PA2,-7.99975650893587,-0.04761904761904762,0.41666666666666663
1104,7,0.9,ReverseLPA,-13.304054231153279,0.04761904761904762,0.6291666666666667
1105,7,0.9,ILP-PA1,-3.3561902495723093,-0.4285714285714286,0.24027777777777778
1106,7,0.9,ILP-PA2,-7.7506394042447475,-0.04761904761904762,0.6222222222222222
1107,7,0.1,ReverseLPA,-12.039728043259359,-0.5238095238095238,0.41041666666666665
1108,7,0.1,ILP-PA1,-10.053224497238793,-0.4285714285714286,0.42986111111111114
1109,7,0.1,ILP-PA2,-10.263945528554444,-0.14285714285714288,0.42986111111111114
1110,7,0.2,ReverseLPA,-10.77234523117565,0.33333333333333337,0.175
1111,7,0.2,ILP-PA1,-5.004024235381879,0.5238095238095238,0.21625842876457937
1112,7,0.2,ILP-PA2,-2.05572501506252,-0.5238095238095238,0.4201388888888889
1113,7,0.3,ReverseLPA,-9.007211545649279,0.04761904761904762,0.2583333333333333
1114,7,0.3,ILP-PA1,-8.873263573139539,0.14285714285714288,0.5874487448542378
1115,7,0.3,ILP-PA2,-9.720561433526745,-0.14285714285714288,0.4088573299243675
1116,7,0.4,ReverseLPA,-9.884453973823192,-0.14285714285714288,0.6
1117,7,0.4,ILP-PA1,-10.095175005138847,0.7142857142857143,0.18451974942635274
1118,7,0.4,ILP-PA2,-8.15723302573271,0.04761904761904762,0.2010270910618023
1119,7,0.5,ReverseLPA,-10.39720770839918,-0.4285714285714286,0.40625
1120,7,0.5,ILP-PA1,-3.4657359027997265,0.04761904761904762,0.1794173994904055
1121,7,0.5,ILP-PA2,-3.4657359027997265,0.04761904761904762,0.1794173994904055
1122,7,0.6,ReverseLPA,-11.733012392094645,-0.04761904761904762,0.6125
1123,7,0.6,ILP-PA1,-10.095175005138845,0.33333333333333337,0.4111111111111111
1124,7,0.6,ILP-PA2,-10.095175005138845,0.33333333333333337,0.4111111111111111
1125,7,0.7,ReverseLPA,-11.013313236771934,-0.14285714285714288,0.6104166666666666
1126,7,0.7,ILP-PA1,-11.503936153220405,-0.23809523809523814,0.4277777777777778
1127,7,0.7,ILP-PA2,-11.503936153220405,-0.23809523809523814,0.4277777777777778
1128,7,0.8,ReverseLPA,-11.617486383197857,-0.04761904761904762,0.21458333333333335
1129,7,0.8,ILP-PA1,-4.11145003012504,-0.04761904761904762,0.23680555555555555
1130,7,0.8,ILP-PA2,-1.3388613078852583,-0.14285714285714288,0.5972222222222222
1131,7,0.9,ReverseLPA,-13.514775262468929,0.33333333333333337,1.0
1132,7,0.9,ILP-PA1,-4.093713859177093,-0.14285714285714288,1.0
1133,7,0.9,ILP-PA2,-0.6321630939469578,0.14285714285714288,0.31714303113409104
1134,7,0.1,ReverseLPA,-12.039728043259359,-0.04761904761904762,0.20763888888888887
1135,7,0.1,ILP-PA1,-10.369306044212271,-0.04761904761904762,1.0
1136,7,0.1,ILP-PA2,-12.777251652864143,-0.23809523809523814,0.24588452670436683
1137,7,0.2,ReverseLPA,-13.99122105604385,0.14285714285714288,0.38888888888888895
1138,7,0.2,ILP-PA1,-11.21863233380407,0.14285714285714288,0.18963000711223654
1139,7,0.2,ILP-PA2,-15.330082363929112,0.6190476190476191,0.20987040254791692
1140,7,0.3,ReverseLPA,-10.211184349975216,-0.4285714285714286,0.5972222222222222
1141,7,0.3,ILP-PA1,-9.229938517078272,0.5238095238095238,0.20833333333333334
1142,7,0.3,ILP-PA2,-9.363886489588012,0.23809523809523814,0.39861111111111114
1143,7,0.4,ReverseLPA,-10.800744705697348,-0.23809523809523814,0.3993055555555556
1144,7,0.4,ILP-PA1,-8.562698133840875,0.4285714285714286,0.18779857084819973
1145,7,0.4,ILP-PA2,-8.051872510074883,0.4285714285714286,0.17289145099820113
1146,7,0.5,ReverseLPA,-10.39720770839918,-0.4285714285714286,0.18888888888888888
1147,7,0.5,ILP-PA1,-8.317766166719343,-0.23809523809523814,0.4340277777777778
1148,7,0.5,ILP-PA2,-11.090354888959125,0.04761904761904762,0.17282254076890682
1149,7,0.6,ReverseLPA,-10.711361144562664,-0.33333333333333337,0.4243055555555555
1150,7,0.6,ILP-PA1,-4.281349066920437,-0.5238095238095238,0.19580345361697868
1151,7,0.6,ILP-PA2,-2.4487676031721275,0.4285714285714286,0.3819444444444444
1152,7,0.7,ReverseLPA,-10.656638292833202,-0.04761904761904762,0.41944444444444445
1153,7,0.7,ILP-PA1,-3.477970440468069,0.04761904761904762,0.1697660086618665
1154,7,0.7,ILP-PA2,-3.477970440468069,0.04761904761904762,0.1697660086618665
1155,7,0.8,ReverseLPA,-11.394342831883648,0.04761904761904762,0.41944444444444445
1156,7,0.8,ILP-PA1,-5.227167786696088,-0.23809523809523814,0.43496926099624145
1157,7,0.8,ILP-PA2,-6.613462147815979,-0.14285714285714288,0.4111111111111111
1158,7,0.9,ReverseLPA,-13.409414746811104,0.14285714285714288,0.6291666666666667
1159,7,0.9,ILP-PA1,-3.3561902495723093,0.4285714285714286,0.44027777777777777
1160,7,0.9,ILP-PA2,-3.3561902495723093,0.4285714285714286,0.44027777777777777
1161,7,0.1,ReverseLPA,-12.039728043259359,-0.4285714285714286,0.6104166666666666
1162,7,0.1,ILP-PA1,-7.539918372929094,0.33333333333333337,0.3186803033913544
1163,7,0.1,ILP-PA2,-10.053224497238793,0.6190476190476191,0.19027777777777777
1164,7,0.2,ReverseLPA,-10.77234523117565,0.04761904761904762,0.2236111111111111
1165,7,0.2,ILP-PA1,-5.7208879425591395,-0.04761904761904762,0.6284722222222222
1166,7,0.2,ILP-PA2,-6.16717504518756,-0.33333333333333337,0.3877789376205169
1167,7,0.3,ReverseLPA,-10.211184349975216,-0.6190476190476191,0.6125
1168,7,0.3,ILP-PA1,-7.669290768813603,0.4285714285714286,0.20024019780346966
1169,7,0.3,ILP-PA2,-10.924534237852681,0.6190476190476191,0.3902777777777778
1170,7,0.4,ReverseLPA,-15.382198365068124,0.23809523809523814,0.4097222222222222
1171,7,0.4,ILP-PA1,-3.875883958812273,-0.04761904761904762,0.4041666666666667
1172,7,0.4,ILP-PA2,-15.382198365068124,0.33333333333333337,0.4111111111111111
1173,7,0.5,ReverseLPA,-11.78350206951907,-0.04761904761904762,0.18055555555555555
1174,7,0.5,ILP-PA1,-7.624618986159398,0.4285714285714286,0.22013888888888888
1175,7,0.5,ILP-PA2,-12.476649250079015,-0.23809523809523814,0.1910763658991187
1176,7,0.6,ReverseLPA,-12.754663639626628,0.04761904761904762,0.43472222222222223
1177,7,0.6,ILP-PA1,-4.281349066920437,-0.14285714285714288,0.4277777777777778
1178,7,0.6,ILP-PA2,-4.281349066920437,-0.14285714285714288,0.4277777777777778
1179,7,0.7,ReverseLPA,-9.943288404955736,-0.04761904761904762,0.3993055555555556
1180,7,0.7,ILP-PA1,-4.681943244794005,0.04761904761904762,0.20069444444444445
1181,7,0.7,ILP-PA2,-8.159913685262074,-0.33333333333333337,0.8055555555555556
1182,7,0.8,ReverseLPA,-12.286917037140487,0.4285714285714286,0.25416666666666665
1183,7,0.8,ILP-PA1,-4.733447630833036,0.04761904761904762,0.43472222222222223
1184,7,0.8,ILP-PA2,-4.733447630833036,0.04761904761904762,0.43472222222222223
1185,7,0.9,ReverseLPA,-13.409414746811104,0.04761904761904762,0.43333333333333335
1186,7,0.9,ILP-PA1,-5.974856889539835,0.14285714285714288,0.4486111111111111
1187,7,0.9,ILP-PA2,-6.290938436513313,0.14285714285714288,0.6291666666666667
1188,7,0.1,ReverseLPA,-12.039728043259359,-0.5238095238095238,0.39861111111111114
1189,7,0.1,ILP-PA1,-9.947863981580966,0.23809523809523814,0.2257820781875711
1190,7,0.1,ILP-PA2,-7.855999919902573,0.04761904761904762,0.19224173642834866
1191,7,0.2,ReverseLPA,-10.77234523117565,-0.04761904761904762,0.2076388888888889
1192,7,0.2,ILP-PA1,-5.94403149387335,0.4285714285714286,0.4534722222222222
1193,7,0.2,ILP-PA2,-5.7208879425591395,0.23809523809523814,0.24555671539829463
1194,7,0.3,ReverseLPA,-9.007211545649279,-0.23809523809523814,0.4222222222222223
1195,7,0.3,ILP-PA1,-5.395293132671471,0.04761904761904762,0.20506213776142035
1196,7,0.3,ILP-PA2,-10.299963348894469,0.5238095238095238,0.17072250643670667
1197,7,0.4,ReverseLPA,-10.800744705697348,-0.5238095238095238,0.7916666666666667
1198,7,0.4,ILP-PA1,-8.051872510074883,0.7142857142857143,0.16001853244873532
1199,7,0.4,ILP-PA2,-8.051872510074883,0.7142857142857143,0.16001853244873532
1200,7,0.5,ReverseLPA,-10.39720770839918,-0.7142857142857143,0.20277777777777778
1201,7,0.5,ILP-PA1,-11.090354888959125,-0.04761904761904762,0.19791666666666666
1202,7,0.5,ILP-PA2,-9.010913347279288,-0.23809523809523814,0.16326894651170734
1203,7,0.6,ReverseLPA,-12.754663639626628,0.4285714285714286,0.21666666666666667
1204,7,0.6,ILP-PA1,-10.81672166022049,-0.4285714285714286,0.22361111111111112
1205,7,0.6,ILP-PA2,-10.81672166022049,-0.4285714285714286,0.22361111111111112
1206,7,0.7,ReverseLPA,-11.013313236771934,0.23809523809523814,0.18888888888888888
1207,7,0.7,ILP-PA1,-8.159913685262074,0.04761904761904762,0.18055555555555555
1208,7,0.7,ILP-PA2,-8.159913685262074,0.04761904761904762,0.18055555555555555
1209,7,0.8,ReverseLPA,-11.394342831883648,0.04761904761904762,0.20625000000000002
1210,7,0.8,ILP-PA1,-11.39434283188365,-0.7142857142857143,0.23680555555555555
1211,7,0.8,ILP-PA2,-7.99975650893587,-0.33333333333333337,0.22291666666666668
1212,7,0.9,ReverseLPA,-13.620135778126757,0.4285714285714286,1.0
1213,7,0.9,ILP-PA1,-0.6321630939469578,-0.4285714285714286,1.0
1214,7,0.9,ILP-PA2,-1.5804077348673944,0.9047619047619049,0.5597356237266836
1215,7,0.1,ReverseLPA,-12.039728043259359,-0.33333333333333337,0.5833333333333333
1216,7,0.1,ILP-PA1,-10.263945528554444,0.4285714285714286,0.17869929235032547
1217,7,0.1,ILP-PA2,-10.263945528554444,0.14285714285714288,0.2015430441280842
1218,7,0.2,ReverseLPA,-9.16290731874155,-0.14285714285714288,0.38333333333333336
1219,7,0.2,ILP-PA1,-7.99975650893587,0.33333333333333337,0.21285238779549467
1220,7,0.2,ILP-PA2,-8.22290006025008,0.5238095238095238,0.18795855160958472
1221,7,0.3,ReverseLPA,-9.007211545649279,-0.04761904761904762,0.3854166666666667
1222,7,0.3,ILP-PA1,-4.5479952722842665,0.14285714285714288,0.1422263215912289
1223,7,0.3,ILP-PA2,-4.191320328345534,0.14285714285714288,0.4076388888888889
1224,7,0.4,ReverseLPA,-8.96816324194904,0.04761904761904762,0.5916666666666667
1225,7,0.4,ILP-PA1,-10.606000628904837,0.33333333333333337,0.21728435998364257
1226,7,0.4,ILP-PA2,-8.562698133840875,0.7142857142857143,0.19791666666666666
1227,7,0.5,ReverseLPA,-11.090354888959125,-0.14285714285714288,0.6138888888888889
1228,7,0.5,ILP-PA1,-9.704060527839234,0.23809523809523814,0.3722706848121885
1229,7,0.5,ILP-PA2,-9.704060527839234,0.23809523809523814,0.3722706848121885
1230,7,0.6,ReverseLPA,-12.243838015860637,0.14285714285714288,0.43472222222222223
1231,7,0.6,ILP-PA1,-2.959593226938118,-0.04761904761904762,0.1905285106015166
1232,7,0.6,ILP-PA2,-3.4704188507041085,0.04761904761904762,0.6111111111111112
1233,7,0.7,ReverseLPA,-10.299963348894469,-0.33333333333333337,1.0
1234,7,0.7,ILP-PA1,-4.325268300855273,0.14285714285714288,0.3544137020558634
1235,7,0.7,ILP-PA2,-4.325268300855273,0.14285714285714288,0.3544137020558634
1236,7,0.8,ReverseLPA,-10.724912177941018,-0.04761904761904762,0.19583333333333333
1237,7,0.8,ILP-PA1,-5.274600839930721,0.23809523809523814,0.2263888888888889
1238,7,0.8,ILP-PA2,-5.274600839930721,0.23809523809523814,0.2263888888888889
1239,7,0.9,ReverseLPA,-13.514775262468929,0.4285714285714286,0.6361111111111111
1240,7,0.9,ILP-PA1,-2.8293876712831776,-0.04761904761904762,0.6361111111111111
1241,7,0.9,ILP-PA2,-2.8293876712831776,-0.04761904761904762,0.6361111111111111
1242,7,0.1,ReverseLPA,-12.039728043259359,-0.04761904761904762,0.4277777777777778
1243,7,0.1,ILP-PA1,-10.369306044212271,0.5238095238095238,0.18390840309501533
1244,7,0.1,ILP-PA2,-10.474666559870098,0.23809523809523814,0.5113590091725343
1245,7,0.2,ReverseLPA,-9.16290731874155,-0.14285714285714288,0.38541666666666663
1246,7,0.2,ILP-PA1,-6.836605699130189,0.6190476190476191,0.17195215329726843
1247,7,0.2,ILP-PA2,-7.99975650893587,0.14285714285714288,0.19791666666666666
1248,7,0.3,ReverseLPA,-11.415157154301152,-0.14285714285714288,0.6076388888888888
1249,7,0.3,ILP-PA1,-9.720561433526743,0.14285714285714288,0.2111111111111111
1250,7,0.3,ILP-PA2,-10.077236377465477,-0.04761904761904762,0.23194444444444443
1251,7,0.4,ReverseLPA,-10.800744705697348,-0.33333333333333337,0.38888888888888895
1252,7,0.4,ILP-PA1,-9.073523757606864,0.14285714285714288,0.1876481803256947
1253,7,0.4,ILP-PA2,-7.646407401966719,-0.14285714285714288,0.2125475999177398
1254,7,0.5,ReverseLPA,-9.704060527839234,-0.23809523809523814,0.38333333333333336
1255,7,0.5,ILP-PA1,-9.010913347279288,0.04761904761904762,0.19444444444444442
1256,7,0.5,ILP-PA2,-2.772588722239781,-0.33333333333333337,0.4041666666666667
1257,7,0.6,ReverseLPA,-9.689709897030683,0.33333333333333337,0.1875
1258,7,0.6,ILP-PA1,-8.562698133840875,-0.23809523809523814,0.19181768175467703
1259,7,0.6,ILP-PA2,-3.259697819388456,0.23809523809523814,0.1875
1260,7,0.7,ReverseLPA,-11.726663124649399,0.33333333333333337,0.21666666666666667
1261,7,0.7,ILP-PA1,-6.465317964487667,0.6190476190476191,0.13980606962387546
1262,7,0.7,ILP-PA2,-3.8346453844068016,-0.23809523809523814,0.43472222222222223
1263,7,0.8,ReverseLPA,-11.84062993451207,-0.14285714285714288,1.0
1264,7,0.8,ILP-PA1,-4.11145003012504,0.5238095238095238,0.6291666666666667
1265,7,0.8,ILP-PA2,-4.11145003012504,0.5238095238095238,0.6291666666666667
1266,7,0.9,ReverseLPA,-13.304054231153279,0.14285714285714288,0.4263888888888889
1267,7,0.9,ILP-PA1,-8.172081466876053,0.6190476190476191,0.15521622571846747
1268,7,0.9,ILP-PA2,-8.172081466876053,0.6190476190476191,0.15521622571846747
1269,7,0.1,ReverseLPA,-12.039728043259359,-0.33333333333333337,1.0
1270,7,0.1,ILP-PA1,-9.631782434607487,0.33333333333333337,0.18186219106819854
1271,7,0.1,ILP-PA2,-9.737142950265314,0.33333333333333337,0.1571770111057849
1272,7,0.2,ReverseLPA,-9.16290731874155,0.23809523809523814,0.19027777777777777
1273,7,0.2,ILP-PA1,-8.22290006025008,0.33333333333333337,0.3868931892986822
1274,7,0.2,ILP-PA2,-8.446043611564289,0.33333333333333337,0.19407577542236087
1275,7,0.3,ReverseLPA,-9.00721154564928,-0.4285714285714286,0.8194444444444444
1276,7,0.3,ILP-PA1,-9.586613461017004,0.33333333333333337,0.18888888888888888
1277,7,0.3,ILP-PA2,-10.790586265342942,-0.4285714285714286,0.5389433263923558
1278,7,0.4,ReverseLPA,-13.549616901319814,-0.14285714285714288,0.6069444444444445
1279,7,0.4,ILP-PA1,-3.7705234431544463,0.14285714285714288,0.4125
1280,7,0.4,ILP-PA2,-3.7705234431544463,0.14285714285714288,0.42083333333333334
1281,7,0.5,ReverseLPA,-9.704060527839234,-0.4285714285714286,0.5833333333333333
1282,7,0.5,ILP-PA1,-2.0794415416798357,-0.14285714285714288,0.29979752720413055
1283,7,0.5,ILP-PA2,-2.0794415416798357,-0.14285714285714288,0.29979752720413055
1284,7,0.6,ReverseLPA,-10.200535520796674,-0.7142857142857143,0.39166666666666666
1285,7,0.6,ILP-PA1,-4.686814175028601,0.7142857142857143,0.375
1286,7,0.6,ILP-PA2,-4.686814175028601,0.9047619047619049,0.375
1287,7,0.7,ReverseLPA,-10.299963348894469,-0.33333333333333337,0.2111111111111111
1288,7,0.7,ILP-PA1,-12.128507042178615,-0.33333333333333337,0.19930555555555557
1289,7,0.7,ILP-PA2,-11.147261209281673,-0.04761904761904762,0.16541963914480387
1290,7,0.8,ReverseLPA,-11.17119928056944,-0.14285714285714288,0.20972222222222223
1291,7,0.8,ILP-PA1,-7.506036353072818,-0.33333333333333337,0.24254759991773983
1292,7,0.8,ILP-PA2,-7.506036353072818,-0.33333333333333337,0.24254759991773983
1293,7,0.9,ReverseLPA,-13.409414746811104,-0.14285714285714288,0.6361111111111111
1294,7,0.9,ILP-PA1,-2.8293876712831776,-0.33333333333333337,0.6138888888888889
1295,7,0.9,ILP-PA2,-2.8293876712831776,-0.33333333333333337,0.6138888888888889
1296,7,0.1,ReverseLPA,-12.039728043259359,-0.14285714285714288,0.8125
1297,7,0.1,ILP-PA1,-10.263945528554444,0.23809523809523814,0.15288988457649683
1298,7,0.1,ILP-PA2,-7.434557857271268,0.23809523809523814,0.16647254487098806
1299,7,0.2,ReverseLPA,-9.16290731874155,0.23809523809523814,0.19027777777777777
1300,7,0.2,ILP-PA1,-8.22290006025008,0.5238095238095238,0.23689318929868222
1301,7,0.2,ILP-PA2,-10.278625075312599,0.04761904761904762,0.8125
1302,7,0.3,ReverseLPA,-10.211184349975214,-0.6190476190476191,0.8055555555555556
1303,7,0.3,ILP-PA1,-11.994559069668878,-0.04761904761904762,0.2065370692145836
1304,7,0.3,ILP-PA2,-5.038618188732738,0.04761904761904762,0.19987040254791694
1305,7,0.4,ReverseLPA,-8.96816324194904,-0.04761904761904762,0.37500000000000006
1306,7,0.4,ILP-PA1,-10.095175005138847,-0.14285714285714288,0.22176070665940717
1307,7,0.4,ILP-PA2,-7.751767917624546,-0.33333333333333337,0.2418175777734286
1308,7,0.5,ReverseLPA,-12.476649250079015,0.33333333333333337,0.18055555555555555
1309,7,0.5,ILP-PA1,-4.1588830833596715,-0.6190476190476191,0.22152777777777777
1310,7,0.5,ILP-PA2,-4.1588830833596715,-0.4285714285714286,0.17812052807929157
1311,7,0.6,ReverseLPA,-10.711361144562664,-0.04761904761904762,0.40902777777777777
1312,7,0.6,ILP-PA1,-2.854232711280291,-0.14285714285714288,0.4131944444444444
1313,7,0.6,ILP-PA2,-2.854232711280291,-0.33333333333333337,0.4215277777777778
1314,7,0.7,ReverseLPA,-11.726663124649399,0.4285714285714286,0.22916666666666666
1315,7,0.7,ILP-PA1,-2.6306725800808657,-0.14285714285714288,0.23750000000000002
1316,7,0.7,ILP-PA2,-3.8346453844068016,-0.4285714285714286,0.23750000000000002
1317,7,0.8,ReverseLPA,-11.394342831883648,0.04761904761904762,0.6069444444444445
1318,7,0.8,ILP-PA1,-10.2786250753126,0.23809523809523814,0.6125
1319,7,0.8,ILP-PA2,-10.2786250753126,0.23809523809523814,0.6125
1320,7,0.9,ReverseLPA,-13.19869371549545,-0.04761904761904762,0.6222222222222222
1321,7,0.9,ILP-PA1,-10.685387591185751,0.6190476190476191,0.15521622571846747
1322,7,0.9,ILP-PA2,-8.593523529507358,-0.04761904761904762,0.6069444444444445
1323,7,0.1,ReverseLPA,-12.039728043259359,-0.04761904761904762,0.24375
1324,7,0.1,ILP-PA1,-12.250449074575013,-0.4285714285714286,0.5518931892986823
1325,7,0.1,ILP-PA2,-7.539918372929095,0.9047619047619049,0.17439035826798577
1326,7,0.2,ReverseLPA,-12.38178314360975,-0.33333333333333337,0.5833333333333333
1327,7,0.2,ILP-PA1,-4.780880684067669,0.14285714285714288,0.18099611445626657
1328,7,0.2,ILP-PA2,-8.446043611564289,0.23809523809523814,0.19444444444444445
1329,7,0.3,ReverseLPA,-7.803238741323343,-0.14285714285714288,0.4159722222222222
1330,7,0.3,ILP-PA1,-10.29996334889447,0.5238095238095238,0.1839510266503092
1331,7,0.3,ILP-PA2,-7.669290768813603,0.14285714285714288,0.41250000000000003
1332,7,0.4,ReverseLPA,-9.884453973823192,0.14285714285714288,0.16666666666666666
1333,7,0.4,ILP-PA1,-7.646407401966719,0.33333333333333337,0.18055555555555555
1334,7,0.4,ILP-PA2,-2.448767603172127,-0.4285714285714286,0.19219517726818328
1335,7,0.5,ReverseLPA,-11.090354888959125,-0.04761904761904762,0.40625
1336,7,0.5,ILP-PA1,-9.010913347279288,-0.04761904761904762,0.2097222222222222
1337,7,0.5,ILP-PA2,-9.010913347279288,0.14285714285714288,0.23333333333333334
1338,7,0.6,ReverseLPA,-10.200535520796674,-0.23809523809523814,0.20138888888888887
1339,7,0.6,ILP-PA1,-9.073523757606864,0.5238095238095238,0.1571142300879112
1340,7,0.6,ILP-PA2,-9.98981448948102,0.4285714285714286,0.1496606701629119
1341,7,0.7,ReverseLPA,-10.299963348894469,0.04761904761904762,0.40625
1342,7,0.7,ILP-PA1,-11.77183209823988,-0.14285714285714288,0.15667652111585725
1343,7,0.7,ILP-PA2,-11.28120918179141,-0.14285714285714288,0.16964103693522908
1344,7,0.8,ReverseLPA,-12.286917037140487,0.04761904761904762,1.0
1345,7,0.8,ILP-PA1,-3.8408734255761976,0.33333333333333337,0.16130615074548685
1346,7,0.8,ILP-PA2,-2.0082919618278874,0.14285714285714288,0.43936525335631327
1347,7,0.9,ReverseLPA,-13.514775262468929,0.14285714285714288,0.8194444444444444
1348,7,0.9,ILP-PA1,-3.777632312203614,0.14285714285714288,0.6291666666666667
1349,7,0.9,ILP-PA2,-0.6321630939469578,0.4285714285714286,0.6291666666666667
1350,7,0.1,ReverseLPA,-12.039728043259359,-0.23809523809523814,0.3993055555555556
1351,7,0.1,ILP-PA1,-12.250449074575013,0.04761904761904762,0.4159722222222222
1352,7,0.1,ILP-PA2,-10.053224497238793,0.04761904761904762,0.3371313309779165
1353,7,0.2,ReverseLPA,-9.16290731874155,-0.4285714285714286,0.8020833333333334
1354,7,0.2,ILP-PA1,-9.83233797268418,-0.23809523809523814,0.5030256758392009
1355,7,0.2,ILP-PA2,-7.77661295762166,0.6190476190476191,0.17155036958176187
1356,7,0.3,ReverseLPA,-9.007211545649279,-0.33333333333333337,0.20138888888888887
1357,7,0.3,ILP-PA1,-8.516588629200808,0.5238095238095238,0.1999701832372034
1358,7,0.3,ILP-PA2,-5.038618188732738,0.7142857142857143,0.1474201365381963
1359,7,0.4,ReverseLPA,-9.884453973823192,0.04761904761904762,0.38888888888888884
1360,7,0.4,ILP-PA1,-10.50064011324701,0.33333333333333337,0.14138773993174525
1361,7,0.4,ILP-PA2,-3.4704188507041085,-0.23809523809523814,0.16666666666666666
1362,7,0.5,ReverseLPA,-12.476649250079015,0.23809523809523814,0.20833333333333334
1363,7,0.5,ILP-PA1,-6.931471805599453,-0.14285714285714288,0.4097222222222222
1364,7,0.5,ILP-PA2,-7.624618986159398,0.5238095238095238,0.1692858424769149
1365,7,0.6,ReverseLPA,-12.243838015860637,0.33333333333333337,0.1909722222222222
1366,7,0.6,ILP-PA1,-11.222186768328655,-0.04761904761904762,0.18608406615707215
1367,7,0.6,ILP-PA2,-11.222186768328655,-0.04761904761904762,0.18608406615707215
1368,7,0.7,ReverseLPA,-11.013313236771934,0.33333333333333337,0.1909722222222222
1369,7,0.7,ILP-PA1,-4.325268300855273,-0.04761904761904762,0.19930555555555557
1370,7,0.7,ILP-PA2,-10.299963348894469,-0.33333333333333337,0.21180555555555555
1371,7,0.8,ReverseLPA,-11.617486383197857,0.6190476190476191,0.3923611111111111
1372,7,0.8,ILP-PA1,-5.227167786696088,-0.33333333333333337,0.1888048688395801
1373,7,0.8,ILP-PA2,-8.89233071419271,0.33333333333333337,0.17663962171262773
1374,7,0.9,ReverseLPA,-13.304054231153279,0.8095238095238096,0.22361111111111112
1375,7,0.9,ILP-PA1,-5.553414826908529,-0.14285714285714288,0.20941739949040547
1376,7,0.9,ILP-PA2,-8.488163013849533,-0.23809523809523814,0.6222222222222222
1377,7,0.1,ReverseLPA,-12.039728043259359,0.14285714285714288,0.42291666666666666
1378,7,0.1,ILP-PA1,-12.671891137206316,-0.33333333333333337,1.0
1379,7,0.1,ILP-PA2,-12.88261216852197,-0.04761904761904762,0.3856040181455218
1380,7,0.2,ReverseLPA,-9.16290731874155,0.33333333333333337,0.6083333333333334
1381,7,0.2,ILP-PA1,-7.99975650893587,-0.04761904761904762,0.3646923425058676
1382,7,0.2,ILP-PA2,-7.77661295762166,0.04761904761904762,0.17062444365583596
1383,7,0.3,ReverseLPA,-15.02707556727896,-0.23809523809523814,0.39375000000000004
1384,7,0.3,ILP-PA1,-14.536452650830487,0.33333333333333337,0.15499414006288756
1385,7,0.3,ILP-PA2,-2.7646205525906047,0.04761904761904762,0.17635900917253428
1386,7,0.4,ReverseLPA,-12.63332616944566,-0.33333333333333337,0.18055555555555555
1387,7,0.4,ILP-PA1,-8.051872510074883,-0.33333333333333337,0.20224075467095756
1388,7,0.4,ILP-PA2,-3.875883958812273,-0.6190476190476191,0.17708333333333331
1389,7,0.5,ReverseLPA,-9.010913347279288,-0.14285714285714288,0.16666666666666666
1390,7,0.5,ILP-PA1,-6.931471805599452,0.04761904761904762,0.18055555555555555
1391,7,0.5,ILP-PA2,-2.0794415416798357,-0.4285714285714286,0.20277777777777778
1392,7,0.6,ReverseLPA,-10.200535520796674,-0.14285714285714288,0.2076388888888889
1393,7,0.6,ILP-PA1,-7.646407401966719,-0.33333333333333337,0.3318903550169494
1394,7,0.6,ILP-PA2,-4.686814175028601,0.04761904761904762,0.22152777777777777
1395,7,0.7,ReverseLPA,-10.656638292833202,0.6190476190476191,0.22013888888888888
1396,7,0.7,ILP-PA1,-2.987347524019598,0.14285714285714288,0.2077963102265131
1397,7,0.7,ILP-PA2,-10.656638292833202,0.4285714285714286,0.19330628837929437
1398,7,0.8,ReverseLPA,-11.394342831883648,-0.14285714285714288,0.8083333333333333
1399,7,0.8,ILP-PA1,-5.673454889324508,0.5238095238095238,0.17010717344922185
1400,7,0.8,ILP-PA2,-2.5020121176909393,-0.33333333333333337,0.5005285106015166
1401,7,0.9,ReverseLPA,-13.620135778126757,0.4285714285714286,1.0
1402,7,0.9,ILP-PA1,-0.6321630939469578,-0.4285714285714286,1.0
1403,7,0.9,ILP-PA2,-1.5804077348673944,0.9047619047619049,0.5597356237266836
1404,7,0.1,ReverseLPA,-14.342313136253404,-0.33333333333333337,0.4236111111111111
1405,7,0.1,ILP-PA1,-2.7240271556253504,0.14285714285714288,0.210981513659028
1406,7,0.1,ILP-PA2,-2.6186666399675245,0.5238095238095238,0.13764133045520352
1407,7,0.2,ReverseLPA,-12.38178314360975,-0.4285714285714286,0.1736111111111111
1408,7,0.2,ILP-PA1,-5.7208879425591395,-0.14285714285714288,0.26111111111111107
1409,7,0.2,ILP-PA2,-2.5020121176909393,-0.04761904761904762,0.40972222222222227
1410,7,0.3,ReverseLPA,-11.415157154301152,0.33333333333333337,0.17708333333333331
1411,7,0.3,ILP-PA1,-11.281209181791413,0.33333333333333337,0.6125
1412,7,0.3,ILP-PA2,-3.121295496529337,0.33333333333333337,0.1736111111111111
1413,7,0.4,ReverseLPA,-9.884453973823192,0.4285714285714286,0.1736111111111111
1414,7,0.4,ILP-PA1,-2.959593226938118,-0.33333333333333337,0.19444444444444442
1415,7,0.4,ILP-PA2,-1.9379419794061366,-0.04761904761904762,0.20153706921458356
1416,7,0.5,ReverseLPA,-8.317766166719343,-0.33333333333333337,0.38888888888888895
1417,7,0.5,ILP-PA1,-3.4657359027997265,0.5238095238095238,0.44652777777777775
1418,7,0.5,ILP-PA2,-11.090354888959125,0.23809523809523814,0.37500000000000006
1419,7,0.6,ReverseLPA,-11.222186768328655,-0.14285714285714288,0.19791666666666666
1420,7,0.6,ILP-PA1,-8.051872510074883,-0.33333333333333337,0.1703427503015138
1421,7,0.6,ILP-PA2,-4.281349066920437,-0.33333333333333337,0.16964103693522908
1422,7,0.7,ReverseLPA,-10.656638292833202,-0.33333333333333337,1.0
1423,7,0.7,ILP-PA1,-11.147261209281671,-0.14285714285714288,0.213761263526895
1424,7,0.7,ILP-PA2,-8.159913685262074,-0.23809523809523814,0.8125
1425,7,0.8,ReverseLPA,-12.063773485826278,-0.04761904761904762,0.8125
1426,7,0.8,ILP-PA1,-6.119741991952927,-0.23809523809523814,0.17986670294907972
1427,7,0.8,ILP-PA2,-6.119741991952927,-0.4285714285714286,0.8194444444444444
1428,7,0.9,ReverseLPA,-13.514775262468929,0.14285714285714288,0.8194444444444444
1429,7,0.9,ILP-PA1,-4.093713859177093,0.14285714285714288,0.8194444444444444
1430,7,0.9,ILP-PA2,-4.093713859177093,0.14285714285714288,0.8194444444444444
1431,7,0.1,ReverseLPA,-12.039728043259359,0.14285714285714288,0.18194444444444444
1432,7,0.1,ILP-PA1,-10.053224497238793,0.6190476190476191,0.6083333333333334
1433,7,0.1,ILP-PA2,-10.15858501289662,0.8095238095238096,0.25230856195700924
1434,7,0.2,ReverseLPA,-10.77234523117565,-0.23809523809523814,0.4527777777777778
1435,7,0.2,ILP-PA1,-6.613462147815979,0.4285714285714286,0.16617324887253146
1436,7,0.2,ILP-PA2,-10.50176862662681,0.23809523809523814,0.16617324887253146
1437,7,0.3,ReverseLPA,-10.211184349975216,-0.14285714285714288,0.375
1438,7,0.3,ILP-PA1,-12.707908957546342,0.6190476190476191,0.16326894651170734
1439,7,0.3,ILP-PA2,-4.904670216222999,0.23809523809523814,0.19791666666666666
1440,7,0.4,ReverseLPA,-12.63332616944566,0.23809523809523814,0.3958333333333333
1441,7,0.4,ILP-PA1,-12.738686685103485,0.14285714285714288,0.2026481803256947
1442,7,0.4,ILP-PA2,-13.65497741697764,-0.5238095238095238,0.1571212713299108
1443,7,0.5,ReverseLPA,-10.39720770839918,0.14285714285714288,0.18055555555555555
1444,7,0.5,ILP-PA1,-9.010913347279288,0.4285714285714286,0.14261739007326582
1445,7,0.5,ILP-PA2,-3.4657359027997265,-0.6190476190476191,0.2798611111111111
1446,7,0.6,ReverseLPA,-11.733012392094645,0.6190476190476191,0.21805555555555556
1447,7,0.6,ILP-PA1,-11.627651876436817,-0.33333333333333337,0.24027777777777778
1448,7,0.6,ILP-PA2,-9.178884273264691,-0.14285714285714288,0.18890742133762423
1449,7,0.7,ReverseLPA,-11.013313236771934,0.04761904761904762,0.4041666666666667
1450,7,0.7,ILP-PA1,-11.503936153220405,0.23809523809523814,0.3958333333333333
1451,7,0.7,ILP-PA2,-11.503936153220405,0.23809523809523814,0.3958333333333333
1452,7,0.8,ReverseLPA,-11.617486383197857,-0.14285714285714288,0.8055555555555556
1453,7,0.8,ILP-PA1,-9.56176136813534,0.14285714285714288,0.16822534119902233
1454,7,0.8,ILP-PA2,-5.004024235381879,0.9047619047619049,0.15571850435308937
1455,7,0.9,ReverseLPA,-13.304054231153279,0.14285714285714288,0.8125
1456,7,0.9,ILP-PA1,-5.553414826908529,-0.14285714285714288,0.43472222222222223
1457,7,0.9,ILP-PA2,-3.3561902495723093,0.04761904761904762,0.1444356992535051
1458,7,0.1,ReverseLPA,-14.342313136253404,0.04761904761904762,0.21875
1459,7,0.1,ILP-PA1,-14.869115714542536,0.23809523809523814,0.14899893216446777
1460,7,0.1,ILP-PA2,-12.671891137206318,0.5238095238095238,0.2520833333333333
1461,7,0.2,ReverseLPA,-18.81953479334615,-0.5238095238095238,0.6347222222222222
1462,7,0.2,ILP-PA1,-16.49323317373479,-0.23809523809523814,0.43819444444444444
1463,7,0.2,ILP-PA2,-6.613462147815979,-0.6190476190476191,0.43333333333333335
1464,7,0.3,ReverseLPA,-9.007211545649279,0.4285714285714286,0.17708333333333331
1465,7,0.3,ILP-PA1,-3.834645384406802,-0.14285714285714288,0.2615370692145836
1466,7,0.3,ILP-PA2,-6.8219929084264,0.23809523809523814,0.16785548078040594
1467,7,0.4,ReverseLPA,-8.051872510074883,-0.23809523809523814,0.18888888888888888
1468,7,0.4,ILP-PA1,-2.3434070875143007,0.14285714285714288,0.32864961427620865
1469,7,0.4,ILP-PA2,-2.3434070875143007,0.14285714285714288,0.22060401814552177
1470,7,0.5,ReverseLPA,-10.39720770839918,-0.4285714285714286,0.39583333333333337
1471,7,0.5,ILP-PA1,-9.010913347279288,0.23809523809523814,0.18055555555555555
1472,7,0.5,ILP-PA2,-7.624618986159398,0.23809523809523814,0.13759669196159927
1473,7,0.6,ReverseLPA,-11.222186768328655,-0.04761904761904762,0.40069444444444446
1474,7,0.6,ILP-PA1,-7.646407401966719,-0.6190476190476191,0.43472222222222223
1475,7,0.6,ILP-PA2,-4.281349066920437,0.04761904761904762,0.425
1476,7,0.7,ReverseLPA,-10.656638292833202,-0.33333333333333337,0.625
1477,7,0.7,ILP-PA1,-9.095990544568533,0.04761904761904762,0.2056040181455218
1478,7,0.7,ILP-PA2,-9.095990544568533,0.04761904761904762,0.2056040181455218
1479,7,0.8,ReverseLPA,-11.394342831883648,-0.04761904761904762,0.4159722222222222
1480,7,0.8,ILP-PA1,-5.497744391244931,-0.4285714285714286,0.43125
1481,7,0.8,ILP-PA2,-6.3903185965017695,-0.6190476190476191,0.17431114739352416
1482,7,0.9,ReverseLPA,-13.304054231153279,0.23809523809523814,0.40902777777777777
1483,7,0.9,ILP-PA1,-5.026612248619396,-0.4285714285714286,0.18256497252373602
1484,7,0.9,ILP-PA2,-5.553414826908528,-0.04761904761904762,0.17241314302408042
1485,7,0.1,ReverseLPA,-12.039728043259359,0.14285714285714288,0.6069444444444445
1486,7,0.1,ILP-PA1,-10.369306044212271,0.33333333333333337,0.16617324887253146
1487,7,0.1,ILP-PA2,-9.947863981580966,0.14285714285714288,0.17773795900809278
1488,7,0.2,ReverseLPA,-12.38178314360975,-0.33333333333333337,0.18888888888888888
1489,7,0.2,ILP-PA1,-9.60919442136997,0.4285714285714286,0.19362680879753075
1490,7,0.2,ILP-PA2,-9.60919442136997,0.33333333333333337,0.18442104413209512
1491,7,0.3,ReverseLPA,-9.007211545649279,-0.7142857142857143,0.2513888888888889
1492,7,0.3,ILP-PA1,-10.299963348894469,0.5238095238095238,0.22595210193775897
1493,7,0.3,ILP-PA2,-10.077236377465477,0.14285714285714288,0.6291666666666667
1494,7,0.4,ReverseLPA,-8.96816324194904,0.04761904761904762,0.4354166666666667
1495,7,0.4,ILP-PA1,-6.219291046326574,0.5238095238095238,0.14554996810104592
1496,7,0.4,ILP-PA2,-9.989814489481022,-0.14285714285714288,0.22570657064356592
1497,7,0.5,ReverseLPA,-11.090354888959125,0.5238095238095238,0.18888888888888888
1498,7,0.5,ILP-PA1,-5.545177444479562,-0.14285714285714288,0.17663962171262773
1499,7,0.5,ILP-PA2,-9.704060527839234,0.6190476190476191,0.16441739949040549
1500,7,0.6,ReverseLPA,-12.754663639626628,-0.23809523809523814,0.225
1501,7,0.6,ILP-PA1,-6.83547718575039,0.04761904761904762,0.31632733682957853
1502,7,0.6,ILP-PA2,-4.281349066920437,-0.14285714285714288,0.23194444444444443
1503,7,0.7,ReverseLPA,-11.726663124649399,0.04761904761904762,0.6152777777777778
1504,7,0.7,ILP-PA1,-10.522690320323463,0.5238095238095238,0.20126212619912148
1505,7,0.7,ILP-PA2,-10.522690320323463,0.5238095238095238,0.20126212619912148
1506,7,0.8,ReverseLPA,-12.063773485826278,0.5238095238095238,0.44166666666666665
1507,7,0.8,ILP-PA1,-2.725155669005149,0.14285714285714288,0.43472222222222223
1508,7,0.8,ILP-PA2,-3.8408734255761976,0.14285714285714288,0.1586228067139135
1509,7,0.9,ReverseLPA,-13.514775262468929,0.4285714285714286,0.4486111111111111
1510,7,0.9,ILP-PA1,-3.7776323122036146,-0.5238095238095238,0.6291666666666667
1511,7,0.9,ILP-PA2,-3.7776323122036146,-0.5238095238095238,0.6291666666666667
1512,7,0.1,ReverseLPA,-12.039728043259359,0.23809523809523814,0.59375
1513,7,0.1,ILP-PA1,-12.671891137206316,-0.04761904761904762,0.26497944837942355
1514,7,0.1,ILP-PA2,-7.8559999199025725,0.23809523809523814,0.18169446597461317
1515,7,0.2,ReverseLPA,-9.16290731874155,-0.8095238095238096,0.7916666666666666
1516,7,0.2,ILP-PA1,-4.11145003012504,0.9047619047619049,0.17397567279953705
1517,7,0.2,ILP-PA2,-7.77661295762166,0.14285714285714288,0.1654307404270737
1518,7,0.3,ReverseLPA,-12.619129958627088,0.14285714285714288,0.18055555555555555
1519,7,0.3,ILP-PA1,-12.128507042178617,-0.33333333333333337,0.175
1520,7,0.3,ILP-PA2,-4.3252683008552735,-0.14285714285714288,0.2097222222222222
1521,7,0.4,ReverseLPA,-13.549616901319814,0.6190476190476191,0.18055555555555555
1522,7,0.4,ILP-PA1,-3.365058335046282,-0.14285714285714288,0.16478719474595824
1523,7,0.4,ILP-PA2,-3.365058335046282,-0.6190476190476191,0.16478719474595824
1524,7,0.5,ReverseLPA,-9.704060527839234,-0.14285714285714288,0.19027777777777777
1525,7,0.5,ILP-PA1,-11.78350206951907,-0.23809523809523814,0.17068807741110978
1526,7,0.5,ILP-PA2,-11.090354888959125,-0.23809523809523814,0.1793148469923614
1527,7,0.6,ReverseLPA,-12.243838015860637,-0.33333333333333337,0.6145833333333333
1528,7,0.6,ILP-PA1,-4.281349066920437,-0.33333333333333337,0.18557408800429087
1529,7,0.6,ILP-PA2,-7.240942293858555,-0.33333333333333337,0.17933645231013345
1530,7,0.7,ReverseLPA,-10.656638292833202,0.4285714285714286,0.5916666666666667
1531,7,0.7,ILP-PA1,-9.007211545649277,0.23809523809523814,0.17630770360189574
1532,7,0.7,ILP-PA2,-9.007211545649277,0.23809523809523814,0.17630770360189574
1533,7,0.8,ReverseLPA,-12.063773485826278,0.04761904761904762,0.6208333333333333
1534,7,0.8,ILP-PA1,-6.789172645895556,-0.23809523809523814,0.2766050159537723
1535,7,0.8,ILP-PA2,-6.789172645895556,-0.23809523809523814,0.2766050159537723
1536,7,0.9,ReverseLPA,-13.620135778126757,0.4285714285714286,1.0
1537,7,0.9,ILP-PA1,-0.6321630939469578,-0.4285714285714286,1.0
1538,7,0.9,ILP-PA2,-1.5804077348673944,0.9047619047619049,0.5597356237266836
1539,7,0.1,ReverseLPA,-12.039728043259359,-0.23809523809523814,0.4131944444444444
1540,7,0.1,ILP-PA1,-12.461170105890664,0.14285714285714288,0.2068931892986822
1541,7,0.1,ILP-PA2,-10.053224497238793,0.23809523809523814,0.16374289573682566
1542,7,0.2,ReverseLPA,-9.16290731874155,-0.33333333333333337,0.6104166666666666
1543,7,0.2,ILP-PA1,-8.669187162878499,0.5238095238095238,0.1666239732153834
1544,7,0.2,ILP-PA2,-5.94403149387335,0.9047619047619049,0.14054661894506212
1545,7,0.3,ReverseLPA,-11.415157154301152,-0.6190476190476191,0.175
1546,7,0.3,ILP-PA1,-10.433911321404208,-0.04761904761904762,0.19791666666666666
1547,7,0.3,ILP-PA2,-2.2739976361421332,-0.04761904761904762,0.18055555555555555
1548,7,0.4,ReverseLPA,-10.800744705697348,-0.14285714285714288,0.19444444444444442
1549,7,0.4,ILP-PA1,-8.15723302573271,0.14285714285714288,0.18034275030151378
1550,7,0.4,ILP-PA2,-6.219291046326573,0.23809523809523814,0.16621710520816516
1551,7,0.5,ReverseLPA,-11.090354888959125,-0.04761904761904762,0.19930555555555557
1552,7,0.5,ILP-PA1,-9.704060527839234,-0.4285714285714286,0.15812052807929158
1553,7,0.5,ILP-PA2,-4.1588830833596715,-0.6190476190476191,0.21180555555555555
1554,7,0.6,ReverseLPA,-10.711361144562664,0.6190476190476191,0.19930555555555557
1555,7,0.6,ILP-PA1,-9.284244788922518,-0.23809523809523814,0.42847222222222225
1556,7,0.6,ILP-PA2,-8.051872510074883,0.04761904761904762,0.1431522475171548
1557,7,0.7,ReverseLPA,-11.726663124649399,0.4285714285714286,0.19930555555555557
1558,7,0.7,ILP-PA1,-3.8346453844068016,-0.23809523809523814,0.23541666666666666
1559,7,0.7,ILP-PA2,-3.8346453844068016,-0.14285714285714288,0.23541666666666666
1560,7,0.8,ReverseLPA,-11.617486383197857,-0.14285714285714288,0.8125
1561,7,0.8,ILP-PA1,-8.89233071419271,-0.04761904761904762,0.18080542570706795
1562,7,0.8,ILP-PA2,-5.227167786696088,-0.04761904761904762,0.1611304029477092
1563,7,0.9,ReverseLPA,-13.409414746811104,0.23809523809523814,0.43472222222222223
1564,7,0.9,ILP-PA1,-2.8293876712831776,-0.14285714285714288,0.8055555555555556
1565,7,0.9,ILP-PA2,-2.8293876712831776,-0.14285714285714288,0.8055555555555556
1566,7,0.1,ReverseLPA,-12.039728043259359,-0.8095238095238096,0.7916666666666666
1567,7,0.1,ILP-PA1,-5.026612248619396,0.9047619047619049,0.2064332530606405
1568,7,0.1,ILP-PA2,-7.539918372929094,0.6190476190476191,0.3340567864633898
1569,7,0.2,ReverseLPA,-9.16290731874155,-0.33333333333333337,0.4173611111111111
1570,7,0.2,ILP-PA1,-7.99975650893587,0.04761904761904762,0.59375
1571,7,0.2,ILP-PA2,-6.3903185965017695,0.6190476190476191,0.1548910017087933
1572,7,0.3,ReverseLPA,-11.415157154301152,-0.5238095238095238,0.38333333333333336
1573,7,0.3,ILP-PA1,-3.121295496529337,0.23809523809523814,0.19236111111111112
1574,7,0.3,ILP-PA2,-2.2739976361421332,0.23809523809523814,0.18402777777777776
1575,7,0.4,ReverseLPA,-8.96816324194904,-0.23809523809523814,0.6180555555555556
1576,7,0.4,ILP-PA1,-8.562698133840875,0.5238095238095238,0.19236111111111112
1577,7,0.4,ILP-PA2,-8.562698133840875,0.6190476190476191,0.19236111111111112
1578,7,0.5,ReverseLPA,-7.6246189861593985,-0.14285714285714288,0.6020833333333333
1579,7,0.5,ILP-PA1,-4.852030263919617,0.04761904761904762,0.20499548815381266
1580,7,0.5,ILP-PA2,-4.852030263919617,0.5238095238095238,0.19400522993682143
1581,7,0.6,ReverseLPA,-10.200535520796674,0.23809523809523814,0.18055555555555555
1582,7,0.6,ILP-PA1,-7.135581778200729,0.14285714285714288,0.39375
1583,7,0.6,ILP-PA2,-7.135581778200729,-0.14285714285714288,0.39375
1584,7,0.7,ReverseLPA,-10.656638292833202,0.04761904761904762,0.3993055555555556
1585,7,0.7,ILP-PA1,-3.477970440468069,-0.04761904761904762,0.4076388888888889
1586,7,0.7,ILP-PA2,-11.28120918179141,-0.23809523809523814,0.22708333333333333
1587,7,0.8,ReverseLPA,-12.063773485826278,0.4285714285714286,0.2472222222222222
1588,7,0.8,ILP-PA1,-6.789172645895556,0.04761904761904762,0.23541666666666666
1589,7,0.8,ILP-PA2,-5.227167786696088,-0.04761904761904762,0.1663273368295786
1590,7,0.9,ReverseLPA,-13.620135778126757,0.4285714285714286,1.0
1591,7,0.9,ILP-PA1,-0.6321630939469578,-0.4285714285714286,1.0
1592,7,0.9,ILP-PA2,-1.5804077348673944,0.9047619047619049,0.5597356237266836
1593,7,0.1,ReverseLPA,-12.039728043259359,0.4285714285714286,0.5833333333333333
1594,7,0.1,ILP-PA1,-10.15858501289662,0.23809523809523814,0.32148747875398936
1595,7,0.1,ILP-PA2,-7.7506394042447475,0.14285714285714288,0.31110230164629277
1596,7,0.2,ReverseLPA,-13.99122105604385,-0.14285714285714288,0.6125
1597,7,0.2,ILP-PA1,-9.83233797268418,-0.33333333333333337,0.27902526792112575
1598,7,0.2,ILP-PA2,-3.4420193761824103,0.14285714285714288,0.17524789806142316
1599,7,0.3,ReverseLPA,-10.211184349975216,0.33333333333333337,0.37500000000000006
1600,7,0.3,ILP-PA1,-8.159913685262076,0.33333333333333337,0.38411541152090445
1601,7,0.3,ILP-PA2,-5.395293132671471,-0.14285714285714288,0.6194444444444445
1602,7,0.4,ReverseLPA,-10.800744705697348,0.23809523809523814,0.21527777777777776
1603,7,0.4,ILP-PA1,-6.219291046326574,-0.14285714285714288,0.3244789287486339
1604,7,0.4,ILP-PA2,-2.3434070875143007,-0.4285714285714286,0.20138888888888887
1605,7,0.5,ReverseLPA,-12.476649250079015,0.14285714285714288,0.6020833333333333
1606,7,0.5,ILP-PA1,-7.624618986159398,-0.23809523809523814,0.4125
1607,7,0.5,ILP-PA2,-4.1588830833596715,0.23809523809523814,0.225
1608,7,0.6,ReverseLPA,-11.733012392094645,0.23809523809523814,0.20625000000000002
1609,7,0.6,ILP-PA1,-2.4487676031721275,0.14285714285714288,0.22361111111111112
1610,7,0.6,ILP-PA2,-9.284244788922518,0.04761904761904762,0.17527188614330524
1611,7,0.7,ReverseLPA,-11.369988180710665,0.4285714285714286,0.1875
1612,7,0.7,ILP-PA1,-6.331369991977929,-0.14285714285714288,0.25416666666666665
1613,7,0.7,ILP-PA2,-6.331369991977929,-0.14285714285714288,0.25416666666666665
1614,7,0.8,ReverseLPA,-11.17119928056944,0.33333333333333337,0.6069444444444445
1615,7,0.8,ILP-PA1,-5.497744391244931,0.6190476190476191,0.18297437026856242
1616,7,0.8,ILP-PA2,-4.11145003012504,0.7142857142857143,0.15333743270234
1617,7,0.9,ReverseLPA,-13.409414746811104,-0.04761904761904762,0.43194444444444446
1618,7,0.9,ILP-PA1,-6.290938436513313,0.4285714285714286,0.1703427503015138
1619,7,0.9,ILP-PA2,-6.290938436513313,0.4285714285714286,0.1703427503015138
1620,7,0.1,ReverseLPA,-14.342313136253404,-0.23809523809523814,0.8125
1621,7,0.1,ILP-PA1,-14.974476230200361,0.33333333333333337,0.15204976616782592
1622,7,0.1,ILP-PA2,-2.7240271556253504,0.7142857142857143,0.171728804428087
1623,7,0.2,ReverseLPA,-10.77234523117565,-0.4285714285714286,0.37500000000000006
1624,7,0.2,ILP-PA1,-8.22290006025008,0.5238095238095238,0.23189916421218287
1625,7,0.2,ILP-PA2,-10.2786250753126,0.33333333333333337,0.20822493399319972
1626,7,0.3,ReverseLPA,-11.415157154301152,-0.33333333333333337,0.6020833333333333
1627,7,0.3,ILP-PA1,-6.242590993058674,0.04761904761904762,0.16630339020971438
1628,7,0.3,ILP-PA2,-10.211184349975216,0.33333333333333337,0.1736111111111111
1629,7,0.4,ReverseLPA,-12.63332616944566,-0.14285714285714288,0.38888888888888895
1630,7,0.4,ILP-PA1,-10.800744705697348,-0.14285714285714288,0.3993055555555556
1631,7,0.4,ILP-PA2,-10.800744705697348,-0.14285714285714288,0.3993055555555556
1632,7,0.5,ReverseLPA,-11.090354888959125,-0.23809523809523814,0.38888888888888895
1633,7,0.5,ILP-PA1,-10.39720770839918,0.7142857142857143,0.1496606701629119
1634,7,0.5,ILP-PA2,-6.931471805599452,0.8095238095238096,0.1496606701629119
1635,7,0.6,ReverseLPA,-10.200535520796674,-0.23809523809523814,0.19791666666666666
1636,7,0.6,ILP-PA1,-10.095175005138847,0.5238095238095238,0.20277777777777778
1637,7,0.6,ILP-PA2,-8.562698133840875,0.4285714285714286,0.20277777777777778
1638,7,0.7,ReverseLPA,-9.943288404955736,-0.23809523809523814,0.6069444444444445
1639,7,0.7,ILP-PA1,-3.8346453844068016,0.23809523809523814,0.18186325915745133
1640,7,0.7,ILP-PA2,-3.8346453844068016,0.23809523809523814,0.18186325915745133
1641,7,0.8,ReverseLPA,-11.617486383197857,-0.14285714285714288,0.24027777777777778
1642,7,0.8,ILP-PA1,-5.227167786696088,0.04761904761904762,0.17986670294907972
1643,7,0.8,ILP-PA2,-2.725155669005149,0.23809523809523814,0.1905285106015166
1644,7,0.9,ReverseLPA,-13.409414746811104,0.6190476190476191,0.8194444444444444
1645,7,0.9,ILP-PA1,-2.8293876712831776,0.14285714285714288,1.0
1646,7,0.9,ILP-PA2,-2.8293876712831776,0.14285714285714288,1.0
1647,7,0.1,ReverseLPA,-12.039728043259359,-0.4285714285714286,0.59375
1648,7,0.1,ILP-PA1,-10.474666559870098,0.23809523809523814,0.17873040151549877
1649,7,0.1,ILP-PA2,-10.053224497238793,-0.14285714285714288,0.30976901048913985
1650,7,0.2,ReverseLPA,-9.16290731874155,-0.33333333333333337,1.0
1651,7,0.2,ILP-PA1,-7.33032585499324,0.33333333333333337,0.18186219106819854
1652,7,0.2,ILP-PA2,-7.553469406307451,0.33333333333333337,0.1571770111057849
1653,7,0.3,ReverseLPA,-9.007211545649279,-0.14285714285714288,0.18055555555555555
1654,7,0.3,ILP-PA1,-6.108643020548935,0.23809523809523814,0.21991395013237444
1655,7,0.3,ILP-PA2,-9.586613461017004,0.04761904761904762,0.25777893762051685
1656,7,0.4,ReverseLPA,-9.884453973823192,-0.14285714285714288,0.3958333333333333
1657,7,0.4,ILP-PA1,-7.240942293858555,0.04761904761904762,0.13771612706488348
1658,7,0.4,ILP-PA2,-11.927756468887157,0.23809523809523814,0.1736111111111111
1659,7,0.5,ReverseLPA,-9.704060527839234,0.14285714285714288,0.18055555555555555
1660,7,0.5,ILP-PA1,-3.4657359027997265,0.4285714285714286,0.25713050191495995
1661,7,0.5,ILP-PA2,-11.78350206951907,-0.5238095238095238,0.19722222222222222
1662,7,0.6,ReverseLPA,-10.711361144562664,-0.23809523809523814,0.20833333333333331
1663,7,0.6,ILP-PA1,-9.584349381372856,-0.23809523809523814,0.1909722222222222
1664,7,0.6,ILP-PA2,-3.3650583350462817,-0.14285714285714288,0.19191456472808982
1665,7,0.7,ReverseLPA,-11.013313236771934,0.5238095238095238,0.38541666666666663
1666,7,0.7,ILP-PA1,-8.382640656691068,-0.04761904761904762,0.14358626221502757
1667,7,0.7,ILP-PA2,-9.22993851707827,-0.4285714285714286,0.59375
1668,7,0.8,ReverseLPA,-11.394342831883648,-0.14285714285714288,0.21458333333333335
1669,7,0.8,ILP-PA1,-8.27033311348471,-0.04761904761904762,0.22152777777777777
1670,7,0.8,ILP-PA2,-8.27033311348471,-0.04761904761904762,0.22152777777777777
1671,7,0.9,ReverseLPA,-13.304054231153279,0.23809523809523814,0.43333333333333335
1672,7,0.9,ILP-PA1,-8.698884045165185,0.5238095238095238,0.43194444444444446
1673,7,0.9,ILP-PA2,-8.698884045165185,0.5238095238095238,0.43194444444444446
1674,7,0.1,ReverseLPA,-14.342313136253404,-0.4285714285714286,0.43472222222222223
1675,7,0.1,ILP-PA1,-5.131972764277222,-0.14285714285714288,0.22772565995978913
1676,7,0.1,ILP-PA2,-12.777251652864143,0.4285714285714286,0.19236111111111112
1677,7,0.2,ReverseLPA,-12.38178314360975,-0.23809523809523814,0.4277777777777778
1678,7,0.2,ILP-PA1,-9.386050870055762,0.04761904761904762,0.36264818032569474
1679,7,0.2,ILP-PA2,-11.664919436432491,0.5238095238095238,0.13302782140564512
1680,7,0.3,ReverseLPA,-12.619129958627088,-0.23809523809523814,0.225
1681,7,0.3,ILP-PA1,-12.975804902565821,0.04761904761904762,0.6069444444444445
1682,7,0.3,ILP-PA2,-12.97580490256582,0.04761904761904762,0.4125
1683,7,0.4,ReverseLPA,-9.884453973823193,-0.23809523809523814,0.38888888888888895
1684,7,0.4,ILP-PA1,-8.051872510074883,0.4285714285714286,0.2292142665844065
1685,7,0.4,ILP-PA2,-7.646407401966719,-0.04761904761904762,0.20277777777777778
1686,7,0.5,ReverseLPA,-11.090354888959125,-0.33333333333333337,0.5972222222222222
1687,7,0.5,ILP-PA1,-2.772588722239781,0.23809523809523814,0.1875
1688,7,0.5,ILP-PA2,-6.238324625039508,-0.33333333333333337,0.1875
1689,7,0.6,ReverseLPA,-9.689709897030683,0.14285714285714288,0.1875
1690,7,0.6,ILP-PA1,-4.175988551262611,-0.23809523809523814,0.18194444444444444
1691,7,0.6,ILP-PA2,-4.175988551262611,-0.33333333333333337,0.4111111111111111
1692,7,0.7,ReverseLPA,-9.586613461017004,-0.14285714285714288,0.4263888888888889
1693,7,0.7,ILP-PA1,-5.39529313267147,-0.14285714285714288,0.24930555555555556
1694,7,0.7,ILP-PA2,-6.599265936997406,0.04761904761904762,0.25277777777777777
1695,7,0.8,ReverseLPA,-11.84062993451207,0.23809523809523814,0.2076388888888889
1696,7,0.8,ILP-PA1,-7.506036353072818,-0.14285714285714288,0.13980606962387546
1697,7,0.8,ILP-PA2,-2.725155669005149,0.23809523809523814,0.17224075467095754
1698,7,0.9,ReverseLPA,-13.514775262468929,0.23809523809523814,0.6361111111111111
1699,7,0.9,ILP-PA1,-3.7776323122036146,0.14285714285714288,0.17188289238513416
1700,7,0.9,ILP-PA2,-2.8293876712831776,0.8095238095238096,0.364972955045961
1701,7,0.1,ReverseLPA,-12.039728043259359,-0.33333333333333337,0.6138888888888889
1702,7,0.1,ILP-PA1,-10.15858501289662,0.04761904761904762,0.5833333333333334
1703,7,0.1,ILP-PA2,-10.263945528554444,0.14285714285714288,0.19375
1704,7,0.2,ReverseLPA,-9.16290731874155,-0.5238095238095238,0.20763888888888887
1705,7,0.2,ILP-PA1,-10.05548152399839,0.5238095238095238,0.20986270228996343
1706,7,0.2,ILP-PA2,-9.83233797268418,0.4285714285714286,0.19769201552674417
1707,7,0.3,ReverseLPA,-10.211184349975216,-0.4285714285714286,0.43333333333333335
1708,7,0.3,ILP-PA1,-11.994559069668878,-0.4285714285714286,0.18643081711770226
1709,7,0.3,ILP-PA2,-6.599265936997407,-0.23809523809523814,0.1982222661656905
1710,7,0.4,ReverseLPA,-9.884453973823192,0.04761904761904762,0.1736111111111111
1711,7,0.4,ILP-PA1,-9.584349381372856,0.7142857142857143,0.18055555555555555
1712,7,0.4,ILP-PA2,-8.15723302573271,-0.5238095238095238,0.24027777777777778
1713,7,0.5,ReverseLPA,-9.010913347279288,-0.33333333333333337,0.1909722222222222
1714,7,0.5,ILP-PA1,-9.010913347279288,0.6190476190476191,0.15436643270848113
1715,7,0.5,ILP-PA2,-9.704060527839234,0.14285714285714288,0.6000000000000001
1716,7,0.6,ReverseLPA,-13.265489263392618,0.33333333333333337,0.41944444444444445
1717,7,0.6,ILP-PA1,-5.919186453876235,-0.14285714285714288,0.16685758746852486
1718,7,0.6,ILP-PA2,-3.875883958812273,-0.4285714285714286,0.18812052807929155
1719,7,0.7,ReverseLPA,-10.656638292833202,-0.04761904761904762,0.22152777777777777
1720,7,0.7,ILP-PA1,-9.943288404955736,0.14285714285714288,0.21666666666666667
1721,7,0.7,ILP-PA2,-6.955940880936138,-0.33333333333333337,0.1895581176648678
1722,7,0.8,ReverseLPA,-11.617486383197857,0.14285714285714288,0.19583333333333333
1723,7,0.8,ILP-PA1,-8.89233071419271,0.23809523809523814,0.19583333333333333
1724,7,0.8,ILP-PA2,-7.99975650893587,0.6190476190476191,0.1496606701629119
1725,7,0.9,ReverseLPA,-13.198693715495452,0.23809523809523814,0.6152777777777778
1726,7,0.9,ILP-PA1,-7.223836825955616,0.04761904761904762,0.6277777777777778
1727,7,0.9,ILP-PA2,-10.68538759118575,0.04761904761904762,0.6138888888888889
1728,7,0.1,ReverseLPA,-12.039728043259359,-0.04761904761904762,0.375
1729,7,0.1,ILP-PA1,-10.263945528554444,-0.33333333333333337,0.36268698876565614
1730,7,0.1,ILP-PA2,-5.131972764277222,0.7142857142857143,0.1765006822628946
1731,7,0.2,ReverseLPA,-9.16290731874155,-0.33333333333333337,0.4069444444444445
1732,7,0.2,ILP-PA1,-6.3903185965017695,0.33333333333333337,0.16825532159737
1733,7,0.2,ILP-PA2,-9.60919442136997,0.4285714285714286,0.2048611111111111
1734,7,0.3,ReverseLPA,-9.00721154564928,-0.33333333333333337,0.2097222222222222
1735,7,0.3,ILP-PA1,-6.108643020548935,0.6190476190476191,0.1938843770427016
1736,7,0.3,ILP-PA2,-9.720561433526743,0.6190476190476191,0.18194444444444444
1737,7,0.4,ReverseLPA,-11.717035437571504,-0.04761904761904762,0.22430555555555556
1738,7,0.4,ILP-PA1,-4.686814175028601,0.14285714285714288,0.15288988457649683
1739,7,0.4,ILP-PA2,-4.686814175028601,0.14285714285714288,0.15288988457649683
1740,7,0.5,ReverseLPA,-11.090354888959125,-0.5238095238095238,0.5833333333333333
1741,7,0.5,ILP-PA1,-10.39720770839918,-0.04761904761904762,0.1694173994904055
1742,7,0.5,ILP-PA2,-9.704060527839234,0.33333333333333337,0.13771612706488348
1743,7,0.6,ReverseLPA,-10.711361144562664,-0.23809523809523814,0.8083333333333333
1744,7,0.6,ILP-PA1,-3.7705234431544463,-0.04761904761904762,0.21666666666666667
1745,7,0.6,ILP-PA2,-3.7705234431544463,-0.14285714285714288,0.18792879286578817
1746,7,0.7,ReverseLPA,-10.299963348894469,-0.04761904761904762,0.21805555555555556
1747,7,0.7,ILP-PA1,-4.904670216222999,-0.04761904761904762,0.18367608363484714
1748,7,0.7,ILP-PA2,-4.904670216222999,0.04761904761904762,0.175945217762524
1749,7,0.8,ReverseLPA,-11.617486383197857,0.14285714285714288,0.4263888888888889
1750,7,0.8,ILP-PA1,-5.004024235381879,-0.33333333333333337,0.44166666666666665
1751,7,0.8,ILP-PA2,-5.004024235381879,-0.33333333333333337,0.44166666666666665
1752,7,0.9,ReverseLPA,-13.409414746811104,0.5238095238095238,0.44166666666666665
1753,7,0.9,ILP-PA1,-5.553414826908529,-0.04761904761904762,0.6291666666666667
1754,7,0.9,ILP-PA2,-5.553414826908529,-0.04761904761904762,0.6291666666666667
1755,7,0.1,ReverseLPA,-14.342313136253404,-0.23809523809523814,0.39722222222222225
1756,7,0.1,ILP-PA1,-7.329197341613441,0.5238095238095238,0.14054661894506212
1757,7,0.1,ILP-PA2,-9.631782434607487,0.5238095238095238,0.14980587820432137
1758,7,0.2,ReverseLPA,-10.77234523117565,-0.14285714285714288,0.45138888888888884
1759,7,0.2,ILP-PA1,-9.38605087005576,-0.33333333333333337,0.6583333333333333
1760,7,0.2,ILP-PA2,-5.94403149387335,-0.14285714285714288,0.2548905044847846
1761,7,0.3,ReverseLPA,-9.00721154564928,0.04761904761904762,0.4041666666666667
1762,7,0.3,ILP-PA1,-6.465317964487667,0.23809523809523814,0.21666666666666665
1763,7,0.3,ILP-PA2,-8.87326357313954,0.33333333333333337,0.22598080091078268
1764,7,0.4,ReverseLPA,-8.96816324194904,-0.04761904761904762,0.18194444444444444
1765,7,0.4,ILP-PA1,-2.959593226938118,0.33333333333333337,0.17042175304381038
1766,7,0.4,ILP-PA2,-2.448767603172127,0.23809523809523814,0.1988581465003078
1767,7,0.5,ReverseLPA,-10.39720770839918,-0.33333333333333337,0.6180555555555556
1768,7,0.5,ILP-PA1,-4.1588830833596715,0.23809523809523814,0.1736111111111111
1769,7,0.5,ILP-PA2,-7.624618986159398,0.23809523809523814,0.1736111111111111
1770,7,0.6,ReverseLPA,-11.222186768328655,0.14285714285714288,0.19583333333333333
1771,7,0.6,ILP-PA1,-9.584349381372856,0.14285714285714288,0.17275073282373882
1772,7,0.6,ILP-PA2,-9.584349381372856,0.14285714285714288,0.17275073282373882
1773,7,0.7,ReverseLPA,-12.083338068588132,0.04761904761904762,1.0
1774,7,0.7,ILP-PA1,-2.1400496636323947,-0.33333333333333337,0.8055555555555556
1775,7,0.7,ILP-PA2,-2.1400496636323947,-0.33333333333333337,0.8055555555555556
1776,7,0.8,ReverseLPA,-11.84062993451207,0.14285714285714288,0.43472222222222223
1777,7,0.8,ILP-PA1,-2.725155669005149,0.4285714285714286,0.18446297689317975
1778,7,0.8,ILP-PA2,-2.725155669005149,0.4285714285714286,0.18446297689317975
1779,7,0.9,ReverseLPA,-13.409414746811104,-0.04761904761904762,0.8125
1780,7,0.9,ILP-PA1,-6.290938436513313,0.4285714285714286,0.6222222222222222
1781,7,0.9,ILP-PA2,-5.553414826908529,-0.5238095238095238,0.8125
1782,8,0.1,ReverseLPA,-19.05284383789932,0.0,0.1825396825396825
1783,8,0.1,ILP-PA1,-12.777251652864145,0.21428571428571427,0.2049023489136198
1784,8,0.1,ILP-PA2,-4.710530701645917,-0.3571428571428571,0.5317460317460317
1785,8,0.2,ReverseLPA,-12.604926694923961,-0.07142857142857142,0.35428571428571426
1786,8,0.2,ILP-PA1,-12.33435009037512,0.14285714285714285,0.16804590506393854
1787,8,0.2,ILP-PA2,-13.72064445149501,0.07142857142857142,0.14732778066708738
1788,8,0.3,ReverseLPA,-15.383750511217693,0.21428571428571427,0.16666666666666666
1789,8,0.3,ILP-PA1,-5.751968076610202,-0.2857142857142857,0.1524950029135377
1790,8,0.3,ILP-PA2,-5.751968076610202,-0.2857142857142857,0.1524950029135377
1791,8,0.4,ReverseLPA,-13.144151793211648,-0.21428571428571427,0.5177777777777778
1792,8,0.4,ILP-PA1,-9.073523757606866,-0.14285714285714285,0.16660708612651703
1793,8,0.4,ILP-PA2,-6.730116670092564,0.07142857142857142,0.19463897800123733
1794,8,0.5,ReverseLPA,-14.556090791758852,0.14285714285714285,0.18611111111111112
1795,8,0.5,ILP-PA1,-8.317766166719343,-0.42857142857142855,0.305570999262835
1796,8,0.5,ILP-PA2,-8.317766166719343,-0.42857142857142855,0.305570999262835
1797,8,0.6,ReverseLPA,-13.160128747734792,0.2857142857142857,0.17777777777777776
1798,8,0.6,ILP-PA1,-8.457337618183047,-0.3571428571428571,0.19285071363154302
1799,8,0.6,ILP-PA2,-14.887349695825273,-0.3571428571428571,0.17368569124832353
1800,8,0.7,ReverseLPA,-12.930635928975336,-0.21428571428571427,0.1825396825396825
1801,8,0.7,ILP-PA1,-13.911881761872277,-0.5714285714285714,0.14008573033591326
1802,8,0.7,ILP-PA2,-10.433911321404207,-0.07142857142857142,0.1816880631993341
1803,8,0.8,ReverseLPA,-14.565785603517217,-0.14285714285714285,0.5292063492063492
1804,8,0.8,ILP-PA1,-4.3345935814392496,0.07142857142857142,0.22174603174603175
1805,8,0.8,ILP-PA2,-4.3345935814392496,0.07142857142857142,0.22174603174603175
1806,8,0.9,ReverseLPA,-16.660244480725588,0.0,1.0
1807,8,0.9,ILP-PA1,-1.3696867035517417,-0.42857142857142855,0.4302727806913155
1808,8,0.9,ILP-PA2,-1.3696867035517417,-0.42857142857142855,0.4302727806913155
1809,8,0.1,ReverseLPA,-14.44767365191123,-0.14285714285714285,0.3662698412698413
1810,8,0.1,ILP-PA1,-12.88261216852197,0.21428571428571427,0.24628677162786902
1811,8,0.1,ILP-PA2,-13.093333199837621,0.14285714285714285,0.23300562957610665
1812,8,0.2,ReverseLPA,-14.21436460735806,0.14285714285714285,0.18365079365079362
1813,8,0.2,ILP-PA1,-10.948055729255229,0.4999999999999999,0.15380967294486717
1814,8,0.2,ILP-PA2,-5.72088794255914,0.0,0.3368467933580643
1815,8,0.3,ReverseLPA,-11.771832098239884,-0.42857142857142855,0.38722222222222225
1816,8,0.3,ILP-PA1,-11.147261209281671,0.5714285714285714,0.2924139550938931
1817,8,0.3,ILP-PA2,-10.433911321404208,0.42857142857142855,0.18402787323096934
1818,8,0.4,ReverseLPA,-14.97673325695996,-0.2857142857142857,0.34444444444444444
1819,8,0.4,ILP-PA1,-14.271163556401458,0.42857142857142855,0.15382763958218115
1820,8,0.4,ILP-PA2,-7.240942293858556,0.21428571428571427,0.15043445012944193
1821,8,0.5,ReverseLPA,-11.78350206951907,-0.5714285714285714,0.36499999999999994
1822,8,0.5,ILP-PA1,-11.090354888959125,0.21428571428571427,0.18152138454516945
1823,8,0.5,ILP-PA2,-5.545177444479562,0.0,0.17301355296018342
1824,8,0.6,ReverseLPA,-13.160128747734792,0.0,0.20309523809523808
1825,8,0.6,ILP-PA1,-11.52229136077899,-0.07142857142857142,0.17758314437240377
1826,8,0.6,ILP-PA2,-12.543942608310973,-0.07142857142857142,0.243313676594506
1827,8,0.7,ReverseLPA,-14.000660760791531,0.07142857142857142,0.19944444444444445
1828,8,0.7,ILP-PA1,-14.625231649749741,0.3571428571428571,0.16906869403433025
1829,8,0.7,ILP-PA2,-14.625231649749741,0.3571428571428571,0.16906869403433025
1830,8,0.8,ReverseLPA,-15.235216257459847,-0.14285714285714285,0.3915873015873016
1831,8,0.8,ILP-PA1,-6.789172645895556,-0.42857142857142855,0.19085479127332605
1832,8,0.8,ILP-PA2,-6.789172645895556,-0.42857142857142855,0.19085479127332605
1833,8,0.9,ReverseLPA,-16.23880241809428,-0.3571428571428571,0.8476190476190476
1834,8,0.9,ILP-PA1,-11.106829653817057,0.3571428571428571,0.15123545584899278
1835,8,0.9,ILP-PA2,-10.685387591185751,0.2857142857142857,0.16265716223156348
1836,8,0.1,ReverseLPA,-14.44767365191123,-0.14285714285714285,0.3615079365079365
1837,8,0.1,ILP-PA1,-12.461170105890664,0.0,0.23246031746031748
1838,8,0.1,ILP-PA2,-10.685387591185751,0.21428571428571427,0.21842964433115086
1839,8,0.2,ReverseLPA,-12.604926694923961,-0.6428571428571428,0.38333333333333336
1840,8,0.2,ILP-PA1,-10.724912177941018,0.42857142857142855,0.30910378033288594
1841,8,0.2,ILP-PA2,-9.115474265506919,0.6428571428571428,0.13420046931852767
1842,8,0.3,ReverseLPA,-11.771832098239885,-0.2857142857142857,0.5455555555555556
1843,8,0.3,ILP-PA1,-4.681943244794006,0.0,0.20547990756836643
1844,8,0.3,ILP-PA2,-6.465317964487667,0.8571428571428571,0.1742742389102988
1845,8,0.4,ReverseLPA,-10.395279597589184,-0.3571428571428571,0.1992063492063492
1846,8,0.4,ILP-PA1,-11.522291360778992,0.07142857142857142,0.20256985465831348
1847,8,0.4,ILP-PA2,-2.8542327112802917,-0.21428571428571427,0.18722222222222223
1848,8,0.5,ReverseLPA,-14.556090791758852,-0.2857142857142857,0.5277777777777779
1849,8,0.5,ILP-PA1,-14.556090791758852,0.7857142857142856,0.1466619951312382
1850,8,0.5,ILP-PA2,-16.635532333438686,0.07142857142857142,0.1490062737359952
1851,8,0.6,ReverseLPA,-15.203431242798755,-0.21428571428571427,0.34444444444444444
1852,8,0.6,ILP-PA1,-5.603104906902756,-0.07142857142857142,0.3547619047619047
1853,8,0.6,ILP-PA2,-5.603104906902756,0.14285714285714285,0.3547619047619047
1854,8,0.7,ReverseLPA,-12.21728604109787,-0.2857142857142857,0.3607142857142857
1855,8,0.7,ILP-PA1,-14.045829734382014,0.14285714285714285,0.173616925975905
1856,8,0.7,ILP-PA2,-17.657748147359825,-0.07142857142857142,0.3607142857142857
1857,8,0.8,ReverseLPA,-14.342642052203008,-0.3571428571428571,0.6825396825396826
1858,8,0.8,ILP-PA1,-10.948055729255227,0.3571428571428571,0.52
1859,8,0.8,ILP-PA2,-5.450311338010298,0.4999999999999999,0.1581896110941838
1860,8,0.9,ReverseLPA,-16.44952344940993,0.0,0.4049206349206349
1861,8,0.9,ILP-PA1,-3.566911280887961,0.42857142857142855,0.1560242540374738
1862,8,0.9,ILP-PA2,-3.566911280887961,0.42857142857142855,0.1560242540374738
1863,8,0.1,ReverseLPA,-16.750258744905274,0.07142857142857142,0.3492063492063492
1864,8,0.1,ILP-PA1,-12.56653062154849,0.4999999999999999,0.16013126517504614
1865,8,0.1,ILP-PA2,-5.026612248619396,0.14285714285714285,0.20871017135243966
1866,8,0.2,ReverseLPA,-10.99548878248986,-0.14285714285714285,0.2003174603174603
1867,8,0.2,ILP-PA1,-11.44177588511828,0.2857142857142857,0.19476190476190475
1868,8,0.2,ILP-PA2,-9.115474265506919,0.2857142857142857,0.29659656515676197
1869,8,0.3,ReverseLPA,-18.9956689241955,-0.21428571428571427,0.5273809523809524
1870,8,0.3,ILP-PA1,-20.77904364388916,0.0,0.21301587301587302
1871,8,0.3,ILP-PA2,-20.77904364388916,0.0,0.21301587301587302
1872,8,0.4,ReverseLPA,-18.64189618445658,0.42857142857142855,0.3555555555555555
1873,8,0.4,ILP-PA1,-14.571268148851793,0.07142857142857142,0.16111988883724573
1874,8,0.4,ILP-PA2,-12.227861061337494,0.0,0.3416666666666667
1875,8,0.5,ReverseLPA,-12.476649250079015,0.07142857142857142,0.3495238095238095
1876,8,0.5,ILP-PA1,-7.624618986159398,-0.21428571428571427,0.35050334845460146
1877,8,0.5,ILP-PA2,-9.704060527839234,-0.14285714285714285,0.3524213378725909
1878,8,0.6,ReverseLPA,-14.181779995266773,0.21428571428571427,0.18611111111111112
1879,8,0.6,ILP-PA1,-2.043302495063963,0.3571428571428571,0.16333593248066675
1880,8,0.6,ILP-PA2,-2.4487676031721275,0.4999999999999999,0.18611111111111112
1881,8,0.7,ReverseLPA,-13.6439858168528,0.14285714285714285,0.18730158730158727
1882,8,0.7,ILP-PA1,-3.8346453844068016,-0.14285714285714285,0.19085479127332605
1883,8,0.7,ILP-PA2,-7.669290768813603,0.07142857142857142,0.15306016770902203
1884,8,0.8,ReverseLPA,-15.235216257459847,0.14285714285714285,0.5565079365079365
1885,8,0.8,ILP-PA1,-6.789172645895556,0.0,0.566031746031746
1886,8,0.8,ILP-PA2,-6.789172645895556,0.0,0.566031746031746
1887,8,0.9,ReverseLPA,-16.660244480725588,0.0,1.0
1888,8,0.9,ILP-PA1,-1.3696867035517417,-0.42857142857142855,0.4302727806913155
1889,8,0.9,ILP-PA2,-1.3696867035517417,-0.42857142857142855,0.4302727806913155
1890,8,0.1,ReverseLPA,-14.44767365191123,0.2857142857142857,0.38071428571428567
1891,8,0.1,ILP-PA1,-10.053224497238793,0.5714285714285714,0.17008610380914285
1892,8,0.1,ILP-PA2,-10.474666559870098,0.42857142857142855,0.1542302349634655
1893,8,0.2,ReverseLPA,-10.99548878248986,-0.07142857142857142,0.2092857142857143
1894,8,0.2,ILP-PA1,-9.115474265506919,0.3571428571428571,0.14906105478926324
1895,8,0.2,ILP-PA2,-10.50176862662681,-0.21428571428571427,0.2975726852526233
1896,8,0.3,ReverseLPA,-12.975804902565821,0.0,0.5055555555555555
1897,8,0.3,ILP-PA1,-7.892017740242597,0.6428571428571428,0.1873920021232641
1898,8,0.3,ILP-PA2,-8.382640656691068,0.4999999999999999,0.19166666666666668
1899,8,0.4,ReverseLPA,-17.725605452582425,-0.21428571428571427,0.5066666666666666
1900,8,0.4,ILP-PA1,-18.747256700114406,-0.21428571428571427,0.3622222222222222
1901,8,0.4,ILP-PA2,-18.747256700114406,-0.14285714285714285,0.3472222222222222
1902,8,0.5,ReverseLPA,-15.249237972318797,-0.3571428571428571,0.6912698412698413
1903,8,0.5,ILP-PA1,-11.090354888959125,0.0,0.18201614626097118
1904,8,0.5,ILP-PA2,-11.090354888959125,0.0,0.18201614626097118
1905,8,0.6,ReverseLPA,-14.181779995266773,-0.21428571428571427,0.34444444444444444
1906,8,0.6,ILP-PA1,-9.073523757606864,-0.3571428571428571,0.1524950029135377
1907,8,0.6,ILP-PA2,-9.073523757606864,-0.3571428571428571,0.1524950029135377
1908,8,0.7,ReverseLPA,-15.07068559260773,0.0,0.3828571428571429
1909,8,0.7,ILP-PA1,-8.605367628120062,-0.3571428571428571,0.19182001678565305
1910,8,0.7,ILP-PA2,-8.605367628120062,-0.3571428571428571,0.19182001678565305
1911,8,0.8,ReverseLPA,-14.342642052203008,-0.2857142857142857,0.5533333333333333
1912,8,0.8,ILP-PA1,-4.3345935814392496,-0.21428571428571427,0.5217460317460317
1913,8,0.8,ILP-PA2,-4.3345935814392496,-0.21428571428571427,0.37174603174603177
1914,8,0.9,ReverseLPA,-16.55488396506776,0.2857142857142857,0.7126984126984126
1915,8,0.9,ILP-PA1,-1.3696867035517417,0.0,0.31655558579089976
1916,8,0.9,ILP-PA2,-2.3179313444721785,0.14285714285714285,0.23752427725553923
1917,8,0.1,ReverseLPA,-16.750258744905274,-0.5714285714285714,0.5177777777777778
1918,8,0.1,ILP-PA1,-17.17170080753658,0.07142857142857142,0.1996154036976541
1919,8,0.1,ILP-PA2,-12.88261216852197,0.6428571428571428,0.17747704392271157
1920,8,0.2,ReverseLPA,-14.21436460735806,-0.4999999999999999,0.21341269841269842
1921,8,0.2,ILP-PA1,-12.557493641689328,0.21428571428571427,0.17022373913980793
1922,8,0.2,ILP-PA2,-5.94403149387335,0.21428571428571427,0.15300821306402151
1923,8,0.3,ReverseLPA,-14.179777706891757,-0.3571428571428571,0.20396825396825397
1924,8,0.3,ILP-PA1,-9.720561433526743,-0.07142857142857142,0.19014725478331465
1925,8,0.3,ILP-PA2,-4.904670216222999,0.0,0.15485799630366395
1926,8,0.4,ReverseLPA,-11.31157032946334,-0.3571428571428571,0.33333333333333337
1927,8,0.4,ILP-PA1,-5.813825938218409,0.0,0.19185865013947953
1928,8,0.4,ILP-PA2,-13.460233340185129,-0.14285714285714285,0.1845238095238095
1929,8,0.5,ReverseLPA,-13.862943611198906,0.14285714285714285,0.19563492063492063
1930,8,0.5,ILP-PA1,-4.1588830833596715,-0.3571428571428571,0.17437016578541545
1931,8,0.5,ILP-PA2,-4.1588830833596715,-0.42857142857142855,0.1762118388613589
1932,8,0.6,ReverseLPA,-14.181779995266774,-0.07142857142857142,0.35
1933,8,0.6,ILP-PA1,-8.96816324194904,0.21428571428571427,0.14008573033591326
1934,8,0.6,ILP-PA2,-4.792174690686427,0.0,0.22380952380952382
1935,8,0.7,ReverseLPA,-12.930635928975336,-0.2857142857142857,0.5205555555555555
1936,8,0.7,ILP-PA1,-2.987347524019598,-0.07142857142857142,0.20587301587301585
1937,8,0.7,ILP-PA2,-4.325268300855273,-0.14285714285714285,0.17866911808094485
1938,8,0.8,ReverseLPA,-14.788929154831425,-0.07142857142857142,0.22476190476190477
1939,8,0.8,ILP-PA1,-8.175467007015447,-0.21428571428571427,0.18785176281739904
1940,8,0.8,ILP-PA2,-9.561761368135338,0.5714285714285714,0.23507936507936505
1941,8,0.9,ReverseLPA,-16.34416293375211,-0.14285714285714285,0.6928571428571428
1942,8,0.9,ILP-PA1,-2.9347481869410035,-0.5714285714285714,0.7126984126984126
1943,8,0.9,ILP-PA2,-2.9347481869410035,-0.5714285714285714,0.7126984126984126
1944,8,0.1,ReverseLPA,-14.44767365191123,-0.07142857142857142,0.7023809523809523
1945,8,0.1,ILP-PA1,-12.671891137206316,0.0,0.24106178473302883
1946,8,0.1,ILP-PA2,-12.671891137206316,0.0,0.24106178473302883
1947,8,0.2,ReverseLPA,-12.604926694923961,-0.21428571428571427,0.4177777777777777
1948,8,0.2,ILP-PA1,-12.557493641689328,-0.2857142857142857,0.3816041127753569
1949,8,0.2,ILP-PA2,-6.613462147815979,0.2857142857142857,0.2397737257592123
1950,8,0.3,ReverseLPA,-14.179777706891757,-0.42857142857142855,0.20396825396825397
1951,8,0.3,ILP-PA1,-11.637884125730146,0.2857142857142857,0.17430131067603197
1952,8,0.3,ILP-PA2,-13.91188176187228,0.3571428571428571,0.17864831510067614
1953,8,0.4,ReverseLPA,-12.227861061337494,-0.2857142857142857,0.18730158730158727
1954,8,0.4,ILP-PA1,-14.48188458771711,0.3571428571428571,0.19529432786251863
1955,8,0.4,ILP-PA2,-14.076419479608946,0.2857142857142857,0.1603051376285707
1956,8,0.5,ReverseLPA,-14.556090791758852,0.3571428571428571,0.19833333333333333
1957,8,0.5,ILP-PA1,-8.317766166719343,0.42857142857142855,0.14737582640742417
1958,8,0.5,ILP-PA2,-11.090354888959125,0.21428571428571427,0.16214536198787785
1959,8,0.6,ReverseLPA,-14.692605619032763,0.07142857142857142,0.19277777777777777
1960,8,0.6,ILP-PA1,-3.875883958812273,-0.42857142857142855,0.22126984126984128
1961,8,0.6,ILP-PA2,-3.875883958812273,-0.42857142857142855,0.22126984126984128
1962,8,0.7,ReverseLPA,-15.42736053654646,0.0,0.38396825396825396
1963,8,0.7,ILP-PA1,-6.331369991977929,-0.4999999999999999,0.40769841269841267
1964,8,0.7,ILP-PA2,-6.331369991977929,-0.4999999999999999,0.40769841269841267
1965,8,0.8,ReverseLPA,-14.342642052203008,0.07142857142857142,0.5331746031746032
1966,8,0.8,ILP-PA1,-10.724912177941018,-0.5714285714285714,0.6911111111111111
1967,8,0.8,ILP-PA2,-10.724912177941018,-0.5714285714285714,0.6911111111111111
1968,8,0.9,ReverseLPA,-16.23880241809428,-0.21428571428571427,1.0
1969,8,0.9,ILP-PA1,-8.804244560823012,0.14285714285714285,0.19961298703102223
1970,8,0.9,ILP-PA2,-2.9347481869410035,-0.14285714285714285,0.18843166403135825
1971,8,0.1,ReverseLPA,-14.44767365191123,-0.4999999999999999,0.5321428571428571
1972,8,0.1,ILP-PA1,-13.198693715495448,0.9285714285714285,0.21600625754090688
1973,8,0.1,ILP-PA2,-13.304054231153273,0.42857142857142855,0.19242370438867387
1974,8,0.2,ReverseLPA,-14.21436460735806,0.0,0.5111111111111112
1975,8,0.2,ILP-PA1,-4.557737132753459,0.07142857142857142,0.17764769629312063
1976,8,0.2,ILP-PA2,-10.50176862662681,0.6428571428571428,0.15228291920126544
1977,8,0.3,ReverseLPA,-12.975804902565821,-0.5714285714285714,0.3712698412698413
1978,8,0.3,ILP-PA1,-7.312615824874872,-0.14285714285714285,0.1432328270789376
1979,8,0.3,ILP-PA2,-2.2739976361421332,-0.42857142857142855,0.1789457165065548
1980,8,0.4,ReverseLPA,-12.227861061337492,-0.4999999999999999,0.5095238095238095
1981,8,0.4,ILP-PA1,-10.606000628904837,0.7142857142857142,0.1478946740911237
1982,8,0.4,ILP-PA2,-7.751767917624545,0.21428571428571427,0.19138776030382912
1983,8,0.5,ReverseLPA,-11.78350206951907,-0.2857142857142857,0.2070634920634921
1984,8,0.5,ILP-PA1,-9.704060527839234,-0.07142857142857142,0.17677750979880033
1985,8,0.5,ILP-PA2,-9.704060527839234,-0.07142857142857142,0.16854749667707478
1986,8,0.6,ReverseLPA,-15.203431242798755,-0.21428571428571427,0.22253968253968254
1987,8,0.6,ILP-PA1,-4.281349066920437,-0.42857142857142855,0.3934920634920635
1988,8,0.6,ILP-PA2,-4.281349066920437,-0.42857142857142855,0.3934920634920635
1989,8,0.7,ReverseLPA,-14.714010648668998,-0.3571428571428571,0.8444444444444444
1990,8,0.7,ILP-PA1,-5.0386181887327375,0.6428571428571428,0.38587301587301587
1991,8,0.7,ILP-PA2,-4.191320328345534,0.21428571428571427,0.535873015873016
1992,8,0.8,ReverseLPA,-14.788929154831425,0.0,0.23507936507936505
1993,8,0.8,ILP-PA1,-7.059749250444399,0.07142857142857142,0.22365079365079366
1994,8,0.8,ILP-PA2,-4.3345935814392496,-0.14285714285714285,0.18718475587659164
1995,8,0.9,ReverseLPA,-16.34416293375211,0.0,0.37642857142857145
1996,8,0.9,ILP-PA1,-5.131972764277223,0.0,0.37642857142857145
1997,8,0.9,ILP-PA2,-5.131972764277223,0.0,0.37642857142857145
1998,8,0.1,ReverseLPA,-14.44767365191123,-0.2857142857142857,0.5166666666666666
1999,8,0.1,ILP-PA1,-10.263945528554444,0.7142857142857142,0.18246263929045498
2000,8,0.1,ILP-PA2,-10.263945528554446,0.2857142857142857,0.16589427085645
2001,8,0.2,ReverseLPA,-10.99548878248986,-0.4999999999999999,0.552142857142857
2002,8,0.2,ILP-PA1,-11.171199280569438,0.7857142857142856,0.17422037292119366
2003,8,0.2,ILP-PA2,-11.617486383197857,0.21428571428571427,0.1859229502307698
2004,8,0.3,ReverseLPA,-12.975804902565821,-0.6428571428571428,0.35714285714285715
2005,8,0.3,ILP-PA1,-2.987347524019598,0.4999999999999999,0.1610769807370954
2006,8,0.3,ILP-PA2,-2.987347524019598,0.2857142857142857,0.15238508357288322
2007,8,0.4,ReverseLPA,-12.227861061337494,-0.4999999999999999,0.38349206349206344
2008,8,0.4,ILP-PA1,-10.50064011324701,0.14285714285714285,0.18891249981202898
2009,8,0.4,ILP-PA2,-9.584349381372856,-0.2857142857142857,0.18809523809523807
2010,8,0.5,ReverseLPA,-13.16979643063896,0.07142857142857142,0.17777777777777776
2011,8,0.5,ILP-PA1,-9.704060527839234,-0.14285714285714285,0.18502407497938003
2012,8,0.5,ILP-PA2,-12.476649250079015,0.4999999999999999,0.21485841491925325
2013,8,0.6,ReverseLPA,-12.649303123968801,-0.07142857142857142,0.19277777777777777
2014,8,0.6,ILP-PA1,-9.073523757606864,0.07142857142857142,0.20958709824591856
2015,8,0.6,ILP-PA2,-10.095175005138847,-0.07142857142857142,0.5406349206349207
2016,8,0.7,ReverseLPA,-14.714010648668998,0.21428571428571427,0.22952380952380952
2017,8,0.7,ILP-PA1,-14.714010648668996,0.0,0.20785714285714288
2018,8,0.7,ILP-PA2,-14.714010648668996,0.0,0.20785714285714288
2019,8,0.8,ReverseLPA,-13.89635494957459,0.2857142857142857,0.34285714285714286
2020,8,0.8,ILP-PA1,-2.725155669005149,-0.14285714285714285,0.1651004400660763
2021,8,0.8,ILP-PA2,-11.8880629877467,-0.07142857142857142,0.3697619047619048
2022,8,0.9,ReverseLPA,-16.34416293375211,-0.07142857142857142,0.23507936507936505
2023,8,0.9,ILP-PA1,-8.909605076480837,0.7857142857142856,0.16600345939463987
2024,8,0.9,ILP-PA2,-8.909605076480837,0.7857142857142856,0.16600345939463987
2025,8,0.1,ReverseLPA,-14.44767365191123,0.3571428571428571,0.3530952380952381
2026,8,0.1,ILP-PA1,-10.15858501289662,0.8571428571428571,0.19314147951223878
2027,8,0.1,ILP-PA2,-10.053224497238793,0.5714285714285714,0.13323962141892193
2028,8,0.2,ReverseLPA,-12.60492669492396,-0.42857142857142855,0.1892063492063492
2029,8,0.2,ILP-PA1,-12.780637193003539,0.3571428571428571,0.20235520030645335
2030,8,0.2,ILP-PA2,-9.83233797268418,0.3571428571428571,0.19447923642184
2031,8,0.3,ReverseLPA,-20.199641728521435,0.0,0.19563492063492063
2032,8,0.3,ILP-PA1,-7.803238741323343,0.14285714285714285,0.1697111883566127
2033,8,0.3,ILP-PA2,-16.097100399095158,0.14285714285714285,0.1697111883566127
2034,8,0.4,ReverseLPA,-16.80931472070827,0.21428571428571427,0.18444444444444444
2035,8,0.4,ILP-PA1,-5.708465422560582,-0.07142857142857142,0.1691880631993341
2036,8,0.4,ILP-PA2,-11.311570329463338,0.0,0.3677777777777778
2037,8,0.5,ReverseLPA,-13.16979643063896,0.0,0.22952380952380952
2038,8,0.5,ILP-PA1,-9.704060527839234,-0.14285714285714285,0.1928783371136511
2039,8,0.5,ILP-PA2,-9.704060527839234,0.0,0.20689375058558626
2040,8,0.6,ReverseLPA,-15.714256866564746,-0.5714285714285714,0.5519047619047619
2041,8,0.6,ILP-PA1,-3.875883958812273,-0.5714285714285714,0.22378698634782465
2042,8,0.6,ILP-PA2,-15.608896350906917,0.07142857142857142,0.35666666666666663
2043,8,0.7,ReverseLPA,-15.784035480485196,0.07142857142857142,0.3887301587301587
2044,8,0.7,ILP-PA1,-4.414047299774528,0.14285714285714285,0.17473173703067107
2045,8,0.7,ILP-PA2,-10.388742347813725,0.0,0.17027571997071175
2046,8,0.8,ReverseLPA,-14.342642052203008,-0.2857142857142857,0.6928571428571428
2047,8,0.8,ILP-PA1,-11.840629934512066,0.21428571428571427,0.23507936507936505
2048,8,0.8,ILP-PA2,-2.9482992203193588,0.2857142857142857,0.5406349206349207
2049,8,0.9,ReverseLPA,-16.23880241809428,-0.2857142857142857,0.8555555555555555
2050,8,0.9,ILP-PA1,-10.896108622501403,-0.42857142857142855,0.5010692772657268
2051,8,0.9,ILP-PA2,-5.026612248619396,-0.3571428571428571,1.0
2052,8,0.1,ReverseLPA,-14.44767365191123,-0.5714285714285714,0.39436507936507936
2053,8,0.1,ILP-PA1,-14.658394683226884,-0.14285714285714285,0.36547619047619045
2054,8,0.1,ILP-PA2,-10.369306044212271,0.5714285714285714,0.1547388575906282
2055,8,0.2,ReverseLPA,-14.21436460735806,-0.42857142857142855,0.33999999999999997
2056,8,0.2,ILP-PA1,-4.557737132753459,0.4999999999999999,0.15664575006694134
2057,8,0.2,ILP-PA2,-13.72064445149501,0.14285714285714285,0.1798699272195685
2058,8,0.3,ReverseLPA,-10.567859293913948,-0.4999999999999999,0.6666666666666666
2059,8,0.3,ILP-PA1,-2.987347524019598,0.3571428571428571,0.2365089030435524
2060,8,0.3,ILP-PA2,-4.904670216222999,0.5714285714285714,0.20667746776408388
2061,8,0.4,ReverseLPA,-12.227861061337492,-0.14285714285714285,0.17888888888888888
2062,8,0.4,ILP-PA1,-13.460233340185129,0.21428571428571427,0.16247746253830087
2063,8,0.4,ILP-PA2,-3.365058335046282,-0.21428571428571427,0.17573999510896246
2064,8,0.5,ReverseLPA,-13.862943611198906,-0.21428571428571427,0.53
2065,8,0.5,ILP-PA1,-9.704060527839234,-0.07142857142857142,0.19833333333333333
2066,8,0.5,ILP-PA2,-9.010913347279288,0.0,0.21222222222222217
2067,8,0.6,ReverseLPA,-12.13847750020281,-0.2857142857142857,0.16666666666666666
2068,8,0.6,ILP-PA1,-9.779093458165367,0.3571428571428571,0.15043445012944193
2069,8,0.6,ILP-PA2,-15.187454288275612,0.5714285714285714,0.16293400861963594
2070,8,0.7,ReverseLPA,-15.42736053654646,0.07142857142857142,0.216984126984127
2071,8,0.7,ILP-PA1,-9.452665488507265,0.3571428571428571,0.18900680792287672
2072,8,0.7,ILP-PA2,-9.452665488507265,0.3571428571428571,0.18900680792287672
2073,8,0.8,ReverseLPA,-13.896354949574587,0.2857142857142857,0.18611111111111112
2074,8,0.8,ILP-PA1,-5.72088794255914,-0.07142857142857142,0.15143881290551892
2075,8,0.8,ILP-PA2,-5.72088794255914,-0.07142857142857142,0.15143881290551892
2076,8,0.9,ReverseLPA,-16.44952344940993,-0.21428571428571427,1.0
2077,8,0.9,ILP-PA1,-2.9347481869410035,-0.07142857142857142,0.4525343024999387
2078,8,0.9,ILP-PA2,-6.290938436513313,0.4999999999999999,0.7079365079365079
2079,8,0.1,ReverseLPA,-14.44767365191123,-0.21428571428571427,0.3876984126984127
2080,8,0.1,ILP-PA1,-12.671891137206316,0.5714285714285714,0.18795839223702632
2081,8,0.1,ILP-PA2,-14.869115714542536,0.3571428571428571,0.33333333333333337
2082,8,0.2,ReverseLPA,-15.82380251979216,-0.21428571428571427,0.22095238095238096
2083,8,0.2,ILP-PA1,-14.613218656751851,0.07142857142857142,0.15617568819422942
2084,8,0.2,ILP-PA2,-7.55346940630745,0.0,0.1617746804201048
2085,8,0.3,ReverseLPA,-14.179777706891757,-0.42857142857142855,0.19833333333333333
2086,8,0.3,ILP-PA1,-9.229938517078272,0.4999999999999999,0.14896726914784514
2087,8,0.3,ILP-PA2,-13.198531873994813,0.14285714285714285,0.14262962978325858
2088,8,0.4,ReverseLPA,-15.893023988834114,-0.3571428571428571,0.21365079365079365
2089,8,0.4,ILP-PA1,-11.522291360778993,-0.07142857142857142,0.1514011064448874
2090,8,0.4,ILP-PA2,-12.033116984544982,0.0,0.1514011064448874
2091,8,0.5,ReverseLPA,-11.090354888959125,0.0,0.19166666666666668
2092,8,0.5,ILP-PA1,-14.556090791758852,0.3571428571428571,0.1840234878350938
2093,8,0.5,ILP-PA2,-14.556090791758852,0.3571428571428571,0.1840234878350938
2094,8,0.6,ReverseLPA,-13.670954371500784,-0.4999999999999999,0.35507936507936505
2095,8,0.6,ILP-PA1,-11.416930845121165,-0.42857142857142855,0.36420634920634926
2096,8,0.6,ILP-PA2,-11.416930845121165,-0.42857142857142855,0.36420634920634926
2097,8,0.7,ReverseLPA,-12.21728604109787,-0.7142857142857142,0.8476190476190476
2098,8,0.7,ILP-PA1,-5.5292411051812085,0.21428571428571427,0.18611111111111112
2099,8,0.7,ILP-PA2,-7.580511769894348,-0.4999999999999999,0.17022373913980793
2100,8,0.8,ReverseLPA,-15.235216257459847,0.07142857142857142,0.6984126984126984
2101,8,0.8,ILP-PA1,-6.789172645895556,0.07142857142857142,0.27766297445576743
2102,8,0.8,ILP-PA2,-6.789172645895556,0.07142857142857142,0.27766297445576743
2103,8,0.9,ReverseLPA,-16.133441902436452,0.14285714285714285,0.22484126984126984
2104,8,0.9,ILP-PA1,-1.3696867035517417,-0.42857142857142855,0.5344444444444445
2105,8,0.9,ILP-PA2,-11.106829653817057,0.07142857142857142,0.1634424632280347
2106,8,0.1,ReverseLPA,-14.44767365191123,0.14285714285714285,0.20817460317460318
2107,8,0.1,ILP-PA1,-12.88261216852197,0.5714285714285714,0.16283031497527736
2108,8,0.1,ILP-PA2,-15.606639324147322,0.21428571428571427,0.4887969992482523
2109,8,0.2,ReverseLPA,-12.60492669492396,-0.3571428571428571,0.19444444444444445
2110,8,0.2,ILP-PA1,-13.94378800280922,-0.2857142857142857,0.31143743361401144
2111,8,0.2,ILP-PA2,-6.3903185965017695,0.2857142857142857,0.1794563982436692
2112,8,0.3,ReverseLPA,-16.587723315543627,-0.42857142857142855,0.3472222222222222
2113,8,0.3,ILP-PA1,-2.6306725800808657,0.0,0.2469047619047619
2114,8,0.3,ILP-PA2,-5.529241105181209,0.2857142857142857,0.37666666666666665
2115,8,0.4,ReverseLPA,-12.227861061337494,-0.21428571428571427,0.34444444444444444
2116,8,0.4,ILP-PA1,-11.116826252670828,0.5714285714285714,0.18718475587659164
2117,8,0.4,ILP-PA2,-5.708465422560583,0.2857142857142857,0.16112259811493518
2118,8,0.5,ReverseLPA,-15.942385152878742,0.07142857142857142,0.36777777777777776
2119,8,0.5,ILP-PA1,-4.852030263919617,-0.4999999999999999,0.5461904761904762
2120,8,0.5,ILP-PA2,-4.852030263919617,-0.42857142857142855,0.21507936507936506
2121,8,0.6,ReverseLPA,-13.670954371500782,-0.2857142857142857,0.22015873015873014
2122,8,0.6,ILP-PA1,-14.376524072059283,0.42857142857142855,0.1691880631993341
2123,8,0.6,ILP-PA2,-11.522291360778992,0.4999999999999999,0.1549152548808911
2124,8,0.7,ReverseLPA,-14.357335704730266,-0.2857142857142857,0.6922222222222223
2125,8,0.7,ILP-PA1,-3.8346453844068016,-0.21428571428571427,0.3006431510616858
2126,8,0.7,ILP-PA2,-3.8346453844068016,-0.21428571428571427,0.3006431510616858
2127,8,0.8,ReverseLPA,-13.896354949574587,-0.2857142857142857,0.3677777777777778
2128,8,0.8,ILP-PA1,-16.668943671814368,0.0,0.20587301587301585
2129,8,0.8,ILP-PA2,-16.668943671814368,0.0,0.20587301587301585
2130,8,0.9,ReverseLPA,-16.133441902436452,-0.07142857142857142,0.2153174603174603
2131,8,0.9,ILP-PA1,-13.304054231153275,-0.2857142857142857,0.23595238095238097
2132,8,0.9,ILP-PA2,-13.304054231153275,-0.2857142857142857,0.23595238095238097
2133,8,0.1,ReverseLPA,-16.750258744905274,0.0,0.18730158730158727
2134,8,0.1,ILP-PA1,-10.685387591185751,0.42857142857142855,0.18176009712038138
2135,8,0.1,ILP-PA2,-8.382802498191705,0.07142857142857142,0.16587795298534172
2136,8,0.2,ReverseLPA,-14.21436460735806,-0.7142857142857142,0.8333333333333333
2137,8,0.2,ILP-PA1,-11.66491943643249,0.14285714285714285,0.31003401358622745
2138,8,0.2,ILP-PA2,-13.274357348866591,0.14285714285714285,0.2110616668370536
2139,8,0.3,ReverseLPA,-14.179777706891757,-0.21428571428571427,0.3333333333333333
2140,8,0.3,ILP-PA1,-16.676502314462883,0.4999999999999999,0.16047081043644668
2141,8,0.3,ILP-PA2,-3.121295496529337,-0.07142857142857142,0.2075253264413953
2142,8,0.4,ReverseLPA,-14.060442525085804,0.21428571428571427,0.18444444444444444
2143,8,0.4,ILP-PA1,-7.240942293858555,-0.2857142857142857,0.22365079365079366
2144,8,0.4,ILP-PA2,-10.095175005138847,-0.14285714285714285,0.21672892509118447
2145,8,0.5,ReverseLPA,-13.16979643063896,-0.4999999999999999,0.225
2146,8,0.5,ILP-PA1,-2.772588722239781,-0.07142857142857142,0.18444444444444444
2147,8,0.5,ILP-PA2,-6.238324625039508,0.0,0.15831701896924424
2148,8,0.6,ReverseLPA,-14.692605619032763,-0.3571428571428571,0.6900000000000001
2149,8,0.6,ILP-PA1,-14.076419479608944,-0.14285714285714285,0.18969653155504843
2150,8,0.6,ILP-PA2,-14.076419479608944,-0.14285714285714285,0.18969653155504843
2151,8,0.7,ReverseLPA,-13.287310872914068,0.2857142857142857,0.3416666666666667
2152,8,0.7,ILP-PA1,-15.338581537627206,-0.42857142857142855,0.16915350185447828
2153,8,0.7,ILP-PA2,-15.338581537627206,-0.42857142857142855,0.16915350185447828
2154,8,0.8,ReverseLPA,-13.450067846946169,-0.2857142857142857,0.6833333333333333
2155,8,0.8,ILP-PA1,-8.669187162878499,-0.2857142857142857,0.20785714285714288
2156,8,0.8,ILP-PA2,-8.669187162878499,-0.2857142857142857,0.20785714285714288
2157,8,0.9,ReverseLPA,-16.660244480725588,0.0,1.0
2158,8,0.9,ILP-PA1,-1.3696867035517417,-0.42857142857142855,0.4302727806913155
2159,8,0.9,ILP-PA2,-1.3696867035517417,-0.42857142857142855,0.4302727806913155
2160,8,0.1,ReverseLPA,-16.750258744905274,-0.6428571428571428,0.5238095238095237
2161,8,0.1,ILP-PA1,-17.17170080753658,-0.2857142857142857,0.37333333333333335
2162,8,0.1,ILP-PA2,-10.369306044212271,0.6428571428571428,0.13421169191199014
2163,8,0.2,ReverseLPA,-10.99548878248986,0.07142857142857142,0.3892857142857143
2164,8,0.2,ILP-PA1,-10.724912177941018,-0.14285714285714285,0.47550334845460157
2165,8,0.2,ILP-PA2,-9.784904919449549,0.42857142857142855,0.30128656773223544
2166,8,0.3,ReverseLPA,-14.179777706891757,-0.21428571428571427,0.18928571428571428
2167,8,0.3,ILP-PA1,-8.873263573139539,0.0,0.3073784530640804
2168,8,0.3,ILP-PA2,-9.007211545649279,-0.2857142857142857,0.3705555555555556
2169,8,0.4,ReverseLPA,-18.64189618445658,0.21428571428571427,0.20611111111111108
2170,8,0.4,ILP-PA1,-10.906105221355176,-0.14285714285714285,0.1699946199602562
2171,8,0.4,ILP-PA2,-7.646407401966719,-0.21428571428571427,0.19087301587301586
2172,8,0.5,ReverseLPA,-11.090354888959125,-0.14285714285714285,0.34285714285714286
2173,8,0.5,ILP-PA1,-6.931471805599453,0.21428571428571427,0.16983484061567
2174,8,0.5,ILP-PA2,-6.931471805599453,0.21428571428571427,0.16983484061567
2175,8,0.6,ReverseLPA,-16.225082490330735,0.14285714285714285,0.1825396825396825
2176,8,0.6,ILP-PA1,-11.222186768328655,-0.4999999999999999,0.2095238095238095
2177,8,0.6,ILP-PA2,-11.222186768328655,-0.4999999999999999,0.2095238095238095
2178,8,0.7,ReverseLPA,-12.930635928975336,0.2857142857142857,0.20555555555555555
2179,8,0.7,ILP-PA1,-10.567859293913946,0.21428571428571427,0.13972725427274532
2180,8,0.7,ILP-PA2,-6.733213909507144,-0.6428571428571428,0.19642857142857142
2181,8,0.8,ReverseLPA,-13.450067846946169,0.42857142857142855,0.18611111111111112
2182,8,0.8,ILP-PA1,-9.60919442136997,-0.14285714285714285,0.1478952141107494
2183,8,0.8,ILP-PA2,-9.60919442136997,-0.14285714285714285,0.1478952141107494
2184,8,0.9,ReverseLPA,-16.55488396506776,0.21428571428571427,0.566031746031746
2185,8,0.9,ILP-PA1,-2.9347481869410035,0.14285714285714285,0.2099417099073461
2186,8,0.9,ILP-PA2,-1.3696867035517417,-0.14285714285714285,0.8466666666666667
2187,8,0.1,ReverseLPA,-14.44767365191123,-0.4999999999999999,0.6916666666666667
2188,8,0.1,ILP-PA1,-12.987972684179795,0.7857142857142856,0.1970287957256544
2189,8,0.1,ILP-PA2,-13.198693715495448,0.21428571428571427,0.17382758083726377
2190,8,0.2,ReverseLPA,-10.99548878248986,-0.4999999999999999,0.34
2191,8,0.2,ILP-PA1,-8.669187162878499,0.7142857142857142,0.1660599597503147
2192,8,0.2,ILP-PA2,-10.278625075312599,0.07142857142857142,0.189595878771165
2193,8,0.3,ReverseLPA,-14.179777706891757,0.2857142857142857,0.35666666666666663
2194,8,0.3,ILP-PA1,-2.2739976361421332,-0.5714285714285714,0.21904761904761907
2195,8,0.3,ILP-PA2,-13.911881761872278,0.07142857142857142,0.1802693296931297
2196,8,0.4,ReverseLPA,-10.395279597589184,0.21428571428571427,0.18809523809523807
2197,8,0.4,ILP-PA1,-10.50064011324701,0.2857142857142857,0.21365079365079365
2198,8,0.4,ILP-PA2,-5.4083608301102455,0.4999999999999999,0.1577490478288801
2199,8,0.5,ReverseLPA,-14.556090791758852,-0.21428571428571427,0.17777777777777776
2200,8,0.5,ILP-PA1,-4.1588830833596715,-0.2857142857142857,0.33999999999999997
2201,8,0.5,ILP-PA2,-4.1588830833596715,0.21428571428571427,0.17777777777777776
2202,8,0.6,ReverseLPA,-14.181779995266773,-0.14285714285714285,0.17777777777777776
2203,8,0.6,ILP-PA1,-4.792174690686427,0.07142857142857142,0.22103174603174605
2204,8,0.6,ILP-PA2,-4.792174690686427,0.07142857142857142,0.22103174603174605
2205,8,0.7,ReverseLPA,-14.000660760791531,-0.14285714285714285,0.24071428571428574
2206,8,0.7,ILP-PA1,-6.733213909507144,0.0,0.17794649749662428
2207,8,0.7,ILP-PA2,-9.095990544568533,0.21428571428571427,0.3261704888127572
2208,8,0.8,ReverseLPA,-14.788929154831425,0.0,0.3555555555555555
2209,8,0.8,ILP-PA1,-5.004024235381879,0.14285714285714285,0.20283748611831554
2210,8,0.8,ILP-PA2,-8.175467007015447,-0.2857142857142857,0.18844136096923145
2211,8,0.9,ReverseLPA,-16.660244480725588,0.0,1.0
2212,8,0.9,ILP-PA1,-1.3696867035517417,-0.42857142857142855,0.4302727806913155
2213,8,0.9,ILP-PA2,-1.3696867035517417,-0.42857142857142855,0.4302727806913155
2214,8,0.1,ReverseLPA,-14.44767365191123,-0.5714285714285714,0.4035714285714286
2215,8,0.1,ILP-PA1,-12.461170105890664,-0.14285714285714285,0.2714400584323955
2216,8,0.1,ILP-PA2,-10.580027075527925,0.4999999999999999,0.14832550375352144
2217,8,0.2,ReverseLPA,-17.43324043222626,0.2857142857142857,0.16666666666666666
2218,8,0.2,ILP-PA1,-10.278625075312599,0.14285714285714285,0.1618160868769252
2219,8,0.2,ILP-PA2,-2.5020121176909393,0.0,0.18367650304547037
2220,8,0.3,ReverseLPA,-14.179777706891757,0.14285714285714285,0.16666666666666666
2221,8,0.3,ILP-PA1,-11.503936153220405,0.07142857142857142,0.1507996376132224
2222,8,0.3,ILP-PA2,-14.268556705811012,-0.2857142857142857,0.1663074660024578
2223,8,0.4,ReverseLPA,-12.227861061337492,0.07142857142857142,0.18333333333333332
2224,8,0.4,ILP-PA1,-6.730116670092564,0.4999999999999999,0.1637200831015626
2225,8,0.4,ILP-PA2,-9.584349381372856,-0.21428571428571427,0.20640583349429234
2226,8,0.5,ReverseLPA,-15.249237972318797,0.2857142857142857,0.3578571428571428
2227,8,0.5,ILP-PA1,-4.852030263919617,0.2857142857142857,0.2023015873015873
2228,8,0.5,ILP-PA2,-4.852030263919617,0.2857142857142857,0.2023015873015873
2229,8,0.6,ReverseLPA,-13.160128747734792,0.14285714285714285,0.17777777777777776
2230,8,0.6,ILP-PA1,-4.792174690686427,0.0,0.14836905265387998
2231,8,0.6,ILP-PA2,-4.792174690686427,0.0,0.14836905265387998
2232,8,0.7,ReverseLPA,-14.000660760791531,0.07142857142857142,0.19277777777777777
2233,8,0.7,ILP-PA1,-13.198531873994813,0.07142857142857142,0.21182539682539683
2234,8,0.7,ILP-PA2,-11.994559069668878,0.2857142857142857,0.19277777777777777
2235,8,0.8,ReverseLPA,-14.342642052203008,0.07142857142857142,0.20785714285714288
2236,8,0.8,ILP-PA1,-10.724912177941018,-0.3571428571428571,0.14138154369576428
2237,8,0.8,ILP-PA2,-13.003780744317748,-0.3571428571428571,0.15945929994146382
2238,8,0.9,ReverseLPA,-16.55488396506776,0.07142857142857142,0.416031746031746
2239,8,0.9,ILP-PA1,-0.7375236096047839,-0.21428571428571427,0.3301443740604429
2240,8,0.9,ILP-PA2,-5.04195850009753,-0.14285714285714285,0.5588888888888889
2241,8,0.1,ReverseLPA,-16.750258744905274,-0.7857142857142856,0.4999999999999999
2242,8,0.1,ILP-PA1,-17.27706132319441,0.3571428571428571,0.5095238095238095
2243,8,0.1,ILP-PA2,-14.763755198884711,-0.07142857142857142,0.17096329838666685
2244,8,0.2,ReverseLPA,-14.21436460735806,0.21428571428571427,0.34365079365079365
2245,8,0.2,ILP-PA1,-3.6651629274966204,0.2857142857142857,0.16988159074460185
2246,8,0.2,ILP-PA2,-13.720644451495009,0.14285714285714285,0.2019047619047619
2247,8,0.3,ReverseLPA,-15.383750511217693,0.0,0.18444444444444444
2248,8,0.3,ILP-PA1,-14.40250467832075,0.07142857142857142,0.17311812275309293
2249,8,0.3,ILP-PA2,-6.955940880936138,-0.2857142857142857,0.19753968253968254
2250,8,0.4,ReverseLPA,-12.227861061337492,-0.2857142857142857,0.519047619047619
2251,8,0.4,ILP-PA1,-8.15723302573271,0.14285714285714285,0.18848797120475172
2252,8,0.4,ILP-PA2,-4.897535206344254,-0.2857142857142857,0.21190476190476187
2253,8,0.5,ReverseLPA,-12.476649250079015,-0.42857142857142855,0.5344444444444445
2254,8,0.5,ILP-PA1,-16.635532333438686,-0.07142857142857142,0.18548008539468788
2255,8,0.5,ILP-PA2,-3.4657359027997265,0.7142857142857142,0.1486883248847745
2256,8,0.6,ReverseLPA,-15.203431242798755,0.2857142857142857,0.18730158730158727
2257,8,0.6,ILP-PA1,-12.649303123968801,-0.2857142857142857,0.36111111111111116
2258,8,0.6,ILP-PA2,-4.792174690686427,-0.07142857142857142,0.17138336908999188
2259,8,0.7,ReverseLPA,-13.6439858168528,-0.14285714285714285,0.5303174603174603
2260,8,0.7,ILP-PA1,-5.618020104100464,-0.07142857142857142,0.5471428571428572
2261,8,0.7,ILP-PA2,-5.618020104100464,-0.07142857142857142,0.5471428571428572
2262,8,0.8,ReverseLPA,-14.565785603517217,0.07142857142857142,0.2208730158730159
2263,8,0.8,ILP-PA1,-2.9482992203193588,-0.7142857142857142,0.45923672179756014
2264,8,0.8,ILP-PA2,-2.725155669005149,-0.21428571428571427,0.2465873015873016
2265,8,0.9,ReverseLPA,-16.660244480725588,0.0,1.0
2266,8,0.9,ILP-PA1,-1.3696867035517417,-0.42857142857142855,0.4302727806913155
2267,8,0.9,ILP-PA2,-1.3696867035517417,-0.42857142857142855,0.4302727806913155
2268,8,0.1,ReverseLPA,-14.44767365191123,-0.2857142857142857,0.34
2269,8,0.1,ILP-PA1,-12.987972684179796,0.21428571428571427,0.20107043015268056
2270,8,0.1,ILP-PA2,-12.987972684179796,0.7857142857142856,0.1801449230800017
2271,8,0.2,ReverseLPA,-10.99548878248986,-0.42857142857142855,0.3700793650793651
2272,8,0.2,ILP-PA1,-11.66491943643249,0.21428571428571427,0.5095238095238095
2273,8,0.2,ILP-PA2,-10.948055729255229,-0.07142857142857142,0.306302843982782
2274,8,0.3,ReverseLPA,-12.975804902565821,0.07142857142857142,0.5066666666666666
2275,8,0.3,ILP-PA1,-13.198531873994813,0.3571428571428571,0.16062530655264085
2276,8,0.3,ILP-PA2,-9.720561433526743,0.0,0.166987085408994
2277,8,0.4,ReverseLPA,-14.97673325695996,0.0,0.18611111111111112
2278,8,0.4,ILP-PA1,-7.541046886308893,-0.14285714285714285,0.19852583654577144
2279,8,0.4,ILP-PA2,-9.884453973823193,0.21428571428571427,0.16997171336289382
2280,8,0.5,ReverseLPA,-13.16979643063896,-0.3571428571428571,0.3757142857142857
2281,8,0.5,ILP-PA1,-4.1588830833596715,-0.07142857142857142,0.3946031746031746
2282,8,0.5,ILP-PA2,-13.16979643063896,0.4999999999999999,0.14690671636374936
2283,8,0.6,ReverseLPA,-14.181779995266774,-0.4999999999999999,0.3622222222222223
2284,8,0.6,ILP-PA1,-4.281349066920437,0.07142857142857142,0.19277777777777777
2285,8,0.6,ILP-PA2,-14.376524072059283,-0.3571428571428571,0.18611111111111112
2286,8,0.7,ReverseLPA,-14.000660760791531,0.21428571428571427,0.17777777777777776
2287,8,0.7,ILP-PA1,-3.8346453844068016,0.14285714285714285,0.17485336876943758
2288,8,0.7,ILP-PA2,-11.994559069668876,0.2857142857142857,0.14392642012286969
2289,8,0.8,ReverseLPA,-13.673211398260378,0.14285714285714285,0.3645238095238096
2290,8,0.8,ILP-PA1,-11.840629934512068,-0.2857142857142857,0.3633333333333334
2291,8,0.8,ILP-PA2,-5.497744391244931,-0.07142857142857142,0.34833333333333333
2292,8,0.9,ReverseLPA,-16.133441902436452,-0.42857142857142855,0.5466666666666666
2293,8,0.9,ILP-PA1,-7.7506394042447475,-0.5714285714285714,0.1868865373050721
2294,8,0.9,ILP-PA2,-5.658775342566355,-0.2857142857142857,0.14652997536118068
2295,8,0.1,ReverseLPA,-14.44767365191123,-0.2857142857142857,0.35198412698412695
2296,8,0.1,ILP-PA1,-12.566530621548491,0.2857142857142857,0.20843343950948154
2297,8,0.1,ILP-PA2,-10.15858501289662,0.5714285714285714,0.18076305496569298
2298,8,0.2,ReverseLPA,-15.82380251979216,-0.4999999999999999,0.18650793650793648
2299,8,0.2,ILP-PA1,-6.16717504518756,0.07142857142857142,0.1533142735724893
2300,8,0.2,ILP-PA2,-6.613462147815979,-0.07142857142857142,0.20269841269841268
2301,8,0.3,ReverseLPA,-12.975804902565821,0.14285714285714285,0.34833333333333333
2302,8,0.3,ILP-PA1,-13.911881761872277,0.21428571428571427,0.21760076161203248
2303,8,0.3,ILP-PA2,-2.6306725800808657,-0.5714285714285714,0.25542724150330776
2304,8,0.4,ReverseLPA,-12.227861061337492,-0.14285714285714285,0.18809523809523807
2305,8,0.4,ILP-PA1,-2.748872195622465,0.2857142857142857,0.26164680945525937
2306,8,0.4,ILP-PA2,-6.219291046326574,0.14285714285714285,0.19127801028928118
2307,8,0.5,ReverseLPA,-12.476649250079015,0.0,0.21341269841269842
2308,8,0.5,ILP-PA1,-11.090354888959125,0.2857142857142857,0.16246266858821828
2309,8,0.5,ILP-PA2,-11.090354888959125,0.2857142857142857,0.16246266858821828
2310,8,0.6,ReverseLPA,-14.181779995266773,-0.14285714285714285,0.3898412698412698
2311,8,0.6,ILP-PA1,-14.887349695825272,-0.2857142857142857,0.2418253968253968
2312,8,0.6,ILP-PA2,-13.97105896395112,0.0,0.1697934341588496
2313,8,0.7,ReverseLPA,-14.000660760791531,0.14285714285714285,0.3547619047619047
2314,8,0.7,ILP-PA1,-13.28731087291407,-0.2857142857142857,0.42079365079365083
2315,8,0.7,ILP-PA2,-11.994559069668876,0.14285714285714285,0.20176317682401512
2316,8,0.8,ReverseLPA,-14.788929154831425,-0.07142857142857142,0.22365079365079366
2317,8,0.8,ILP-PA1,-4.3345935814392496,-0.3571428571428571,0.24269841269841272
2318,8,0.8,ILP-PA2,-4.3345935814392496,-0.3571428571428571,0.24269841269841272
2319,8,0.9,ReverseLPA,-16.55488396506776,0.07142857142857142,0.416031746031746
2320,8,0.9,ILP-PA1,-2.9347481869410035,-0.21428571428571427,0.22676317682401512
2321,8,0.9,ILP-PA2,-4.093713859177092,0.14285714285714285,0.2099417099073461
2322,8,0.1,ReverseLPA,-14.44767365191123,-0.42857142857142855,0.19865079365079366
2323,8,0.1,ILP-PA1,-12.461170105890664,0.14285714285714285,0.17821748543827837
2324,8,0.1,ILP-PA2,-12.461170105890664,0.14285714285714285,0.17821748543827837
2325,8,0.2,ReverseLPA,-15.82380251979216,-0.3571428571428571,0.18444444444444444
2326,8,0.2,ILP-PA1,-10.995488782489861,0.07142857142857142,0.19698412698412696
2327,8,0.2,ILP-PA2,-8.93976376742734,0.4999999999999999,0.171404225846548
2328,8,0.3,ReverseLPA,-11.771832098239884,-0.07142857142857142,0.19904761904761906
2329,8,0.3,ILP-PA1,-9.229938517078272,0.0,0.19873137694203377
2330,8,0.3,ILP-PA2,-5.038618188732738,-0.14285714285714285,0.18137028133591757
2331,8,0.4,ReverseLPA,-14.060442525085804,0.0,0.1733333333333333
2332,8,0.4,ILP-PA1,-16.614570643915755,0.21428571428571427,0.18611111111111112
2333,8,0.4,ILP-PA2,-6.3246515619844,0.0,0.15574241943190636
2334,8,0.5,ReverseLPA,-18.021826694558577,0.14285714285714285,0.36698412698412697
2335,8,0.5,ILP-PA1,-10.39720770839918,-0.42857142857142855,0.20596859601448073
2336,8,0.5,ILP-PA2,-10.39720770839918,-0.42857142857142855,0.20596859601448073
2337,8,0.6,ReverseLPA,-13.670954371500782,-0.2857142857142857,0.5272222222222223
2338,8,0.6,ILP-PA1,-7.346302809516381,0.07142857142857142,0.16358815503382268
2339,8,0.6,ILP-PA2,-14.587245103374936,-0.4999999999999999,0.6816666666666668
2340,8,0.7,ReverseLPA,-13.6439858168528,0.0,0.19277777777777777
2341,8,0.7,ILP-PA1,-9.36388648958801,-0.6428571428571428,0.184459424095484
2342,8,0.7,ILP-PA2,-2.6306725800808657,0.5714285714285714,0.21222222222222217
2343,8,0.8,ReverseLPA,-14.342642052203008,0.0,0.20976190476190476
2344,8,0.8,ILP-PA1,-7.99975650893587,0.07142857142857142,0.16915350185447828
2345,8,0.8,ILP-PA2,-7.99975650893587,0.07142857142857142,0.16915350185447828
2346,8,0.9,ReverseLPA,-16.34416293375211,0.21428571428571427,0.3887301587301587
2347,8,0.9,ILP-PA1,-0.7375236096047839,-0.4999999999999999,0.5522222222222222
2348,8,0.9,ILP-PA2,-0.7375236096047839,-0.4999999999999999,0.5522222222222222
2349,8,0.1,ReverseLPA,-14.44767365191123,0.14285714285714285,0.5541269841269841
2350,8,0.1,ILP-PA1,-14.869115714542536,-0.14285714285714285,0.3252065817178526
2351,8,0.1,ILP-PA2,-10.474666559870098,0.3571428571428571,0.14012279974619202
2352,8,0.2,ReverseLPA,-14.21436460735806,-0.5714285714285714,0.3583333333333333
2353,8,0.2,ILP-PA1,-7.55346940630745,-0.14285714285714285,0.17022373913980793
2354,8,0.2,ILP-PA2,-6.3903185965017695,0.3571428571428571,0.16398111563833623
2355,8,0.3,ReverseLPA,-10.567859293913948,-0.07142857142857142,0.37222222222222223
2356,8,0.3,ILP-PA1,-11.994559069668878,0.2857142857142857,0.22299012094137396
2357,8,0.3,ILP-PA2,-10.433911321404208,0.2857142857142857,0.2872649929147731
2358,8,0.4,ReverseLPA,-14.97673325695996,0.0,0.515
2359,8,0.4,ILP-PA1,-9.073523757606866,0.42857142857142855,0.17246678510905342
2360,8,0.4,ILP-PA2,-9.98981448948102,0.07142857142857142,0.19277777777777777
2361,8,0.5,ReverseLPA,-14.556090791758852,-0.14285714285714285,0.35666666666666663
2362,8,0.5,ILP-PA1,-11.090354888959125,-0.42857142857142855,0.3792063492063492
2363,8,0.5,ILP-PA2,-14.556090791758852,0.2857142857142857,0.2
2364,8,0.6,ReverseLPA,-15.203431242798755,-0.2857142857142857,0.3578571428571428
2365,8,0.6,ILP-PA1,-8.6680586494987,-0.6428571428571428,0.35388888888888886
2366,8,0.6,ILP-PA2,-8.6680586494987,-0.6428571428571428,0.35388888888888886
2367,8,0.7,ReverseLPA,-13.6439858168528,-0.3571428571428571,0.2023015873015873
2368,8,0.7,ILP-PA1,-13.198531873994813,-0.3571428571428571,0.1456509939192193
2369,8,0.7,ILP-PA2,-14.625231649749743,0.14285714285714285,0.21341269841269842
2370,8,0.8,ReverseLPA,-14.788929154831425,-0.14285714285714285,0.5406349206349207
2371,8,0.8,ILP-PA1,-9.514328314900705,-0.21428571428571427,0.3086248978566599
2372,8,0.8,ILP-PA2,-9.514328314900705,-0.21428571428571427,0.3086248978566599
2373,8,0.9,ReverseLPA,-16.55488396506776,0.14285714285714285,1.0
2374,8,0.9,ILP-PA1,-3.5669112808879615,-0.07142857142857142,0.31122516164369635
2375,8,0.9,ILP-PA2,-3.5669112808879615,-0.14285714285714285,0.31122516164369635
2376,8,0.1,ReverseLPA,-16.750258744905274,-0.2857142857142857,0.27182539682539686
2377,8,0.1,ILP-PA1,-17.48778235451006,0.2857142857142857,0.20213954967735512
2378,8,0.1,ILP-PA2,-7.539918372929095,0.7142857142857142,0.15454550432403794
2379,8,0.2,ReverseLPA,-14.21436460735806,-0.21428571428571427,0.3622222222222222
2380,8,0.2,ILP-PA1,-9.83233797268418,0.21428571428571427,0.18673585388618105
2381,8,0.2,ILP-PA2,-2.5020121176909393,0.5714285714285714,0.18583094163633918
2382,8,0.3,ReverseLPA,-15.383750511217693,-0.21428571428571427,0.19285714285714284
2383,8,0.3,ILP-PA1,-8.873263573139539,-0.21428571428571427,0.16666666666666666
2384,8,0.3,ILP-PA2,-15.115854566198214,0.7142857142857142,0.16293695814835538
2385,8,0.4,ReverseLPA,-14.060442525085804,-0.21428571428571427,0.18444444444444444
2386,8,0.4,ILP-PA1,-14.676628664509622,0.0,0.20139705790832882
2387,8,0.4,ILP-PA2,-7.646407401966719,-0.21428571428571427,0.2071785692489905
2388,8,0.5,ReverseLPA,-11.78350206951907,-0.14285714285714285,0.36833333333333335
2389,8,0.5,ILP-PA1,-12.476649250079015,0.07142857142857142,0.37666666666666665
2390,8,0.5,ILP-PA2,-9.704060527839234,0.21428571428571427,0.35277777777777775
2391,8,0.6,ReverseLPA,-14.181779995266773,-0.07142857142857142,0.36928571428571433
2392,8,0.6,ILP-PA1,-3.875883958812273,-0.3571428571428571,0.5205555555555555
2393,8,0.6,ILP-PA2,-3.875883958812273,-0.3571428571428571,0.5205555555555555
2394,8,0.7,ReverseLPA,-13.287310872914068,-0.5714285714285714,0.8476190476190476
2395,8,0.7,ILP-PA1,-9.943288404955737,0.2857142857142857,0.17858313762042818
2396,8,0.7,ILP-PA2,-9.943288404955737,0.2857142857142857,0.17858313762042818
2397,8,0.8,ReverseLPA,-14.342642052203008,-0.07142857142857142,0.21261904761904762
2398,8,0.8,ILP-PA1,-9.338617816821127,-0.14285714285714285,0.2695273232686723
2399,8,0.8,ILP-PA2,-9.338617816821127,-0.14285714285714285,0.2695273232686723
2400,8,0.9,ReverseLPA,-16.34416293375211,0.3571428571428571,0.5406349206349207
2401,8,0.9,ILP-PA1,-5.764135858224181,-0.07142857142857142,0.566031746031746
2402,8,0.9,ILP-PA2,-5.764135858224181,-0.07142857142857142,0.566031746031746
2403,8,0.1,ReverseLPA,-16.750258744905274,-0.21428571428571427,0.38095238095238093
2404,8,0.1,ILP-PA1,-7.750639404244747,0.14285714285714285,0.21418089066619345
2405,8,0.1,ILP-PA2,-14.974476230200363,0.5714285714285714,0.17772413717623836
2406,8,0.2,ReverseLPA,-10.99548878248986,-0.07142857142857142,0.1895238095238095
2407,8,0.2,ILP-PA1,-10.50176862662681,-0.2857142857142857,0.42852506620500425
2408,8,0.2,ILP-PA2,-8.89233071419271,0.6428571428571428,0.1927884676251302
2409,8,0.3,ReverseLPA,-12.975804902565821,0.07142857142857142,0.16666666666666666
2410,8,0.3,ILP-PA1,-13.064583901485074,-0.2857142857142857,0.17708637672134694
2411,8,0.3,ILP-PA2,-11.637884125730144,0.0,0.177124571135842
2412,8,0.4,ReverseLPA,-13.144151793211648,-0.21428571428571427,0.36611111111111116
2413,8,0.4,ILP-PA1,-6.730116670092564,-0.4999999999999999,0.15712463254316733
2414,8,0.4,ILP-PA2,-6.219291046326573,0.42857142857142855,0.1404373645469063
2415,8,0.5,ReverseLPA,-13.16979643063896,-0.07142857142857142,0.34444444444444444
2416,8,0.5,ILP-PA1,-3.4657359027997265,0.07142857142857142,0.1417495454908946
2417,8,0.5,ILP-PA2,-11.78350206951907,0.14285714285714285,0.16666666666666666
2418,8,0.6,ReverseLPA,-14.692605619032763,-0.2857142857142857,0.37444444444444447
2419,8,0.6,ILP-PA1,-3.981244474470099,-0.07142857142857142,0.21142857142857138
2420,8,0.6,ILP-PA2,-8.262593541390537,0.07142857142857142,0.19198412698412698
2421,8,0.7,ReverseLPA,-14.714010648668998,0.07142857142857142,0.21809523809523812
2422,8,0.7,ILP-PA1,-10.6566382928332,-0.4999999999999999,0.1663074660024578
2423,8,0.7,ILP-PA2,-12.930635928975335,0.14285714285714285,0.22555555555555556
2424,8,0.8,ReverseLPA,-14.565785603517217,0.14285714285714285,0.36142857142857143
2425,8,0.8,ILP-PA1,-4.11145003012504,0.07142857142857142,0.1822962072618435
2426,8,0.8,ILP-PA2,-7.059749250444399,0.0,0.1623392120342038
2427,8,0.9,ReverseLPA,-16.34416293375211,-0.07142857142857142,0.21904761904761907
2428,8,0.9,ILP-PA1,-3.566911280887961,-0.2857142857142857,0.19085479127332605
2429,8,0.9,ILP-PA2,-3.566911280887961,-0.21428571428571427,0.19085479127332605
2430,8,0.1,ReverseLPA,-14.44767365191123,0.0,0.7142857142857142
2431,8,0.1,ILP-PA1,-12.35580959023284,0.42857142857142855,0.15120196319430027
2432,8,0.1,ILP-PA2,-10.474666559870098,0.4999999999999999,0.15273126341105223
2433,8,0.2,ReverseLPA,-10.99548878248986,-0.4999999999999999,0.3734126984126984
2434,8,0.2,ILP-PA1,-8.892330714192708,0.6428571428571428,0.18685196366412654
2435,8,0.2,ILP-PA2,-9.338617816821127,0.7142857142857142,0.19535536502467074
2436,8,0.3,ReverseLPA,-11.771832098239884,0.0,0.19873015873015873
2437,8,0.3,ILP-PA1,-2.4079456086518722,-0.14285714285714285,0.513888888888889
2438,8,0.3,ILP-PA2,-3.121295496529337,-0.2857142857142857,0.513888888888889
2439,8,0.4,ReverseLPA,-14.060442525085804,0.07142857142857142,0.1825396825396825
2440,8,0.4,ILP-PA1,-12.949407716419138,-0.2857142857142857,0.21349206349206346
2441,8,0.4,ILP-PA2,-5.813825938218409,-0.14285714285714285,0.17591851648228213
2442,8,0.5,ReverseLPA,-16.635532333438686,0.2857142857142857,0.17777777777777776
2443,8,0.5,ILP-PA1,-8.317766166719343,-0.3571428571428571,0.16439976481829963
2444,8,0.5,ILP-PA2,-8.317766166719343,-0.3571428571428571,0.16439976481829963
2445,8,0.6,ReverseLPA,-11.62765187643682,-0.07142857142857142,0.18730158730158727
2446,8,0.6,ILP-PA1,-10.906105221355174,-0.2857142857142857,0.1666821103739461
2447,8,0.6,ILP-PA2,-10.906105221355174,-0.2857142857142857,0.1666821103739461
2448,8,0.7,ReverseLPA,-13.6439858168528,0.07142857142857142,0.21444444444444444
2449,8,0.7,ILP-PA1,-12.930635928975335,0.3571428571428571,0.20785714285714288
2450,8,0.7,ILP-PA2,-12.930635928975335,0.3571428571428571,0.20785714285714288
2451,8,0.8,ReverseLPA,-15.012072706145638,0.07142857142857142,0.40095238095238095
2452,8,0.8,ILP-PA1,-9.068041212272286,0.14285714285714285,0.20134382630946254
2453,8,0.8,ILP-PA2,-6.789172645895556,0.42857142857142855,0.5345238095238095
2454,8,0.9,ReverseLPA,-16.44952344940993,0.0,0.5453968253968254
2455,8,0.9,ILP-PA1,-6.290938436513312,0.14285714285714285,0.1623392120342038
2456,8,0.9,ILP-PA2,-6.290938436513312,0.3571428571428571,0.334567409628248
2457,8,0.1,ReverseLPA,-16.750258744905274,-0.4999999999999999,0.5426984126984127
2458,8,0.1,ILP-PA1,-2.7240271556253504,0.6428571428571428,0.2305459117171558
2459,8,0.1,ILP-PA2,-12.777251652864143,0.42857142857142855,0.1988915072152652
2460,8,0.2,ReverseLPA,-10.99548878248986,-0.21428571428571427,0.24357142857142855
2461,8,0.2,ILP-PA1,-8.446043611564289,0.6428571428571428,0.1446950663561995
2462,8,0.2,ILP-PA2,-10.50176862662681,0.07142857142857142,0.4041860310700816
2463,8,0.3,ReverseLPA,-15.383750511217693,0.0,0.3555555555555556
2464,8,0.3,ILP-PA1,-16.319827370524152,-0.07142857142857142,0.13790885570393813
2465,8,0.3,ILP-PA2,-10.92453423785268,0.3571428571428571,0.17613250764377855
2466,8,0.4,ReverseLPA,-13.144151793211648,-0.14285714285714285,0.17777777777777776
2467,8,0.4,ILP-PA1,-3.875883958812273,-0.3571428571428571,0.2296825396825397
2468,8,0.4,ILP-PA2,-3.365058335046282,-0.07142857142857142,0.38317460317460317
2469,8,0.5,ReverseLPA,-18.021826694558577,-0.21428571428571427,0.36698412698412697
2470,8,0.5,ILP-PA1,-4.1588830833596715,0.07142857142857142,0.22214285714285714
2471,8,0.5,ILP-PA2,-4.1588830833596715,-0.14285714285714285,0.22214285714285714
2472,8,0.6,ReverseLPA,-11.62765187643682,-0.21428571428571427,0.5190476190476191
2473,8,0.6,ILP-PA1,-9.073523757606866,0.14285714285714285,0.3662698412698413
2474,8,0.6,ILP-PA2,-14.376524072059283,0.4999999999999999,0.15868890826330953
2475,8,0.7,ReverseLPA,-13.6439858168528,-0.14285714285714285,0.35
2476,8,0.7,ILP-PA1,-15.472529510136948,0.2857142857142857,0.18809523809523807
2477,8,0.7,ILP-PA2,-14.045829734382016,0.21428571428571427,0.18809523809523807
2478,8,0.8,ReverseLPA,-14.565785603517217,0.42857142857142855,0.38841269841269843
2479,8,0.8,ILP-PA1,-4.287160528204617,-0.14285714285714285,0.1997718943220211
2480,8,0.8,ILP-PA2,-2.9482992203193588,0.07142857142857142,0.18502395570958305
2481,8,0.9,ReverseLPA,-16.34416293375211,0.14285714285714285,0.2390476190476191
2482,8,0.9,ILP-PA1,-3.9883533435192664,0.14285714285714285,0.32356604853168475
2483,8,0.9,ILP-PA2,-5.764135858224181,0.07142857142857142,0.19952380952380952
2484,8,0.1,ReverseLPA,-14.44767365191123,-0.3571428571428571,0.3767460317460317
2485,8,0.1,ILP-PA1,-13.304054231153273,0.6428571428571428,0.3570509675022205
2486,8,0.1,ILP-PA2,-13.409414746811102,0.4999999999999999,0.1869617910603604
2487,8,0.2,ReverseLPA,-14.21436460735806,-0.4999999999999999,0.1857142857142857
2488,8,0.2,ILP-PA1,-10.2786250753126,-0.07142857142857142,0.18464967831837592
2489,8,0.2,ILP-PA2,-10.948055729255229,0.3571428571428571,0.15146286623635602
2490,8,0.3,ReverseLPA,-14.179777706891757,-0.2857142857142857,0.23404761904761906
2491,8,0.3,ILP-PA1,-9.007211545649279,0.07142857142857142,0.23744203145330234
2492,8,0.3,ILP-PA2,-13.198531873994812,0.6428571428571428,0.16238163912464643
2493,8,0.4,ReverseLPA,-10.395279597589184,-0.4999999999999999,0.2003968253968254
2494,8,0.4,ILP-PA1,-12.033116984544984,0.0,0.2191667243691694
2495,8,0.4,ILP-PA2,-4.897535206344254,0.07142857142857142,0.20018196831501986
2496,8,0.5,ReverseLPA,-15.249237972318797,0.07142857142857142,0.34444444444444444
2497,8,0.5,ILP-PA1,-15.942385152878742,0.2857142857142857,0.22365079365079366
2498,8,0.5,ILP-PA2,-13.16979643063896,-0.07142857142857142,0.1752382443734386
2499,8,0.6,ReverseLPA,-12.649303123968801,-0.4999999999999999,0.5323809523809524
2500,8,0.6,ILP-PA1,-11.522291360778993,0.4999999999999999,0.13781955308858715
2501,8,0.6,ILP-PA2,-16.50921012825793,0.14285714285714285,0.16109288651142128
2502,8,0.7,ReverseLPA,-13.287310872914068,-0.21428571428571427,0.35119047619047616
2503,8,0.7,ILP-PA1,-11.415157154301149,-0.21428571428571427,0.3765079365079365
2504,8,0.7,ILP-PA2,-11.415157154301149,-0.21428571428571427,0.3765079365079365
2505,8,0.8,ReverseLPA,-14.565785603517217,-0.3571428571428571,1.0
2506,8,0.8,ILP-PA1,-6.566029094581347,0.07142857142857142,0.38396825396825396
2507,8,0.8,ILP-PA2,-6.566029094581347,0.0,0.3934920634920635
2508,8,0.9,ReverseLPA,-16.55488396506776,0.14285714285714285,0.566031746031746
2509,8,0.9,ILP-PA1,-1.8964892818408732,0.0,0.14965880716480437
2510,8,0.9,ILP-PA2,-1.8964892818408732,0.0,0.14965880716480437
2511,8,0.1,ReverseLPA,-14.44767365191123,0.0,0.3472222222222222
2512,8,0.1,ILP-PA1,-14.76375519888471,-0.2857142857142857,0.4654843594956304
2513,8,0.1,ILP-PA2,-10.580027075527925,0.0,0.1795593113835516
2514,8,0.2,ReverseLPA,-10.99548878248986,-0.6428571428571428,0.3588888888888889
2515,8,0.2,ILP-PA1,-7.99975650893587,0.07142857142857142,0.2813665232699071
2516,8,0.2,ILP-PA2,-8.669187162878499,0.4999999999999999,0.28935419170844606
2517,8,0.3,ReverseLPA,-16.587723315543627,-0.14285714285714285,0.1825396825396825
2518,8,0.3,ILP-PA1,-14.402504678320748,-0.3571428571428571,0.2323809523809524
2519,8,0.3,ILP-PA2,-7.44656379738461,0.07142857142857142,0.15991769431220965
2520,8,0.4,ReverseLPA,-15.893023988834114,-0.21428571428571427,0.3716666666666667
2521,8,0.4,ILP-PA1,-4.281349066920437,0.21428571428571427,0.15239243938477648
2522,8,0.4,ILP-PA2,-3.7705234431544463,0.3571428571428571,0.16666666666666666
2523,8,0.5,ReverseLPA,-12.476649250079015,0.5714285714285714,0.3416666666666667
2524,8,0.5,ILP-PA1,-3.4657359027997265,-0.7142857142857142,0.2352380952380952
2525,8,0.5,ILP-PA2,-7.624618986159398,-0.07142857142857142,0.35119047619047616
2526,8,0.6,ReverseLPA,-13.160128747734792,-0.14285714285714285,0.18611111111111112
2527,8,0.6,ILP-PA1,-9.478988865715028,-0.07142857142857142,0.1723756916110056
2528,8,0.6,ILP-PA2,-6.00857001501092,-0.14285714285714285,0.1723756916110056
2529,8,0.7,ReverseLPA,-14.714010648668998,-0.14285714285714285,0.6928571428571428
2530,8,0.7,ILP-PA1,-5.127397187651993,-0.3571428571428571,0.3134647566147561
2531,8,0.7,ILP-PA2,-5.127397187651993,-0.3571428571428571,0.3134647566147561
2532,8,0.8,ReverseLPA,-15.012072706145638,-0.14285714285714285,0.6928571428571428
2533,8,0.8,ILP-PA1,-4.3345935814392496,-0.14285714285714285,0.6976190476190476
2534,8,0.8,ILP-PA2,-4.3345935814392496,-0.14285714285714285,0.6976190476190476
2535,8,0.9,ReverseLPA,-16.55488396506776,-0.21428571428571427,1.0
2536,8,0.9,ILP-PA1,-0.7375236096047839,0.2857142857142857,0.4525343024999387
2537,8,0.9,ILP-PA2,-4.093713859177092,-0.2857142857142857,1.0
2538,8,0.1,ReverseLPA,-14.44767365191123,-0.14285714285714285,0.19507936507936505
2539,8,0.1,ILP-PA1,-12.355809590232838,0.7142857142857142,0.2120504931436941
2540,8,0.1,ILP-PA2,-10.15858501289662,0.7857142857142856,0.15993588502313266
2541,8,0.2,ReverseLPA,-15.82380251979216,-0.4999999999999999,0.18
2542,8,0.2,ILP-PA1,-3.4420193761824103,0.07142857142857142,0.19086658664741604
2543,8,0.2,ILP-PA2,-11.888062987746698,0.2857142857142857,0.17057452117421537
2544,8,0.3,ReverseLPA,-12.975804902565821,0.07142857142857142,0.36333333333333334
2545,8,0.3,ILP-PA1,-8.873263573139539,0.3571428571428571,0.23302692275818473
2546,8,0.3,ILP-PA2,-3.968593356916541,0.0,0.41
2547,8,0.4,ReverseLPA,-15.893023988834114,-0.5714285714285714,0.20777777777777776
2548,8,0.4,ILP-PA1,-3.4704188507041085,0.2857142857142857,0.21142857142857138
2549,8,0.4,ILP-PA2,-17.020035752023922,0.0,0.16383523320420057
2550,8,0.5,ReverseLPA,-12.476649250079015,-0.14285714285714285,0.2015873015873016
2551,8,0.5,ILP-PA1,-14.556090791758852,0.14285714285714285,0.18670139901300128
2552,8,0.5,ILP-PA2,-11.090354888959125,0.2857142857142857,0.16666666666666666
2553,8,0.6,ReverseLPA,-13.160128747734792,0.0,0.18730158730158727
2554,8,0.6,ILP-PA1,-4.792174690686427,-0.14285714285714285,0.15646325688179166
2555,8,0.6,ILP-PA2,-4.792174690686427,0.07142857142857142,0.15646325688179166
2556,8,0.7,ReverseLPA,-12.217286041097871,0.3571428571428571,0.18333333333333332
2557,8,0.7,ILP-PA1,-14.536452650830487,-0.2857142857142857,0.23039682539682538
2558,8,0.7,ILP-PA2,-12.128507042178615,-0.3571428571428571,0.1975303725912109
2559,8,0.8,ReverseLPA,-14.565785603517217,-0.14285714285714285,0.5292063492063492
2560,8,0.8,ILP-PA1,-9.561761368135336,0.14285714285714285,0.17542301487864967
2561,8,0.8,ILP-PA2,-9.561761368135336,0.14285714285714285,0.17542301487864967
2562,8,0.9,ReverseLPA,-16.44952344940993,0.2857142857142857,0.5612698412698413
2563,8,0.9,ILP-PA1,-6.712380499144618,-0.07142857142857142,0.4721335471943855
2564,8,0.9,ILP-PA2,-6.712380499144618,-0.07142857142857142,0.4721335471943855
2565,8,0.1,ReverseLPA,-14.44767365191123,-0.42857142857142855,0.20174603174603173
2566,8,0.1,ILP-PA1,-10.474666559870098,0.8571428571428571,0.17398236232032646
2567,8,0.1,ILP-PA2,-10.474666559870098,0.7142857142857142,0.16183867741334998
2568,8,0.2,ReverseLPA,-15.82380251979216,-0.14285714285714285,0.35952380952380947
2569,8,0.2,ILP-PA1,-9.83233797268418,0.5714285714285714,0.14396074773352233
2570,8,0.2,ILP-PA2,-2.5020121176909393,-0.07142857142857142,0.15172686429773913
2571,8,0.3,ReverseLPA,-16.587723315543627,0.07142857142857142,0.17777777777777776
2572,8,0.3,ILP-PA1,-7.089888853445878,-0.21428571428571427,0.18360168326666426
2573,8,0.3,ILP-PA2,-13.689154790443284,-0.07142857142857142,0.18036035467811448
2574,8,0.4,ReverseLPA,-14.060442525085804,0.4999999999999999,0.17777777777777776
2575,8,0.4,ILP-PA1,-14.781989180167448,-0.4999999999999999,0.23793650793650795
2576,8,0.4,ILP-PA2,-14.781989180167447,0.2857142857142857,0.15265657885302844
2577,8,0.5,ReverseLPA,-13.16979643063896,-0.3571428571428571,0.19833333333333333
2578,8,0.5,ILP-PA1,-11.090354888959125,-0.07142857142857142,0.23595308390433697
2579,8,0.5,ILP-PA2,-10.39720770839918,0.0,0.2105208084209327
2580,8,0.6,ReverseLPA,-12.13847750020281,-0.21428571428571427,0.19277777777777777
2581,8,0.6,ILP-PA1,-8.96816324194904,-0.21428571428571427,0.18674353242915975
2582,8,0.6,ILP-PA2,-8.96816324194904,-0.21428571428571427,0.18674353242915975
2583,8,0.7,ReverseLPA,-14.357335704730266,0.0,0.36333333333333334
2584,8,0.7,ILP-PA1,-13.643985816852801,0.42857142857142855,0.3784126984126984
2585,8,0.7,ILP-PA2,-12.930635928975335,0.0,0.1703579657729486
2586,8,0.8,ReverseLPA,-14.565785603517217,-0.14285714285714285,0.3708730158730159
2587,8,0.8,ILP-PA1,-5.450311338010298,0.5714285714285714,0.13788558119680186
2588,8,0.8,ILP-PA2,-5.450311338010298,0.5714285714285714,0.13788558119680186
2589,8,0.9,ReverseLPA,-16.55488396506776,0.14285714285714285,1.0
2590,8,0.9,ILP-PA1,-3.5669112808879615,-0.07142857142857142,0.31122516164369635
2591,8,0.9,ILP-PA2,-3.5669112808879615,-0.14285714285714285,0.31122516164369635
2592,8,0.1,ReverseLPA,-14.44767365191123,-0.21428571428571427,0.21293650793650792
2593,8,0.1,ILP-PA1,-12.461170105890664,0.0,0.19865079365079366
2594,8,0.1,ILP-PA2,-10.685387591185751,0.21428571428571427,0.17807648616165075
2595,8,0.2,ReverseLPA,-14.21436460735806,-0.14285714285714285,0.18095238095238092
2596,8,0.2,ILP-PA1,-7.776612957621659,-0.14285714285714285,0.25317460317460316
2597,8,0.2,ILP-PA2,-11.21863233380407,0.14285714285714285,0.3828571428571429
2598,8,0.3,ReverseLPA,-12.975804902565821,-0.2857142857142857,0.2170634920634921
2599,8,0.3,ILP-PA1,-5.751968076610202,0.4999999999999999,0.19530629293467808
2600,8,0.3,ILP-PA2,-6.8219929084264,0.0,0.191795504167128
2601,8,0.4,ReverseLPA,-12.227861061337492,-0.14285714285714285,0.2088888888888889
2602,8,0.4,ILP-PA1,-5.708465422560582,0.21428571428571427,0.16112655481839053
2603,8,0.4,ILP-PA2,-8.051872510074883,-0.2857142857142857,0.19682539682539682
2604,8,0.5,ReverseLPA,-12.476649250079015,-0.21428571428571427,0.38873015873015876
2605,8,0.5,ILP-PA1,-3.4657359027997265,0.21428571428571427,0.19444444444444445
2606,8,0.5,ILP-PA2,-3.4657359027997265,0.21428571428571427,0.19444444444444445
2607,8,0.6,ReverseLPA,-14.181779995266774,0.2857142857142857,0.36031746031746026
2608,8,0.6,ILP-PA1,-5.197639798794592,-0.6428571428571428,0.3812698412698413
2609,8,0.6,ILP-PA2,-8.6680586494987,0.14285714285714285,0.16761773843664468
2610,8,0.7,ReverseLPA,-14.714010648668998,0.0,0.3855555555555556
2611,8,0.7,ILP-PA1,-4.191320328345534,-0.3571428571428571,0.1954139704748088
2612,8,0.7,ILP-PA2,-8.025965712752335,-0.4999999999999999,0.3289893289549652
2613,8,0.8,ReverseLPA,-13.896354949574587,-0.42857142857142855,0.38
2614,8,0.8,ILP-PA1,-14.613218656751847,-0.21428571428571427,0.14158274498874984
2615,8,0.8,ILP-PA2,-14.16693155412343,-0.21428571428571427,0.20249324013550843
2616,8,0.9,ReverseLPA,-16.44952344940993,0.07142857142857142,0.416031746031746
2617,8,0.9,ILP-PA1,-0.7375236096047839,-0.14285714285714285,0.46618116624200456
2618,8,0.9,ILP-PA2,-0.7375236096047839,-0.14285714285714285,0.46618116624200456
2619,8,0.1,ReverseLPA,-19.05284383789932,-0.5714285714285714,0.7077777777777777
2620,8,0.1,ILP-PA1,-14.44767365191123,0.14285714285714285,0.15524682651538743
2621,8,0.1,ILP-PA2,-20.106448994477585,0.14285714285714285,0.17381769282896373
2622,8,0.2,ReverseLPA,-14.21436460735806,-0.21428571428571427,0.16666666666666666
2623,8,0.2,ILP-PA1,-9.83233797268418,0.5714285714285714,0.14109249302231403
2624,8,0.2,ILP-PA2,-12.780637193003539,0.5714285714285714,0.14743350890553666
2625,8,0.3,ReverseLPA,-10.56785929391395,-0.07142857142857142,0.18841269841269842
2626,8,0.3,ILP-PA1,-11.147261209281673,-0.2857142857142857,0.2954984535463087
2627,8,0.3,ILP-PA2,-10.433911321404208,0.21428571428571427,0.19200552351679442
2628,8,0.4,ReverseLPA,-14.97673325695996,-0.4999999999999999,0.5305555555555556
2629,8,0.4,ILP-PA1,-13.354872824527302,0.3571428571428571,0.17185398694294537
2630,8,0.4,ILP-PA2,-12.33322157699532,0.0,0.34555555555555556
2631,8,0.5,ReverseLPA,-14.556090791758852,-0.2857142857142857,0.20309523809523808
2632,8,0.5,ILP-PA1,-7.624618986159398,0.0,0.21976190476190477
2633,8,0.5,ILP-PA2,-7.624618986159398,-0.14285714285714285,0.2796407058371554
2634,8,0.6,ReverseLPA,-12.649303123968801,-0.21428571428571427,0.18611111111111112
2635,8,0.6,ILP-PA1,-5.092279283136765,-0.14285714285714285,0.2023015873015873
2636,8,0.6,ILP-PA2,-5.092279283136765,-0.14285714285714285,0.2023015873015873
2637,8,0.7,ReverseLPA,-13.6439858168528,-0.3571428571428571,0.37452380952380954
2638,8,0.7,ILP-PA1,-12.351234013607609,0.14285714285714285,0.14131021624815582
2639,8,0.7,ILP-PA2,-3.477970440468069,0.0,0.1969287176143449
2640,8,0.8,ReverseLPA,-14.119498500888799,-0.2857142857142857,0.38317460317460317
2641,8,0.8,ILP-PA1,-5.72088794255914,-0.2857142857142857,0.5276190476190477
2642,8,0.8,ILP-PA2,-8.446043611564289,-0.42857142857142855,0.22119047619047622
2643,8,0.9,ReverseLPA,-16.34416293375211,-0.21428571428571427,0.8476190476190476
2644,8,0.9,ILP-PA1,-5.764135858224181,0.21428571428571427,0.16683400525856262
2645,8,0.9,ILP-PA2,-5.764135858224181,0.21428571428571427,0.16683400525856262
2646,8,0.1,ReverseLPA,-16.750258744905274,-0.21428571428571427,0.39285714285714285
2647,8,0.1,ILP-PA1,-15.079836745858188,0.21428571428571427,0.2410998851718044
2648,8,0.1,ILP-PA2,-7.434557857271269,0.0,0.23211710506835811
2649,8,0.2,ReverseLPA,-10.99548878248986,-0.7142857142857142,0.6666666666666666
2650,8,0.2,ILP-PA1,-10.50176862662681,0.7142857142857142,0.20049130029354176
2651,8,0.2,ILP-PA2,-10.05548152399839,0.14285714285714285,0.3413924725637167
2652,8,0.3,ReverseLPA,-14.179777706891757,-0.4999999999999999,0.18166666666666667
2653,8,0.3,ILP-PA1,-6.955940880936138,0.14285714285714285,0.3416666666666667
2654,8,0.3,ILP-PA2,-3.477970440468069,-0.21428571428571427,0.3416666666666667
2655,8,0.4,ReverseLPA,-14.060442525085804,-0.21428571428571427,0.19365079365079363
2656,8,0.4,ILP-PA1,-12.438582092653146,-0.07142857142857142,0.20291822192949283
2657,8,0.4,ILP-PA2,-3.7705234431544463,0.07142857142857142,0.2265873015873016
2658,8,0.5,ReverseLPA,-12.476649250079015,-0.42857142857142855,0.20428571428571426
2659,8,0.5,ILP-PA1,-4.1588830833596715,0.14285714285714285,0.38992063492063495
2660,8,0.5,ILP-PA2,-4.1588830833596715,-0.07142857142857142,0.1910973492353755
2661,8,0.6,ReverseLPA,-14.692605619032763,0.42857142857142855,0.3416666666666667
2662,8,0.6,ILP-PA1,-12.438582092653146,-0.21428571428571427,0.18387787756971327
2663,8,0.6,ILP-PA2,-4.386709582578264,-0.21428571428571427,0.23317460317460315
2664,8,0.7,ReverseLPA,-13.287310872914068,-0.07142857142857142,0.19952380952380952
2665,8,0.7,ILP-PA1,-15.115854566198214,0.7857142857142856,0.1911111111111111
2666,8,0.7,ILP-PA2,-10.79058626534294,0.14285714285714285,0.1700291385539724
2667,8,0.8,ReverseLPA,-14.788929154831425,-0.21428571428571427,0.5387301587301587
2668,8,0.8,ILP-PA1,-4.287160528204617,0.5714285714285714,0.15646325688179166
2669,8,0.8,ILP-PA2,-4.3345935814392496,-0.14285714285714285,0.3812698412698413
2670,8,0.9,ReverseLPA,-16.23880241809428,0.2857142857142857,0.36698412698412697
2671,8,0.9,ILP-PA1,-8.804244560823012,0.0,0.3906349206349206
2672,8,0.9,ILP-PA2,-11.422911200790537,0.14285714285714285,0.16458225800344925
2673,9,0.1,ReverseLPA,-21.460789446551193,-0.2222222222222222,0.3435185185185185
2674,9,0.1,ILP-PA1,-14.974476230200365,-0.2777777777777778,0.1984126984126984
2675,9,0.1,ILP-PA2,-4.815891217303744,0.05555555555555555,0.1890297547695492
2676,9,0.2,ReverseLPA,-17.65638398354047,-0.5,0.5833333333333333
2677,9,0.2,ILP-PA1,-3.6651629274966204,-0.16666666666666666,0.18259657460647052
2678,9,0.2,ILP-PA2,-6.16717504518756,0.3888888888888889,0.18019625213944596
2679,9,0.3,ReverseLPA,-16.944398259482362,0.1111111111111111,0.1875
2680,9,0.3,ILP-PA1,-14.75917962225948,0.3333333333333333,0.15910766630267056
2681,9,0.3,ILP-PA2,-14.75917962225948,0.3333333333333333,0.15910766630267056
2682,9,0.4,ReverseLPA,-16.403849612600105,-0.2222222222222222,0.20122354497354497
2683,9,0.4,ILP-PA1,-13.97105896395112,-0.1111111111111111,0.13934516884070106
2684,9,0.4,ILP-PA2,-13.97105896395112,-0.1111111111111111,0.13934516884070106
2685,9,0.5,ReverseLPA,-15.942385152878742,-0.5555555555555556,0.6064814814814815
2686,9,0.5,ILP-PA1,-3.4657359027997265,0.0,0.3468915343915344
2687,9,0.5,ILP-PA2,-13.16979643063896,0.2222222222222222,0.14309468082198548
2688,9,0.6,ReverseLPA,-19.695501341034845,-0.2777777777777778,0.4943121693121693
2689,9,0.6,ILP-PA1,-12.6493031239688,0.0,0.15419177503222367
2690,9,0.6,ILP-PA2,-16.014361459015085,-0.1111111111111111,0.3377314814814814
2691,9,0.7,ReverseLPA,-15.917983452994934,0.3333333333333333,0.18703703703703703
2692,9,0.7,ILP-PA1,-5.0386181887327375,-0.16666666666666666,0.17169212917421964
2693,9,0.7,ILP-PA2,-20.154472754930953,0.1111111111111111,0.1759259259259259
2694,9,0.8,ReverseLPA,-17.737228375150785,0.3333333333333333,0.3581018518518519
2695,9,0.8,ILP-PA1,-5.450311338010298,-0.4444444444444444,0.19202979603760845
2696,9,0.8,ILP-PA2,-15.681503360088268,0.16666666666666666,0.3447089947089947
2697,9,0.9,ReverseLPA,-19.27891112069311,0.16666666666666666,0.3632936507936508
2698,9,0.9,ILP-PA1,-5.237333279935049,-0.1111111111111111,0.33331401550901985
2699,9,0.9,ILP-PA2,-5.237333279935049,-0.1111111111111111,0.33331401550901985
2700,9,0.1,ReverseLPA,-16.855619260563103,-0.2222222222222222,0.22149470899470902
2701,9,0.1,ILP-PA1,-17.80386390148354,0.2777777777777778,0.17405232062323675
2702,9,0.1,ILP-PA2,-17.382421838852235,0.4444444444444444,0.4534722222222222
2703,9,0.2,ReverseLPA,-19.265821895974568,0.2222222222222222,0.17013888888888887
2704,9,0.2,ILP-PA1,-6.3903185965017695,0.1111111111111111,0.15657333869119147
2705,9,0.2,ILP-PA2,-10.05548152399839,-0.05555555555555555,0.1613080179153277
2706,9,0.3,ReverseLPA,-16.944398259482362,-0.5555555555555556,0.20337301587301584
2707,9,0.3,ILP-PA1,-7.312615824874872,0.0,0.17111294118919126
2708,9,0.3,ILP-PA2,-16.67650231446288,0.4444444444444444,0.14514399515686258
2709,9,0.4,ReverseLPA,-14.571268148851793,-0.2222222222222222,0.16666666666666666
2710,9,0.4,ILP-PA1,-13.354872824527304,-0.2222222222222222,0.33779761904761907
2711,9,0.4,ILP-PA2,-13.354872824527304,-0.2222222222222222,0.33779761904761907
2712,9,0.5,ReverseLPA,-16.635532333438686,0.0,0.3287037037037037
2713,9,0.5,ILP-PA1,-15.94238515287874,0.0,0.33756613756613757
2714,9,0.5,ILP-PA2,-4.1588830833596715,-0.6666666666666666,0.3500661375661376
2715,9,0.6,ReverseLPA,-17.14137322220489,-0.2777777777777778,0.3312830687830688
2716,9,0.6,ILP-PA1,-17.230756783339572,-0.3888888888888889,0.22281746031746033
2717,9,0.6,ILP-PA2,-14.271163556401456,-0.2777777777777778,0.22420634920634921
2718,9,0.7,ReverseLPA,-16.98800828481113,-0.2222222222222222,0.18287037037037038
2719,9,0.7,ILP-PA1,-18.816551978095276,-0.3333333333333333,0.16104734576837373
2720,9,0.7,ILP-PA2,-15.829204454075677,0.16666666666666666,0.17996934430720574
2721,9,0.8,ReverseLPA,-17.737228375150785,0.0,0.4815145502645503
2722,9,0.8,ILP-PA1,-15.012072706145638,0.4444444444444444,0.14466697960003835
2723,9,0.8,ILP-PA2,-15.012072706145638,0.4444444444444444,0.14466697960003835
2724,9,0.9,ReverseLPA,-19.594992667666588,-0.2222222222222222,0.7628968253968255
2725,9,0.9,ILP-PA1,-0.7375236096047839,-0.3888888888888889,0.8809523809523809
2726,9,0.9,ILP-PA2,-3.7776323122036137,-0.3333333333333333,0.8819444444444445
2727,9,0.1,ReverseLPA,-19.158204353557146,-0.5,0.2849867724867725
2728,9,0.1,ILP-PA1,-14.869115714542538,0.3333333333333333,0.15640949988530825
2729,9,0.1,ILP-PA2,-15.07983674585819,0.3888888888888889,0.17435386014470464
2730,9,0.2,ReverseLPA,-16.04694607110637,-0.4444444444444444,0.25423280423280425
2731,9,0.2,ILP-PA1,-6.836605699130189,0.5555555555555556,0.16657126747578027
2732,9,0.2,ILP-PA2,-12.780637193003537,0.3333333333333333,0.15791665622272788
2733,9,0.3,ReverseLPA,-14.53645265083049,-0.5555555555555556,0.48075396825396827
2734,9,0.3,ILP-PA1,-8.516588629200808,0.16666666666666666,0.18659137737382314
2735,9,0.3,ILP-PA2,-4.904670216222999,0.2222222222222222,0.34401455026455025
2736,9,0.4,ReverseLPA,-13.654977416977637,-0.2222222222222222,0.21091269841269844
2737,9,0.4,ILP-PA1,-10.606000628904837,0.1111111111111111,0.15956956525176313
2738,9,0.4,ILP-PA2,-10.606000628904837,0.1111111111111111,0.15956956525176313
2739,9,0.5,ReverseLPA,-12.476649250079015,-0.2222222222222222,0.184292328042328
2740,9,0.5,ILP-PA1,-8.317766166719343,0.3888888888888889,0.1682691658169172
2741,9,0.5,ILP-PA2,-8.317766166719343,0.3888888888888889,0.1682691658169172
2742,9,0.6,ReverseLPA,-20.206326964800834,-0.3333333333333333,0.3574404761904762
2743,9,0.6,ILP-PA1,-15.714256866564744,0.1111111111111111,0.139727895869582
2744,9,0.6,ILP-PA2,-15.714256866564744,0.1111111111111111,0.139727895869582
2745,9,0.7,ReverseLPA,-18.77138300450479,0.2777777777777778,0.46597222222222223
2746,9,0.7,ILP-PA1,-8.828094599549056,-0.4444444444444444,0.4843915343915344
2747,9,0.7,ILP-PA2,-8.828094599549056,-0.4444444444444444,0.4843915343915344
2748,9,0.8,ReverseLPA,-17.290941272522367,-0.611111111111111,0.4824404761904762
2749,9,0.8,ILP-PA1,-7.330325854993241,-0.4444444444444444,0.1730088601440612
2750,9,0.8,ILP-PA2,-7.330325854993241,-0.4444444444444444,0.1730088601440612
2751,9,0.9,ReverseLPA,-19.594992667666588,-0.1111111111111111,0.6276455026455027
2752,9,0.9,ILP-PA1,-3.04010870259883,0.1111111111111111,0.3701719576719576
2753,9,0.9,ILP-PA2,-3.04010870259883,-0.05555555555555555,0.3701719576719576
2754,9,0.1,ReverseLPA,-16.855619260563103,-0.3333333333333333,0.3329365079365079
2755,9,0.1,ILP-PA1,-12.88261216852197,0.2777777777777778,0.17691859789175512
2756,9,0.1,ILP-PA2,-12.566530621548491,0.8333333333333334,0.17460694358601558
2757,9,0.2,ReverseLPA,-17.65638398354047,-0.2222222222222222,0.34375
2758,9,0.2,ILP-PA1,-5.004024235381879,-0.4444444444444444,0.19032808265318296
2759,9,0.2,ILP-PA2,-2.2788685663767296,-0.2777777777777778,0.19299335544835206
2760,9,0.3,ReverseLPA,-16.944398259482362,-0.2777777777777778,0.3055555555555555
2761,9,0.3,ILP-PA1,-17.033177258401615,0.2222222222222222,0.15032484775613691
2762,9,0.3,ILP-PA2,-12.351234013607609,0.2222222222222222,0.3435185185185185
2763,9,0.4,ReverseLPA,-13.654977416977637,0.2222222222222222,0.17824074074074073
2764,9,0.4,ILP-PA1,-8.773419165156527,0.2777777777777778,0.17180405417085778
2765,9,0.4,ILP-PA2,-16.930652190889237,-0.3888888888888889,0.18062311760751099
2766,9,0.5,ReverseLPA,-16.635532333438686,0.2222222222222222,0.1759259259259259
2767,9,0.5,ILP-PA1,-8.317766166719343,-0.3888888888888889,0.1635313284110909
2768,9,0.5,ILP-PA2,-8.317766166719343,-0.3888888888888889,0.1635313284110909
2769,9,0.6,ReverseLPA,-15.60889635090692,0.0,0.22582671957671954
2770,9,0.6,ILP-PA1,-14.571268148851795,-0.16666666666666666,0.1388564389009254
2771,9,0.6,ILP-PA2,-14.571268148851793,0.2777777777777778,0.13685270465256721
2772,9,0.7,ReverseLPA,-17.701358172688593,-0.2222222222222222,0.21097883597883596
2773,9,0.7,ILP-PA1,-15.695256481565938,-0.16666666666666666,0.17348745202942592
2774,9,0.7,ILP-PA2,-9.586613461017004,0.0,0.16940047868779423
2775,9,0.8,ReverseLPA,-17.737228375150785,0.2222222222222222,0.22159391534391534
2776,9,0.8,ILP-PA1,-11.617486383197857,-0.2777777777777778,0.22318121693121692
2777,9,0.8,ILP-PA2,-3.1714427716335685,-0.2222222222222222,0.1849285316954468
2778,9,0.9,ReverseLPA,-19.384271636350938,-0.1111111111111111,0.5047619047619047
2779,9,0.9,ILP-PA1,-8.80424456082301,-0.3333333333333333,0.17853607102841496
2780,9,0.9,ILP-PA2,-8.80424456082301,-0.3333333333333333,0.17853607102841496
2781,9,0.1,ReverseLPA,-21.460789446551193,-0.5,0.3444444444444445
2782,9,0.1,ILP-PA1,-18.225305964114842,0.2222222222222222,0.17359346519543722
2783,9,0.1,ILP-PA2,-5.448054311250702,0.6666666666666666,0.14807687823743032
2784,9,0.2,ReverseLPA,-16.04694607110637,-0.1111111111111111,0.19999999999999998
2785,9,0.2,ILP-PA1,-11.394342831883648,0.1111111111111111,0.18021905660923954
2786,9,0.2,ILP-PA2,-5.94403149387335,0.1111111111111111,0.20469767982447581
2787,9,0.3,ReverseLPA,-14.53645265083049,-0.2222222222222222,0.3431216931216931
2788,9,0.3,ILP-PA1,-13.555206817933545,0.6666666666666666,0.28018086246415075
2789,9,0.3,ILP-PA2,-10.433911321404208,0.0,0.1915300191535368
2790,9,0.4,ReverseLPA,-16.403849612600105,0.2777777777777778,0.21064814814814814
2791,9,0.4,ILP-PA1,-3.875883958812273,-0.16666666666666666,0.21484788359788357
2792,9,0.4,ILP-PA2,-10.095175005138847,-0.05555555555555555,0.247594677282127
2793,9,0.5,ReverseLPA,-17.328679513998633,-0.05555555555555555,0.19189814814814812
2794,9,0.5,ILP-PA1,-18.021826694558577,0.1111111111111111,0.172004491699496
2795,9,0.5,ILP-PA2,-9.010913347279288,-0.2777777777777778,0.17728512023932058
2796,9,0.6,ReverseLPA,-16.6305475984389,0.2222222222222222,0.18683862433862433
2797,9,0.6,ILP-PA1,-14.9927102114831,0.611111111111111,0.1512155845560332
2798,9,0.6,ILP-PA2,-14.9927102114831,0.611111111111111,0.1512155845560332
2799,9,0.7,ReverseLPA,-16.6313333408724,-0.2777777777777778,0.5958333333333333
2800,9,0.7,ILP-PA1,-18.593825006666282,0.611111111111111,0.16135593275504953
2801,9,0.7,ILP-PA2,-17.389852202340347,0.5555555555555556,0.16135593275504953
2802,9,0.8,ReverseLPA,-18.183515477779206,0.4444444444444444,0.37347883597883597
2803,9,0.8,ILP-PA1,-9.960615417529125,-0.2222222222222222,0.2702567875751176
2804,9,0.8,ILP-PA2,-4.733447630833036,-0.2777777777777778,0.29170773492362184
2805,9,0.9,ReverseLPA,-19.27891112069311,0.611111111111111,0.4862433862433863
2806,9,0.9,ILP-PA1,-5.237333279935049,-0.1111111111111111,0.2206679894179894
2807,9,0.9,ILP-PA2,-5.237333279935049,-0.2777777777777778,0.47893518518518513
2808,9,0.1,ReverseLPA,-23.76337453954524,-0.16666666666666666,0.19080687830687829
2809,9,0.1,ILP-PA1,-20.001088478819756,-0.2222222222222222,0.17933839198707244
2810,9,0.1,ILP-PA2,-10.263945528554444,-0.3888888888888889,0.2104378410189304
2811,9,0.2,ReverseLPA,-22.48469772084277,0.16666666666666666,0.16666666666666666
2812,9,0.2,ILP-PA1,-15.55322591524332,0.5555555555555556,0.1420924729353724
2813,9,0.2,ILP-PA2,-15.330082363929112,0.3333333333333333,0.15319751897119943
2814,9,0.3,ReverseLPA,-16.944398259482362,0.1111111111111111,0.17939814814814814
2815,9,0.3,ILP-PA1,-8.293861657771814,0.3888888888888889,0.16487166643141637
2816,9,0.3,ILP-PA2,-8.293861657771814,0.3888888888888889,0.17867727166121047
2817,9,0.4,ReverseLPA,-19.15272180822257,-0.16666666666666666,0.1977513227513227
2818,9,0.4,ILP-PA1,-7.646407401966719,-0.5,0.21531084656084656
2819,9,0.4,ILP-PA2,-7.646407401966719,-0.5,0.21531084656084656
2820,9,0.5,ReverseLPA,-16.635532333438686,-0.3333333333333333,0.17361111111111108
2821,9,0.5,ILP-PA1,-4.852030263919617,0.16666666666666666,0.15572952868237877
2822,9,0.5,ILP-PA2,-4.852030263919617,0.16666666666666666,0.17939814814814814
2823,9,0.6,ReverseLPA,-15.098070727140929,0.2222222222222222,0.1759259259259259
2824,9,0.6,ILP-PA1,-8.562698133840874,0.3333333333333333,0.16715178293605235
2825,9,0.6,ILP-PA2,-8.562698133840874,0.3333333333333333,0.16715178293605235
2826,9,0.7,ReverseLPA,-16.98800828481113,-0.7222222222222222,0.48888888888888893
2827,9,0.7,ILP-PA1,-14.491283677240004,0.1111111111111111,0.13934516884070106
2828,9,0.7,ILP-PA2,-14.491283677240004,0.1111111111111111,0.13934516884070106
2829,9,0.8,ReverseLPA,-18.406659029093415,-0.05555555555555555,0.38389550264550265
2830,9,0.8,ILP-PA1,-1.7851484105136777,-0.1111111111111111,0.30825192821361824
2831,9,0.8,ILP-PA2,-1.7851484105136777,-0.1111111111111111,0.30825192821361824
2832,9,0.9,ReverseLPA,-19.17355060503528,0.2777777777777778,0.21349206349206348
2833,9,0.9,ILP-PA1,-8.698884045165183,-0.4444444444444444,0.39261476440207993
2834,9,0.9,ILP-PA2,-8.698884045165183,-0.4444444444444444,0.39261476440207993
2835,9,0.1,ReverseLPA,-16.855619260563103,-0.2777777777777778,0.35648148148148145
2836,9,0.1,ILP-PA1,-12.777251652864143,0.1111111111111111,0.19317733488748862
2837,9,0.1,ILP-PA2,-15.07983674585819,-0.1111111111111111,0.2050116134089032
2838,9,0.2,ReverseLPA,-19.265821895974568,-0.3333333333333333,0.17824074074074073
2839,9,0.2,ILP-PA1,-13.27435734886659,0.3333333333333333,0.14819054306157367
2840,9,0.2,ILP-PA2,-2.725155669005149,0.2222222222222222,0.15680925075235938
2841,9,0.3,ReverseLPA,-15.740425455156426,-0.611111111111111,0.19593253968253968
2842,9,0.3,ILP-PA1,-16.676502314462883,-0.16666666666666666,0.30906275918955517
2843,9,0.3,ILP-PA2,-15.963152426585419,-0.2222222222222222,0.30906275918955517
2844,9,0.4,ReverseLPA,-19.15272180822257,0.0,0.18892195767195766
2845,9,0.4,ILP-PA1,-3.875883958812273,-0.3333333333333333,0.1889332730041891
2846,9,0.4,ILP-PA2,-3.875883958812273,-0.3333333333333333,0.1889332730041891
2847,9,0.5,ReverseLPA,-18.71497387511852,-0.5555555555555556,0.1898148148148148
2848,9,0.5,ILP-PA1,-4.1588830833596715,-0.2777777777777778,0.17989417989417986
2849,9,0.5,ILP-PA2,-11.78350206951907,0.2777777777777778,0.1411386599205562
2850,9,0.6,ReverseLPA,-16.6305475984389,-0.3333333333333333,0.47754629629629636
2851,9,0.6,ILP-PA1,-11.522291360778992,0.16666666666666666,0.1487222167308073
2852,9,0.6,ILP-PA2,-11.522291360778992,0.16666666666666666,0.1487222167308073
2853,9,0.7,ReverseLPA,-16.98800828481113,-0.16666666666666666,0.7349537037037037
2854,9,0.7,ILP-PA1,-17.478631201259603,0.2777777777777778,0.16627999246119846
2855,9,0.7,ILP-PA2,-14.357335704730266,0.5,0.325
2856,9,0.8,ReverseLPA,-18.406659029093415,-0.3888888888888889,1.0
2857,9,0.8,ILP-PA1,-6.836605699130189,-0.2777777777777778,0.32813115129558185
2858,9,0.8,ILP-PA2,-5.849165387404085,0.3888888888888889,0.330848029114462
2859,9,0.9,ReverseLPA,-19.27891112069311,0.0,0.3349867724867725
2860,9,0.9,ILP-PA1,-11.844353263421842,0.3888888888888889,0.3349867724867725
2861,9,0.9,ILP-PA2,-14.146938356415886,0.3888888888888889,0.1618891408193135
2862,9,0.1,ReverseLPA,-16.855619260563103,0.2222222222222222,0.32916666666666666
2863,9,0.1,ILP-PA1,-12.987972684179795,0.5555555555555556,0.16859834295178366
2864,9,0.1,ILP-PA2,-12.777251652864145,0.4444444444444444,0.21868362143034714
2865,9,0.2,ReverseLPA,-16.04694607110637,0.3333333333333333,0.324074074074074
2866,9,0.2,ILP-PA1,-14.61321865675185,0.3333333333333333,0.15946727166479027
2867,9,0.2,ILP-PA2,-10.05548152399839,0.0,0.1894010003309592
2868,9,0.3,ReverseLPA,-18.148371063808295,0.16666666666666666,0.16666666666666666
2869,9,0.3,ILP-PA1,-3.121295496529337,-0.05555555555555555,0.28096561841576334
2870,9,0.3,ILP-PA2,-9.452665488507265,-0.2777777777777778,0.1471796739817564
2871,9,0.4,ReverseLPA,-20.069012540096725,-0.1111111111111111,0.20902777777777773
2872,9,0.4,ILP-PA1,-11.522291360778992,0.16666666666666666,0.13917142382665115
2873,9,0.4,ILP-PA2,-3.875883958812273,0.16666666666666666,0.1602851072472018
2874,9,0.5,ReverseLPA,-19.408121055678468,-0.4444444444444444,0.21068121693121697
2875,9,0.5,ILP-PA1,-16.635532333438686,-0.4444444444444444,0.18466423273151283
2876,9,0.5,ILP-PA2,-16.635532333438686,-0.4444444444444444,0.18466423273151283
2877,9,0.6,ReverseLPA,-20.206326964800834,0.2777777777777778,0.4601851851851852
2878,9,0.6,ILP-PA1,-8.878779680814354,-0.2222222222222222,0.4611111111111111
2879,9,0.6,ILP-PA2,-8.878779680814354,-0.2222222222222222,0.4611111111111111
2880,9,0.7,ReverseLPA,-16.274658396933667,-0.2777777777777778,0.48078703703703707
2881,9,0.7,ILP-PA1,-6.733213909507144,-0.05555555555555555,0.15749571678303229
2882,9,0.7,ILP-PA2,-11.28120918179141,-0.1111111111111111,0.1986111111111111
2883,9,0.8,ReverseLPA,-17.960371926464997,0.1111111111111111,0.3632936507936508
2884,9,0.8,ILP-PA1,-8.621754109643867,-0.2222222222222222,0.36610449735449735
2885,9,0.8,ILP-PA2,-8.621754109643867,-0.2222222222222222,0.36610449735449735
2886,9,0.9,ReverseLPA,-19.805713698982245,-0.1111111111111111,1.0
2887,9,0.9,ILP-PA1,-2.739373407103483,0.3333333333333333,0.453925442285847
2888,9,0.9,ILP-PA2,-1.158965672236089,-0.16666666666666666,0.4574537619653292
2889,9,0.1,ReverseLPA,-16.855619260563103,-0.611111111111111,0.46646825396825403
2890,9,0.1,ILP-PA1,-10.263945528554446,0.2222222222222222,0.18572937199398765
2891,9,0.1,ILP-PA2,-12.88261216852197,0.5,0.16971623755711707
2892,9,0.2,ReverseLPA,-12.82807024623817,-0.16666666666666666,0.19659391534391535
2893,9,0.2,ILP-PA1,-15.728936413322897,0.16666666666666666,0.34271624796023314
2894,9,0.2,ILP-PA2,-15.458359808774055,0.3333333333333333,0.2607810291146603
2895,9,0.3,ReverseLPA,-16.944398259482362,0.16666666666666666,0.3055555555555555
2896,9,0.3,ILP-PA1,-15.963152426585417,0.2777777777777778,0.3284722222222222
2897,9,0.3,ILP-PA2,-17.746527146279078,0.3888888888888889,0.33194444444444443
2898,9,0.4,ReverseLPA,-20.98530327197088,0.2777777777777778,0.18287037037037038
2899,9,0.4,ILP-PA1,-16.61457064391576,0.3333333333333333,0.1527533382061883
2900,9,0.4,ILP-PA2,-9.47898886571503,0.2222222222222222,0.1441326140567738
2901,9,0.5,ReverseLPA,-18.021826694558577,-0.16666666666666666,0.18287037037037038
2902,9,0.5,ILP-PA1,-5.545177444479562,-0.4444444444444444,0.16444016122747676
2903,9,0.5,ILP-PA2,-5.545177444479562,-0.4444444444444444,0.16444016122747676
2904,9,0.6,ReverseLPA,-16.630547598438902,-0.2222222222222222,0.1759259259259259
2905,9,0.6,ILP-PA1,-18.041686999555903,0.2222222222222222,0.1483364078600883
2906,9,0.6,ILP-PA2,-18.041686999555903,0.2222222222222222,0.1483364078600883
2907,9,0.7,ReverseLPA,-18.77138300450479,-0.2222222222222222,0.2415343915343915
2908,9,0.7,ILP-PA1,-8.739315600629801,0.2222222222222222,0.18895830181704593
2909,9,0.7,ILP-PA2,-9.675392459936258,-0.2777777777777778,0.5047949735449736
2910,9,0.8,ReverseLPA,-18.183515477779206,0.05555555555555555,0.3742063492063492
2911,9,0.8,ILP-PA1,-6.119741991952927,0.0,0.19491068276942686
2912,9,0.8,ILP-PA2,-4.557737132753459,0.05555555555555555,0.38164682539682543
2913,9,0.9,ReverseLPA,-19.06819008937746,-0.3333333333333333,0.4882275132275132
2914,9,0.9,ILP-PA1,-5.237333279935049,-0.16666666666666666,0.34262566137566136
2915,9,0.9,ILP-PA2,-5.237333279935049,-0.16666666666666666,0.34262566137566136
2916,9,0.1,ReverseLPA,-16.855619260563103,-0.2222222222222222,0.3514550264550264
2917,9,0.1,ILP-PA1,-14.974476230200365,-0.05555555555555555,0.19796296132623617
2918,9,0.1,ILP-PA2,-10.053224497238793,0.2777777777777778,0.17696152152408173
2919,9,0.2,ReverseLPA,-20.875259808408668,-0.05555555555555555,0.3055555555555555
2920,9,0.2,ILP-PA1,-5.94403149387335,-0.4444444444444444,0.18727093990594762
2921,9,0.2,ILP-PA2,-15.77636946655753,-0.16666666666666666,0.1586870083791131
2922,9,0.3,ReverseLPA,-21.760289476786102,0.2222222222222222,0.1875
2923,9,0.3,ILP-PA1,-11.281209181791413,-0.4444444444444444,0.18344259081088576
2924,9,0.3,ILP-PA2,-16.45377534303389,-0.05555555555555555,0.22668136244779527
2925,9,0.4,ReverseLPA,-17.32014034447426,-0.611111111111111,0.1884920634920635
2926,9,0.4,ILP-PA1,-3.365058335046282,0.1111111111111111,0.18495370370370368
2927,9,0.4,ILP-PA2,-8.457337618183047,0.1111111111111111,0.13712372920291535
2928,9,0.5,ReverseLPA,-13.862943611198906,-0.4444444444444444,0.3445767195767196
2929,9,0.5,ILP-PA1,-7.624618986159398,-0.3888888888888889,0.16609653693698556
2930,9,0.5,ILP-PA2,-7.624618986159398,-0.3888888888888889,0.16609653693698556
2931,9,0.6,ReverseLPA,-16.6305475984389,-0.3888888888888889,0.2034722222222222
2932,9,0.6,ILP-PA1,-16.719931159573584,-0.05555555555555555,0.196228858581853
2933,9,0.6,ILP-PA2,-13.354872824527302,-0.05555555555555555,0.17309426619260218
2934,9,0.7,ReverseLPA,-17.344683228749865,0.2222222222222222,0.17989417989417986
2935,9,0.7,ILP-PA1,-5.0386181887327375,-0.3888888888888889,0.15870571915856926
2936,9,0.7,ILP-PA2,-4.191320328345534,-0.4444444444444444,0.16237960844338092
2937,9,0.8,ReverseLPA,-16.844654169893946,0.3333333333333333,0.31646825396825395
2938,9,0.8,ILP-PA1,-4.11145003012504,-0.6666666666666666,0.3368055555555555
2939,9,0.8,ILP-PA2,-14.39007510543764,-0.5,0.2896581001109502
2940,9,0.9,ReverseLPA,-19.700353183324417,-0.2777777777777778,0.8819444444444445
2941,9,0.9,ILP-PA1,-3.7776323122036137,-0.2222222222222222,0.8819444444444445
2942,9,0.9,ILP-PA2,-3.7776323122036137,-0.3888888888888889,0.8819444444444445
2943,9,0.1,ReverseLPA,-19.158204353557146,-0.3333333333333333,0.35836640211640214
2944,9,0.1,ILP-PA1,-7.855999919902573,0.05555555555555555,0.15328782875833274
2945,9,0.1,ILP-PA2,-5.342693795592875,0.3333333333333333,0.15609968458199436
2946,9,0.2,ReverseLPA,-17.656383983540472,-0.7222222222222222,0.6258267195767196
2947,9,0.2,ILP-PA1,-8.22290006025008,0.5,0.1516478729280753
2948,9,0.2,ILP-PA2,-17.38580737899163,0.2222222222222222,0.267154835014691
2949,9,0.3,ReverseLPA,-13.332479846504553,-0.2777777777777778,0.24140211640211642
2950,9,0.3,ILP-PA1,-14.13460873330127,0.3333333333333333,0.18349472651295365
2951,9,0.3,ILP-PA2,-10.077236377465475,0.3888888888888889,0.166951754877473
2952,9,0.4,ReverseLPA,-16.403849612600105,-0.16666666666666666,0.16666666666666666
2953,9,0.4,ILP-PA1,-14.48188458771711,-0.05555555555555555,0.15737345648356205
2954,9,0.4,ILP-PA2,-6.219291046326573,-0.3333333333333333,0.17510309828792936
2955,9,0.5,ReverseLPA,-19.408121055678468,-0.4444444444444444,0.20585317460317457
2956,9,0.5,ILP-PA1,-8.317766166719343,-0.16666666666666666,0.17738997922784064
2957,9,0.5,ILP-PA2,-10.39720770839918,-0.1111111111111111,0.16104734576837373
2958,9,0.6,ReverseLPA,-15.60889635090692,-0.05555555555555555,0.3125
2959,9,0.6,ILP-PA1,-16.103745020149766,0.2777777777777778,0.3194444444444444
2960,9,0.6,ILP-PA2,-9.073523757606864,0.1111111111111111,0.1366773037789467
2961,9,0.7,ReverseLPA,-17.344683228749865,0.05555555555555555,0.19189814814814812
2962,9,0.7,ILP-PA1,-9.22993851707827,-0.2777777777777778,0.1637713922160151
2963,9,0.7,ILP-PA2,-16.542554341953142,0.05555555555555555,0.14233206253624867
2964,9,0.8,ReverseLPA,-17.290941272522367,0.3333333333333333,0.21117724867724866
2965,9,0.8,ILP-PA1,-8.22290006025008,-0.3333333333333333,0.16582583981962898
2966,9,0.8,ILP-PA2,-8.22290006025008,-0.3333333333333333,0.16582583981962898
2967,9,0.9,ReverseLPA,-19.594992667666588,-0.2777777777777778,0.8784722222222222
2968,9,0.9,ILP-PA1,-6.607019983486791,-0.3333333333333333,0.6501790948740992
2969,9,0.9,ILP-PA2,-6.607019983486791,-0.3333333333333333,0.6501790948740992
2970,9,0.1,ReverseLPA,-21.460789446551193,-0.1111111111111111,0.1747685185185185
2971,9,0.1,ILP-PA1,-10.158585012896618,0.1111111111111111,0.22330980180887364
2972,9,0.1,ILP-PA2,-7.645278888586921,0.4444444444444444,0.21236454810847927
2973,9,0.2,ReverseLPA,-17.65638398354047,-0.16666666666666666,0.20866402116402116
2974,9,0.2,ILP-PA1,-6.613462147815978,0.1111111111111111,0.17156128515485142
2975,9,0.2,ILP-PA2,-10.008048470763757,0.05555555555555555,0.2033476498536532
2976,9,0.3,ReverseLPA,-15.740425455156426,-0.2222222222222222,0.44999999999999996
2977,9,0.3,ILP-PA1,-8.739315600629801,0.05555555555555555,0.15654818441224502
2978,9,0.3,ILP-PA2,-11.503936153220407,0.2222222222222222,0.17410714285714282
2979,9,0.4,ReverseLPA,-15.487558880725949,-0.2222222222222222,0.4662698412698412
2980,9,0.4,ILP-PA1,-15.803640427699428,-0.3333333333333333,0.18207863220542816
2981,9,0.4,ILP-PA2,-15.803640427699428,-0.3333333333333333,0.17520541471507547
2982,9,0.5,ReverseLPA,-18.021826694558577,-0.3888888888888889,0.19444444444444442
2983,9,0.5,ILP-PA1,-7.624618986159398,-0.3333333333333333,0.19707312268130586
2984,9,0.5,ILP-PA2,-5.545177444479562,-0.3888888888888889,0.1514900969801344
2985,9,0.6,ReverseLPA,-16.11972197467291,-0.05555555555555555,0.18287037037037038
2986,9,0.6,ILP-PA1,-4.792174690686427,0.4444444444444444,0.1884259259259259
2987,9,0.6,ILP-PA2,-4.792174690686427,0.4444444444444444,0.1884259259259259
2988,9,0.7,ReverseLPA,-16.631333340872402,-0.05555555555555555,0.33425925925925926
2989,9,0.7,ILP-PA1,-5.0386181887327375,-0.05555555555555555,0.18406328191276872
2990,9,0.7,ILP-PA2,-5.0386181887327375,-0.05555555555555555,0.18406328191276872
2991,9,0.8,ReverseLPA,-18.183515477779206,0.4444444444444444,0.6207010582010583
2992,9,0.8,ILP-PA1,-11.346909778649014,-0.3333333333333333,0.6281415343915344
2993,9,0.8,ILP-PA2,-11.346909778649014,-0.3333333333333333,0.6281415343915344
2994,9,0.9,ReverseLPA,-19.700353183324417,-0.3333333333333333,1.0
2995,9,0.9,ILP-PA1,-0.8428841252626103,-0.3333333333333333,0.8819444444444445
2996,9,0.9,ILP-PA2,-0.8428841252626103,-0.3333333333333333,0.8819444444444445
2997,9,0.1,ReverseLPA,-23.76337453954524,0.2222222222222222,0.3333333333333333
2998,9,0.1,ILP-PA1,-8.066720951218226,0.5,0.1512141028205601
2999,9,0.1,ILP-PA2,-2.6186666399675245,0.05555555555555555,0.17739843373128591
3000,9,0.2,ReverseLPA,-20.875259808408668,0.0,0.1722222222222222
3001,9,0.2,ILP-PA1,-6.613462147815979,0.3333333333333333,0.1513898706736861
3002,9,0.2,ILP-PA2,-19.44153239405415,0.1111111111111111,0.20284073858466975
3003,9,0.3,ReverseLPA,-22.96426228111204,0.4444444444444444,0.19305555555555556
3004,9,0.3,ILP-PA1,-3.8346453844068016,0.05555555555555555,0.1759259259259259
3005,9,0.3,ILP-PA2,-3.8346453844068016,0.05555555555555555,0.1759259259259259
3006,9,0.4,ReverseLPA,-16.403849612600105,-0.1111111111111111,0.18287037037037038
3007,9,0.4,ILP-PA1,-13.97105896395112,0.2222222222222222,0.13485193647324145
3008,9,0.4,ILP-PA2,-4.686814175028601,0.3888888888888889,0.17054453578291665
3009,9,0.5,ReverseLPA,-20.10126823623841,0.05555555555555555,0.45396825396825397
3010,9,0.5,ILP-PA1,-13.862943611198906,0.2222222222222222,0.15098530877201832
3011,9,0.5,ILP-PA2,-13.862943611198906,0.2222222222222222,0.15098530877201832
3012,9,0.6,ReverseLPA,-16.630547598438902,-0.1111111111111111,0.3403108465608466
3013,9,0.6,ILP-PA1,-13.760337932635466,0.5,0.16779135268418002
3014,9,0.6,ILP-PA2,-4.686814175028601,-0.2777777777777778,0.3452380952380952
3015,9,0.7,ReverseLPA,-15.561308509056202,-0.16666666666666666,0.1993386243386243
3016,9,0.7,ILP-PA1,-17.657748147359822,0.16666666666666666,0.15984349768184133
3017,9,0.7,ILP-PA2,-13.421258845423806,-0.1111111111111111,0.15862035872860172
3018,9,0.8,ReverseLPA,-17.737228375150785,-0.2222222222222222,0.7375992063492064
3019,9,0.8,ILP-PA1,-6.613462147815979,0.3888888888888889,0.41945347129133276
3020,9,0.8,ILP-PA2,-6.613462147815979,0.3888888888888889,0.41945347129133276
3021,9,0.9,ReverseLPA,-19.48963215200876,-0.05555555555555555,1.0
3022,9,0.9,ILP-PA1,-9.331047139112142,-0.1111111111111111,0.16650751888728138
3023,9,0.9,ILP-PA2,-5.974856889539833,0.2222222222222222,0.42756908468248717
3024,9,0.1,ReverseLPA,-16.855619260563103,-0.2222222222222222,0.36772486772486773
3025,9,0.1,ILP-PA1,-15.711999839805147,0.3333333333333333,0.21326573723627912
3026,9,0.1,ILP-PA2,-16.133441902436452,0.1111111111111111,0.20529558175127194
3027,9,0.2,ReverseLPA,-16.04694607110637,0.1111111111111111,0.18055555555555555
3028,9,0.2,ILP-PA1,-4.780880684067669,0.5555555555555556,0.1372371670150596
3029,9,0.2,ILP-PA2,-2.2788685663767296,0.2777777777777778,0.18847072083752447
3030,9,0.3,ReverseLPA,-18.148371063808295,-0.16666666666666666,0.4702380952380953
3031,9,0.3,ILP-PA1,-2.987347524019598,-0.4444444444444444,0.18287037037037038
3032,9,0.3,ILP-PA2,-2.6306725800808657,-0.05555555555555555,0.17939814814814814
3033,9,0.4,ReverseLPA,-20.98530327197088,-0.1111111111111111,0.3148148148148149
3034,9,0.4,ILP-PA1,-4.792174690686428,0.05555555555555555,0.159626555696541
3035,9,0.4,ILP-PA2,-17.12539626768175,0.16666666666666666,0.1411386599205562
3036,9,0.5,ReverseLPA,-15.942385152878742,0.3333333333333333,0.33055555555555555
3037,9,0.5,ILP-PA1,-11.78350206951907,0.05555555555555555,0.1782996261186624
3038,9,0.5,ILP-PA2,-11.78350206951907,0.05555555555555555,0.1782996261186624
3039,9,0.6,ReverseLPA,-15.098070727140929,-0.3333333333333333,0.3263888888888889
3040,9,0.6,ILP-PA1,-4.281349066920437,0.3888888888888889,0.16089707732725
3041,9,0.6,ILP-PA2,-4.281349066920437,0.3888888888888889,0.16089707732725
3042,9,0.7,ReverseLPA,-16.631333340872395,0.3888888888888889,0.18287037037037038
3043,9,0.7,ILP-PA1,-2.987347524019598,0.3888888888888889,0.1625464089455257
3044,9,0.7,ILP-PA2,-17.52380017485008,0.16666666666666666,0.13685779970535053
3045,9,0.8,ReverseLPA,-17.737228375150785,0.2777777777777778,0.36279761904761904
3046,9,0.8,ILP-PA1,-4.557737132753459,-0.5,0.1812397327640114
3047,9,0.8,ILP-PA2,-4.557737132753459,-0.5,0.1812397327640114
3048,9,0.9,ReverseLPA,-19.594992667666588,0.1111111111111111,0.5098875661375661
3049,9,0.9,ILP-PA1,-3.7776323122036137,-0.5555555555555556,0.6393518518518518
3050,9,0.9,ILP-PA2,-6.607019983486792,0.1111111111111111,0.17555988055222446
3051,9,0.1,ReverseLPA,-19.158204353557146,0.16666666666666666,0.18287037037037035
3052,9,0.1,ILP-PA1,-4.710530701645917,-0.3333333333333333,0.448390625205985
3053,9,0.1,ILP-PA2,-4.710530701645917,-0.16666666666666666,0.29026462985315316
3054,9,0.2,ReverseLPA,-14.43750815867227,-0.05555555555555555,0.18148148148148147
3055,9,0.2,ILP-PA1,-13.226924295631958,0.2222222222222222,0.18327394083870036
3056,9,0.2,ILP-PA2,-14.83636220806606,-0.2777777777777778,0.34600967282503253
3057,9,0.3,ReverseLPA,-19.35234386813423,-0.3333333333333333,0.19513888888888886
3058,9,0.3,ILP-PA1,-10.077236377465477,0.16666666666666666,0.20165343915343914
3059,9,0.3,ILP-PA2,-10.433911321404208,0.0,0.16506004725505155
3060,9,0.4,ReverseLPA,-19.15272180822257,0.05555555555555555,0.19652777777777777
3061,9,0.4,ILP-PA1,-3.875883958812273,-0.2222222222222222,0.18687419904091593
3062,9,0.4,ILP-PA2,-3.875883958812273,-0.2222222222222222,0.18687419904091593
3063,9,0.5,ReverseLPA,-16.635532333438686,-0.16666666666666666,0.3148148148148149
3064,9,0.5,ILP-PA1,-11.78350206951907,0.1111111111111111,0.15984349768184133
3065,9,0.5,ILP-PA2,-11.78350206951907,0.1111111111111111,0.15984349768184133
3066,9,0.6,ReverseLPA,-18.16302446973687,-0.3333333333333333,0.35393518518518513
3067,9,0.6,ILP-PA1,-13.354872824527302,0.1111111111111111,0.17453630709514764
3068,9,0.6,ILP-PA2,-13.971058963951117,0.16666666666666666,0.14179688343580688
3069,9,0.7,ReverseLPA,-18.05803311662733,-0.4444444444444444,0.357010582010582
3070,9,0.7,ILP-PA1,-6.242590993058673,-0.4444444444444444,0.23988095238095233
3071,9,0.7,ILP-PA2,-6.242590993058673,-0.4444444444444444,0.23988095238095233
3072,9,0.8,ReverseLPA,-17.290941272522367,-0.16666666666666666,0.325
3073,9,0.8,ILP-PA1,-14.39007510543764,-0.2777777777777778,0.16550844024700462
3074,9,0.8,ILP-PA2,-10.2786250753126,-0.3888888888888889,0.14602755742910184
3075,9,0.9,ReverseLPA,-19.384271636350938,0.0,0.7594246031746031
3076,9,0.9,ILP-PA1,-9.225686623454317,-0.2222222222222222,0.876984126984127
3077,9,0.9,ILP-PA2,-3.04010870259883,-0.1111111111111111,0.7526455026455027
3078,9,0.1,ReverseLPA,-16.855619260563103,-0.1111111111111111,0.1957010582010582
3079,9,0.1,ILP-PA1,-17.382421838852235,0.16666666666666666,0.3335978835978836
3080,9,0.1,ILP-PA2,-15.395918292831668,0.16666666666666666,0.1935931527271086
3081,9,0.2,ReverseLPA,-16.04694607110637,-0.1111111111111111,0.18055555555555555
3082,9,0.2,ILP-PA1,-12.111206539060909,0.3888888888888889,0.17815504005442673
3083,9,0.2,ILP-PA2,-13.4975009001808,0.3888888888888889,0.3125
3084,9,0.3,ReverseLPA,-14.53645265083049,0.0,0.16666666666666666
3085,9,0.3,ILP-PA1,-5.261345160161731,0.2222222222222222,0.18397948562983565
3086,9,0.3,ILP-PA2,-5.261345160161731,0.2222222222222222,0.18397948562983565
3087,9,0.4,ReverseLPA,-21.901594003845037,0.16666666666666666,0.1759259259259259
3088,9,0.4,ILP-PA1,-4.686814175028601,0.05555555555555555,0.14402960895251374
3089,9,0.4,ILP-PA2,-4.686814175028601,0.05555555555555555,0.14402960895251374
3090,9,0.5,ReverseLPA,-14.556090791758852,-0.3333333333333333,0.4733796296296296
3091,9,0.5,ILP-PA1,-20.101268236238415,0.3888888888888889,0.31168500655181014
3092,9,0.5,ILP-PA2,-12.476649250079015,0.2222222222222222,0.16243580647103004
3093,9,0.6,ReverseLPA,-17.14137322220489,0.1111111111111111,0.31994047619047616
3094,9,0.6,ILP-PA1,-13.97105896395112,-0.2777777777777778,0.1385344932538895
3095,9,0.6,ILP-PA2,-13.97105896395112,-0.2777777777777778,0.1385344932538895
3096,9,0.7,ReverseLPA,-19.84140783632099,-0.05555555555555555,0.5133597883597883
3097,9,0.7,ILP-PA1,-4.5479952722842665,-0.16666666666666666,0.3372255801348701
3098,9,0.7,ILP-PA2,-2.8533995515098596,-0.2222222222222222,0.17732419839560176
3099,9,0.8,ReverseLPA,-18.629802580407624,0.1111111111111111,0.5098875661375661
3100,9,0.8,ILP-PA1,-1.7851484105136777,-0.5555555555555556,0.2856789281712721
3101,9,0.8,ILP-PA2,-1.7851484105136777,-0.5555555555555556,0.2856789281712721
3102,9,0.9,ReverseLPA,-19.06819008937746,-0.1111111111111111,0.4708333333333334
3103,9,0.9,ILP-PA1,-12.566530621548493,-0.4444444444444444,0.49947089947089945
3104,9,0.9,ILP-PA2,-12.566530621548493,-0.4444444444444444,0.49947089947089945
3105,9,0.1,ReverseLPA,-16.855619260563103,-0.2777777777777778,0.23174603174603173
3106,9,0.1,ILP-PA1,-15.501278808489493,0.5,0.19873323181290153
3107,9,0.1,ILP-PA2,-12.987972684179796,0.5555555555555556,0.18223593986000902
3108,9,0.2,ReverseLPA,-17.65638398354047,-0.2222222222222222,0.18402777777777776
3109,9,0.2,ILP-PA1,-15.106938812614903,-0.16666666666666666,0.20907471167049993
3110,9,0.2,ILP-PA2,-8.22290006025008,0.16666666666666666,0.19708736725032386
3111,9,0.3,ReverseLPA,-19.35234386813423,0.05555555555555555,0.18287037037037038
3112,9,0.3,ILP-PA1,-6.8219929084264,-0.16666666666666666,0.19145846464822414
3113,9,0.3,ILP-PA2,-2.2739976361421332,0.2222222222222222,0.14546038484063237
3114,9,0.4,ReverseLPA,-16.403849612600105,-0.2222222222222222,0.18634259259259256
3115,9,0.4,ILP-PA1,-11.011465737013001,-0.16666666666666666,0.30232435460369206
3116,9,0.4,ILP-PA2,-11.011465737013001,-0.16666666666666666,0.30232435460369206
3117,9,0.5,ReverseLPA,-15.942385152878742,-0.1111111111111111,0.18055555555555555
3118,9,0.5,ILP-PA1,-4.1588830833596715,0.16666666666666666,0.3194444444444444
3119,9,0.5,ILP-PA2,-13.862943611198906,-0.16666666666666666,0.3204365079365079
3120,9,0.6,ReverseLPA,-17.652198845970883,0.3333333333333333,0.46296296296296297
3121,9,0.6,ILP-PA1,-13.460233340185127,0.2777777777777778,0.1478791097888689
3122,9,0.6,ILP-PA2,-6.324651561984401,0.05555555555555555,0.16660958154896155
3123,9,0.7,ReverseLPA,-16.98800828481113,-0.611111111111111,0.8657407407407408
3124,9,0.7,ILP-PA1,-19.395953893463002,0.1111111111111111,0.1438598583884944
3125,9,0.7,ILP-PA2,-19.395953893463002,0.1111111111111111,0.1438598583884944
3126,9,0.8,ReverseLPA,-16.844654169893946,-0.1111111111111111,0.3312830687830688
3127,9,0.8,ILP-PA1,-14.214364607358062,-0.16666666666666666,0.13712372920291535
3128,9,0.8,ILP-PA2,-13.943788002809217,-0.05555555555555555,0.33475529100529106
3129,9,0.9,ReverseLPA,-19.384271636350938,0.1111111111111111,0.7594246031746031
3130,9,0.9,ILP-PA1,-2.9347481869410035,-0.1111111111111111,0.30545490045650164
3131,9,0.9,ILP-PA2,-8.172081466876053,-0.1111111111111111,0.16116271602775345
3132,9,0.1,ReverseLPA,-16.855619260563103,-0.5555555555555556,0.5990740740740741
3133,9,0.1,ILP-PA1,-7.855999919902573,0.6666666666666666,0.15523149902719793
3134,9,0.1,ILP-PA2,-10.263945528554444,0.2777777777777778,0.1573299454451449
3135,9,0.2,ReverseLPA,-16.04694607110637,-0.1111111111111111,0.3391203703703704
3136,9,0.2,ILP-PA1,-14.16693155412343,0.16666666666666666,0.28927122726869986
3137,9,0.2,ILP-PA2,-15.282649310694477,0.611111111111111,0.1534037171166685
3138,9,0.3,ReverseLPA,-13.332479846504555,-0.611111111111111,0.6013888888888889
3139,9,0.3,ILP-PA1,-11.860611097159138,0.0,0.3778991164324047
3140,9,0.3,ILP-PA2,-11.860611097159138,0.0,0.3778991164324047
3141,9,0.4,ReverseLPA,-18.236431076348417,-0.05555555555555555,0.3055555555555555
3142,9,0.4,ILP-PA1,-12.543942608310974,0.1111111111111111,0.18287037037037035
3143,9,0.4,ILP-PA2,-13.865698448293292,-0.16666666666666666,0.35615079365079366
3144,9,0.5,ReverseLPA,-17.328679513998633,0.16666666666666666,0.3217592592592593
3145,9,0.5,ILP-PA1,-14.556090791758852,0.3888888888888889,0.17263228508242998
3146,9,0.5,ILP-PA2,-14.556090791758852,0.3888888888888889,0.17263228508242998
3147,9,0.6,ReverseLPA,-18.16302446973687,0.1111111111111111,0.17939814814814814
3148,9,0.6,ILP-PA1,-3.875883958812273,-0.2222222222222222,0.19751984126984126
3149,9,0.6,ILP-PA2,-11.311570329463338,0.3333333333333333,0.13395703090411332
3150,9,0.7,ReverseLPA,-18.05803311662733,-0.2777777777777778,0.3368386243386243
3151,9,0.7,ILP-PA1,-13.064583901485072,-0.3333333333333333,0.14374282658722284
3152,9,0.7,ILP-PA2,-6.242590993058673,-0.4444444444444444,0.4908730158730159
3153,9,0.8,ReverseLPA,-16.844654169893946,-0.3333333333333333,0.32341269841269843
3154,9,0.8,ILP-PA1,-5.72088794255914,0.0,0.1727981424931468
3155,9,0.8,ILP-PA2,-5.72088794255914,0.0,0.1727981424931468
3156,9,0.9,ReverseLPA,-19.17355060503528,0.0,0.232010582010582
3157,9,0.9,ILP-PA1,-13.620135778126755,-0.2777777777777778,0.22225529100529098
3158,9,0.9,ILP-PA2,-3.3561902495723084,-0.1111111111111111,0.1686985110346915
3159,9,0.1,ReverseLPA,-26.065959632539283,-0.2777777777777778,0.3095238095238096
3160,9,0.1,ILP-PA1,-10.580027075527923,0.0,0.1488031537220489
3161,9,0.1,ILP-PA2,-14.869115714542538,-0.3333333333333333,0.1737342922802252
3162,9,0.2,ReverseLPA,-14.43750815867227,0.1111111111111111,0.31762566137566134
3163,9,0.2,ILP-PA1,-16.892087223128577,-0.4444444444444444,0.21084137517286683
3164,9,0.2,ILP-PA2,-6.836605699130189,0.2222222222222222,0.3015715361039819
3165,9,0.3,ReverseLPA,-15.740425455156426,0.5555555555555556,0.17916666666666667
3166,9,0.3,ILP-PA1,-14.981906593688475,0.4444444444444444,0.15932622563196386
3167,9,0.3,ILP-PA2,-10.790586265342942,-0.5,0.21787795193331935
3168,9,0.4,ReverseLPA,-16.403849612600105,0.0,0.18287037037037038
3169,9,0.4,ILP-PA1,-8.773419165156527,0.05555555555555555,0.187193225626774
3170,9,0.4,ILP-PA2,-3.4704188507041085,-0.1111111111111111,0.18634259259259256
3171,9,0.5,ReverseLPA,-18.71497387511852,-0.16666666666666666,0.20585317460317457
3172,9,0.5,ILP-PA1,-9.704060527839234,0.0,0.19702380952380952
3173,9,0.5,ILP-PA2,-9.704060527839234,0.0,0.19702380952380952
3174,9,0.6,ReverseLPA,-20.717152588566826,0.0,0.2357473544973545
3175,9,0.6,ILP-PA1,-19.695501341034845,0.3888888888888889,0.16826669183972168
3176,9,0.6,ILP-PA2,-19.184675717268853,0.0,0.2747332016247783
3177,9,0.7,ReverseLPA,-18.77138300450479,0.2222222222222222,0.6162367724867724
3178,9,0.7,ILP-PA1,-7.312615824874871,-0.3888888888888889,0.2901221255440189
3179,9,0.7,ILP-PA2,-7.312615824874871,-0.3888888888888889,0.2901221255440189
3180,9,0.8,ReverseLPA,-17.514084823836576,-0.16666666666666666,0.3486441798941799
3181,9,0.8,ILP-PA1,-16.17522351595132,-0.2222222222222222,0.1833929876362826
3182,9,0.8,ILP-PA2,-16.17522351595132,-0.2222222222222222,0.1833929876362826
3183,9,0.9,ReverseLPA,-19.384271636350938,-0.16666666666666666,0.7410714285714285
3184,9,0.9,ILP-PA1,-5.237333279935049,-0.3888888888888889,0.19727356020994405
3185,9,0.9,ILP-PA2,-5.237333279935049,-0.3888888888888889,0.19727356020994405
3186,9,0.1,ReverseLPA,-19.158204353557146,-0.2222222222222222,0.4943783068783069
3187,9,0.1,ILP-PA1,-19.579646416188453,0.0,0.24748071325590396
3188,9,0.1,ILP-PA2,-10.263945528554444,0.1111111111111111,0.16423972369883857
3189,9,0.2,ReverseLPA,-17.65638398354047,-0.611111111111111,0.4444444444444445
3190,9,0.2,ILP-PA1,-3.88830647881083,0.16666666666666666,0.37119708994708994
3191,9,0.2,ILP-PA2,-8.89233071419271,0.16666666666666666,0.16398331310285
3192,9,0.3,ReverseLPA,-18.1483710638083,-0.1111111111111111,0.17939814814814814
3193,9,0.3,ILP-PA1,-8.025965712752337,0.05555555555555555,0.16421437587817841
3194,9,0.3,ILP-PA2,-10.92453423785268,-0.16666666666666666,0.20360654472901732
3195,9,0.4,ReverseLPA,-18.236431076348417,-0.05555555555555555,0.1759259259259259
3196,9,0.4,ILP-PA1,-4.686814175028601,-0.05555555555555555,0.20929232804232809
3197,9,0.4,ILP-PA2,-22.32303606647634,0.16666666666666666,0.207010582010582
3198,9,0.5,ReverseLPA,-16.635532333438686,-0.6666666666666666,0.48531746031746037
3199,9,0.5,ILP-PA1,-6.238324625039507,-0.16666666666666666,0.30311240306739967
3200,9,0.5,ILP-PA2,-3.4657359027997265,0.4444444444444444,0.16135593275504953
3201,9,0.6,ReverseLPA,-14.587245103374938,-0.05555555555555555,0.2138227513227513
3202,9,0.6,ILP-PA1,-11.927756468887155,0.5555555555555556,0.17577433296933723
3203,9,0.6,ILP-PA2,-11.927756468887155,0.5555555555555556,0.17577433296933723
3204,9,0.7,ReverseLPA,-16.6313333408724,-0.2222222222222222,0.3245701058201058
3205,9,0.7,ILP-PA1,-4.191320328345534,0.2222222222222222,0.16043967191561068
3206,9,0.7,ILP-PA2,-6.8219929084264,0.16666666666666666,0.15448729096322972
3207,9,0.8,ReverseLPA,-18.183515477779206,0.2777777777777778,0.4974867724867725
3208,9,0.8,ILP-PA1,-10.630046071471753,0.4444444444444444,0.3236201379579994
3209,9,0.8,ILP-PA2,-11.346909778649014,0.3888888888888889,0.18618586472783866
3210,9,0.9,ReverseLPA,-19.594992667666588,-0.1111111111111111,0.508234126984127
3211,9,0.9,ILP-PA1,-3.7776323122036137,0.16666666666666666,0.1748621817436032
3212,9,0.9,ILP-PA2,-5.237333279935049,-0.1111111111111111,0.508234126984127
3213,9,0.1,ReverseLPA,-16.855619260563103,-0.2777777777777778,0.16666666666666666
3214,9,0.1,ILP-PA1,-12.987972684179795,0.2777777777777778,0.20985630420086987
3215,9,0.1,ILP-PA2,-10.68538759118575,0.7222222222222222,0.14901887132875338
3216,9,0.2,ReverseLPA,-14.43750815867227,-0.05555555555555555,0.18055555555555555
3217,9,0.2,ILP-PA1,-8.89233071419271,-0.2222222222222222,0.1960060624395939
3218,9,0.2,ILP-PA2,-10.724912177941018,0.1111111111111111,0.19143264965337028
3219,9,0.3,ReverseLPA,-14.53645265083049,0.05555555555555555,0.17361111111111113
3220,9,0.3,ILP-PA1,-6.8219929084264,-0.1111111111111111,0.15432878123103363
3221,9,0.3,ILP-PA2,-5.261345160161731,-0.05555555555555555,0.1575434343552439
3222,9,0.4,ReverseLPA,-16.403849612600105,-0.4444444444444444,0.46875
3223,9,0.4,ILP-PA1,-7.646407401966719,0.1111111111111111,0.19943876184600465
3224,9,0.4,ILP-PA2,-6.730116670092563,0.5,0.14763075547321386
3225,9,0.5,ReverseLPA,-17.328679513998633,0.05555555555555555,0.1759259259259259
3226,9,0.5,ILP-PA1,-11.78350206951907,-0.16666666666666666,0.18287037037037038
3227,9,0.5,ILP-PA2,-11.78350206951907,-0.16666666666666666,0.18287037037037038
3228,9,0.6,ReverseLPA,-14.587245103374938,0.4444444444444444,0.3261574074074074
3229,9,0.6,ILP-PA1,-3.7705234431544463,0.3333333333333333,0.14309468082198548
3230,9,0.6,ILP-PA2,-9.98981448948102,0.1111111111111111,0.14721776682455817
3231,9,0.7,ReverseLPA,-18.05803311662733,0.2777777777777778,0.18634259259259256
3232,9,0.7,ILP-PA1,-4.191320328345534,0.05555555555555555,0.21233465608465604
3233,9,0.7,ILP-PA2,-6.242590993058673,-0.1111111111111111,0.21957671957671954
3234,9,0.8,ReverseLPA,-17.514084823836576,-0.05555555555555555,0.5059193121693122
3235,9,0.8,ILP-PA1,-12.334350090375121,0.16666666666666666,0.16202221094806532
3236,9,0.8,ILP-PA2,-2.9482992203193588,0.3333333333333333,0.3003775075725118
3237,9,0.9,ReverseLPA,-19.384271636350938,0.05555555555555555,0.22622354497354494
3238,9,0.9,ILP-PA1,-9.120326107796489,0.2777777777777778,0.18753737151809005
3239,9,0.9,ILP-PA2,-9.120326107796489,0.2777777777777778,0.18753737151809005
3240,9,0.1,ReverseLPA,-16.855619260563103,-0.2222222222222222,0.20892857142857144
3241,9,0.1,ILP-PA1,-15.290557777173843,-0.2777777777777778,0.353719423391926
3242,9,0.1,ILP-PA2,-15.395918292831666,0.4444444444444444,0.21758741361939934
3243,9,0.2,ReverseLPA,-16.04694607110637,-0.2222222222222222,0.20023148148148148
3244,9,0.2,ILP-PA1,-7.77661295762166,0.4444444444444444,0.16891066115700445
3245,9,0.2,ILP-PA2,-13.943788002809221,0.0,0.20916005291005288
3246,9,0.3,ReverseLPA,-21.760289476786102,0.3333333333333333,0.1759259259259259
3247,9,0.3,ILP-PA1,-4.681943244794006,0.16666666666666666,0.20353088090437796
3248,9,0.3,ILP-PA2,-15.829204454075679,0.3333333333333333,0.13833688377547715
3249,9,0.4,ReverseLPA,-15.487558880725949,-0.1111111111111111,0.33402777777777776
3250,9,0.4,ILP-PA1,-3.875883958812273,0.5555555555555556,0.3129960317460317
3251,9,0.4,ILP-PA2,-18.252408030871557,-0.05555555555555555,0.228719423391926
3252,9,0.5,ReverseLPA,-17.328679513998633,0.05555555555555555,0.21031746031746032
3253,9,0.5,ILP-PA1,-8.317766166719343,0.16666666666666666,0.19586640211640213
3254,9,0.5,ILP-PA2,-11.78350206951907,0.16666666666666666,0.17018930267050347
3255,9,0.6,ReverseLPA,-16.11972197467291,-0.1111111111111111,0.1884259259259259
3256,9,0.6,ILP-PA1,-7.6464074019667185,-0.2222222222222222,0.19080728882857498
3257,9,0.6,ILP-PA2,-4.281349066920437,-0.3333333333333333,0.19080728882857498
3258,9,0.7,ReverseLPA,-17.701358172688593,0.3888888888888889,0.1833664021164021
3259,9,0.7,ILP-PA1,-4.191320328345534,-0.4444444444444444,0.17627369617814695
3260,9,0.7,ILP-PA2,-4.191320328345534,-0.5,0.19791666666666666
3261,9,0.8,ReverseLPA,-18.183515477779206,-0.1111111111111111,0.4978174603174603
3262,9,0.8,ILP-PA1,-9.960615417529123,0.3888888888888889,0.1565395559310327
3263,9,0.8,ILP-PA2,-10.231192022077966,0.2222222222222222,0.15420744807929773
3264,9,0.9,ReverseLPA,-19.594992667666588,0.05555555555555555,0.6321097883597884
3265,9,0.9,ILP-PA1,-6.607019983486792,-0.1111111111111111,0.1663504548643783
3266,9,0.9,ILP-PA2,-6.607019983486792,-0.1111111111111111,0.1663504548643783
3267,9,0.1,ReverseLPA,-16.855619260563103,-0.3888888888888889,0.24718915343915346
3268,9,0.1,ILP-PA1,-12.566530621548491,0.5,0.19558548948979254
3269,9,0.1,ILP-PA2,-10.263945528554444,0.2222222222222222,0.1924218964273914
3270,9,0.2,ReverseLPA,-19.26582189597457,0.2222222222222222,0.17989417989417986
3271,9,0.2,ILP-PA1,-9.16290731874155,0.2777777777777778,0.2162367724867725
3272,9,0.2,ILP-PA2,-9.83233797268418,0.6666666666666666,0.3556216931216931
3273,9,0.3,ReverseLPA,-19.35234386813423,-0.1111111111111111,0.19355158730158728
3274,9,0.3,ILP-PA1,-18.014423091298557,-0.2777777777777778,0.16757889621895133
3275,9,0.3,ILP-PA2,-14.045829734382018,-0.1111111111111111,0.14944288531408192
3276,9,0.4,ReverseLPA,-16.403849612600105,-0.5,0.3365740740740741
3277,9,0.4,ILP-PA1,-15.187454288275614,0.05555555555555555,0.1655685541154475
3278,9,0.4,ILP-PA2,-13.354872824527302,0.2777777777777778,0.1588059406424986
3279,9,0.5,ReverseLPA,-18.021826694558577,-0.7777777777777778,1.0
3280,9,0.5,ILP-PA1,-14.556090791758852,0.2777777777777778,0.18251833988514352
3281,9,0.5,ILP-PA2,-15.94238515287874,0.3888888888888889,0.17201068450853602
3282,9,0.6,ReverseLPA,-16.6305475984389,0.3888888888888889,0.3159722222222222
3283,9,0.6,ILP-PA1,-11.222186768328655,-0.2222222222222222,0.19862013795799932
3284,9,0.6,ILP-PA2,-13.760337932635466,-0.2777777777777778,0.16983460470511402
3285,9,0.7,ReverseLPA,-17.344683228749865,-0.4444444444444444,0.19841269841269837
3286,9,0.7,ILP-PA1,-7.312615824874871,-0.6666666666666666,0.19831204331364452
3287,9,0.7,ILP-PA2,-7.312615824874871,-0.6666666666666666,0.19831204331364452
3288,9,0.8,ReverseLPA,-17.067797721208155,-0.05555555555555555,0.47251984126984126
3289,9,0.8,ILP-PA1,-11.617486383197857,0.3333333333333333,0.1520839308358493
3290,9,0.8,ILP-PA2,-4.557737132753459,-0.05555555555555555,0.7435185185185186
3291,9,0.9,ReverseLPA,-19.48963215200876,0.3888888888888889,0.23525132275132274
3292,9,0.9,ILP-PA1,-6.607019983486792,0.16666666666666666,0.16907272741317605
3293,9,0.9,ILP-PA2,-3.7776323122036137,0.1111111111111111,0.16907272741317605
3294,9,0.1,ReverseLPA,-16.855619260563103,-0.2777777777777778,0.34027777777777773
3295,9,0.1,ILP-PA1,-17.066340291878756,-0.1111111111111111,0.3559441148051811
3296,9,0.1,ILP-PA2,-12.88261216852197,0.5,0.1769987795253672
3297,9,0.2,ReverseLPA,-16.04694607110637,-0.16666666666666666,0.3245701058201058
3298,9,0.2,ILP-PA1,-11.17119928056944,0.4444444444444444,0.15612308647425277
3299,9,0.2,ILP-PA2,-8.89233071419271,-0.2222222222222222,0.2445767195767196
3300,9,0.3,ReverseLPA,-13.332479846504555,-0.4444444444444444,0.3339285714285714
3301,9,0.3,ILP-PA1,-9.586613461017004,0.16666666666666666,0.1894475161657254
3302,9,0.3,ILP-PA2,-9.586613461017004,0.16666666666666666,0.1894475161657254
3303,9,0.4,ReverseLPA,-17.32014034447426,-0.2777777777777778,0.3296957671957672
3304,9,0.4,ILP-PA1,-4.281349066920437,0.2777777777777778,0.17510320051918393
3305,9,0.4,ILP-PA2,-12.543942608310973,0.611111111111111,0.1986111111111111
3306,9,0.5,ReverseLPA,-23.567004139038136,-0.2222222222222222,0.4731812169312169
3307,9,0.5,ILP-PA1,-4.852030263919617,-0.16666666666666666,0.16883358526375794
3308,9,0.5,ILP-PA2,-18.021826694558577,-0.2222222222222222,0.21590218900331706
3309,9,0.6,ReverseLPA,-16.6305475984389,0.2777777777777778,0.1875
3310,9,0.6,ILP-PA1,-11.311570329463338,0.0,0.16715178293605235
3311,9,0.6,ILP-PA2,-11.311570329463338,0.0,0.16715178293605235
3312,9,0.7,ReverseLPA,-16.98800828481113,0.16666666666666666,0.19080687830687829
3313,9,0.7,ILP-PA1,-5.39529313267147,-0.3333333333333333,0.1546657647670673
3314,9,0.7,ILP-PA2,-5.39529313267147,-0.16666666666666666,0.17180607900108327
3315,9,0.8,ReverseLPA,-17.067797721208155,-0.16666666666666666,0.3171296296296296
3316,9,0.8,ILP-PA1,-13.051213797552382,-0.3333333333333333,0.34755291005291006
3317,9,0.8,ILP-PA2,-13.051213797552382,-0.3333333333333333,0.34755291005291006
3318,9,0.9,ReverseLPA,-19.48963215200876,0.611111111111111,0.381415343915344
3319,9,0.9,ILP-PA1,-3.04010870259883,0.0,0.4961640211640212
3320,9,0.9,ILP-PA2,-3.7776323122036137,-0.5,0.6337301587301587
3321,9,0.1,ReverseLPA,-21.46078944655119,-0.1111111111111111,0.18495370370370368
3322,9,0.1,ILP-PA1,-16.855619260563103,0.1111111111111111,0.3215277777777778
3323,9,0.1,ILP-PA2,-2.513306124309698,0.2777777777777778,0.26630455955122206
3324,9,0.2,ReverseLPA,-16.04694607110637,0.2222222222222222,0.3101851851851852
3325,9,0.2,ILP-PA1,-10.724912177941018,0.16666666666666666,0.16092999538607258
3326,9,0.2,ILP-PA2,-11.171199280569438,0.3888888888888889,0.15173358131308337
3327,9,0.3,ReverseLPA,-21.760289476786102,0.16666666666666666,0.44444444444444436
3328,9,0.3,ILP-PA1,-11.147261209281673,0.3333333333333333,0.1707464852937932
3329,9,0.3,ILP-PA2,-10.077236377465475,0.2777777777777778,0.16971558592935918
3330,9,0.4,ReverseLPA,-18.236431076348417,0.16666666666666666,0.20000000000000004
3331,9,0.4,ILP-PA1,-12.738686685103485,-0.05555555555555555,0.22539904556937382
3332,9,0.4,ILP-PA2,-12.738686685103485,-0.05555555555555555,0.22539904556937382
3333,9,0.5,ReverseLPA,-22.873856958478193,-0.05555555555555555,0.34262566137566136
3334,9,0.5,ILP-PA1,-13.862943611198906,-0.5,0.21288654499994747
3335,9,0.5,ILP-PA2,-10.39720770839918,0.0,0.18081456269598423
3336,9,0.6,ReverseLPA,-16.11972197467291,-0.2777777777777778,0.1884259259259259
3337,9,0.6,ILP-PA1,-9.478988865715028,-0.05555555555555555,0.1639119724242204
3338,9,0.6,ILP-PA2,-3.3650583350462817,-0.1111111111111111,0.3055555555555555
3339,9,0.7,ReverseLPA,-17.344683228749865,0.2777777777777778,0.33707010582010577
3340,9,0.7,ILP-PA1,-9.22993851707827,-0.3888888888888889,0.34914021164021164
3341,9,0.7,ILP-PA2,-9.22993851707827,-0.3888888888888889,0.34914021164021164
3342,9,0.8,ReverseLPA,-17.514084823836576,0.16666666666666666,0.37645502645502643
3343,9,0.8,ILP-PA1,-5.004024235381879,-0.2222222222222222,0.19542175747755244
3344,9,0.8,ILP-PA2,-3.1714427716335685,0.3888888888888889,0.3477513227513227
3345,9,0.9,ReverseLPA,-19.700353183324417,-0.05555555555555555,0.3953042328042328
3346,9,0.9,ILP-PA1,-4.936597984439703,0.05555555555555555,0.17391429975820977
3347,9,0.9,ILP-PA2,-4.936597984439703,0.05555555555555555,0.18761728378441958
3348,9,0.1,ReverseLPA,-21.460789446551193,-0.5,0.46296296296296297
3349,9,0.1,ILP-PA1,-5.237333279935049,0.16666666666666666,0.30555555555555564
3350,9,0.1,ILP-PA2,-10.053224497238793,0.16666666666666666,0.26347693724189647
3351,9,0.2,ReverseLPA,-16.046946071106373,-0.2777777777777778,0.20651455026455023
3352,9,0.2,ILP-PA1,-8.22290006025008,0.05555555555555555,0.1773517275368413
3353,9,0.2,ILP-PA2,-8.89233071419271,0.5,0.15528082673637444
3354,9,0.3,ReverseLPA,-16.944398259482362,0.1111111111111111,0.18402777777777776
3355,9,0.3,ILP-PA1,-11.503936153220405,-0.05555555555555555,0.1988425925925926
3356,9,0.3,ILP-PA2,-16.676502314462883,0.1111111111111111,0.1759259259259259
3357,9,0.4,ReverseLPA,-21.901594003845037,0.0,0.1909722222222222
3358,9,0.4,ILP-PA1,-13.865698448293294,0.0,0.3263888888888889
3359,9,0.4,ILP-PA2,-4.792174690686428,0.0,0.2056878306878307
3360,9,0.5,ReverseLPA,-18.021826694558577,0.16666666666666666,0.1759259259259259
3361,9,0.5,ILP-PA1,-4.1588830833596715,0.5555555555555556,0.1759259259259259
3362,9,0.5,ILP-PA2,-4.1588830833596715,0.5555555555555556,0.1759259259259259
3363,9,0.6,ReverseLPA,-19.184675717268853,0.5555555555555556,0.1759259259259259
3364,9,0.6,ILP-PA1,-5.303000314452419,0.16666666666666666,0.1898148148148148
3365,9,0.6,ILP-PA2,-7.346302809516381,-0.1111111111111111,0.1604719072592228
3366,9,0.7,ReverseLPA,-16.98800828481113,-0.1111111111111111,0.4882275132275132
3367,9,0.7,ILP-PA1,-15.338581537627206,0.05555555555555555,0.3351851851851852
3368,9,0.7,ILP-PA2,-10.433911321404207,0.3333333333333333,0.3351851851851852
3369,9,0.8,ReverseLPA,-18.183515477779206,0.2222222222222222,0.3410383597883598
3370,9,0.8,ILP-PA1,-3.1714427716335685,0.1111111111111111,0.6074074074074075
3371,9,0.8,ILP-PA2,-3.1714427716335685,0.1111111111111111,0.6074074074074075
3372,9,0.9,ReverseLPA,-19.384271636350938,0.0,0.7405753968253969
3373,9,0.9,ILP-PA1,-9.331047139112142,-0.3333333333333333,0.19731170369744003
3374,9,0.9,ILP-PA2,-8.066720951218226,0.2777777777777778,0.26270520419060894
3375,9,0.1,ReverseLPA,-16.855619260563103,-0.3333333333333333,0.7361111111111112
3376,9,0.1,ILP-PA1,-14.869115714542536,0.3888888888888889,0.19404731495082045
3377,9,0.1,ILP-PA2,-12.461170105890664,0.3333333333333333,0.1675638865148529
3378,9,0.2,ReverseLPA,-16.04694607110637,0.2222222222222222,0.1747685185185185
3379,9,0.2,ILP-PA1,-18.05523803293426,-0.16666666666666666,0.2392208731538379
3380,9,0.2,ILP-PA2,-16.668943671814368,-0.1111111111111111,0.35145184969578086
3381,9,0.3,ReverseLPA,-20.55631667246017,0.1111111111111111,0.18055555555555555
3382,9,0.3,ILP-PA1,-10.567859293913948,-0.2222222222222222,0.17954214940895305
3383,9,0.3,ILP-PA2,-3.8346453844068016,0.05555555555555555,0.16721591417502904
3384,9,0.4,ReverseLPA,-15.487558880725949,-0.2222222222222222,0.17129629629629628
3385,9,0.4,ILP-PA1,-12.949407716419138,-0.3333333333333333,0.15472261615758875
3386,9,0.4,ILP-PA2,-16.419826567123245,-0.1111111111111111,0.14143753272090048
3387,9,0.5,ReverseLPA,-11.78350206951907,-0.3333333333333333,0.34120370370370373
3388,9,0.5,ILP-PA1,-13.16979643063896,0.2222222222222222,0.21082012880406764
3389,9,0.5,ILP-PA2,-16.635532333438686,0.2222222222222222,0.15828227523328153
3390,9,0.6,ReverseLPA,-16.630547598438902,-0.2222222222222222,0.1988425925925926
3391,9,0.6,ILP-PA1,-8.15723302573271,-0.3888888888888889,0.4632275132275132
3392,9,0.6,ILP-PA2,-8.15723302573271,-0.3888888888888889,0.4632275132275132
3393,9,0.7,ReverseLPA,-17.701358172688593,0.05555555555555555,0.33310185185185187
3394,9,0.7,ILP-PA1,-10.166015376384731,0.05555555555555555,0.35426587301587303
3395,9,0.7,ILP-PA2,-10.522690320323463,0.05555555555555555,0.34732142857142856
3396,9,0.8,ReverseLPA,-17.514084823836576,-0.4444444444444444,0.629100529100529
3397,9,0.8,ILP-PA1,-5.94403149387335,0.16666666666666666,0.2907303708056776
3398,9,0.8,ILP-PA2,-5.94403149387335,0.16666666666666666,0.2907303708056776
3399,9,0.9,ReverseLPA,-19.17355060503528,0.0,0.19239417989417987
3400,9,0.9,ILP-PA1,-13.72549629378458,-0.16666666666666666,0.33134920634920634
3401,9,0.9,ILP-PA2,-3.04010870259883,0.4444444444444444,0.17322331256117396
3402,9,0.1,ReverseLPA,-21.46078944655119,0.05555555555555555,0.18287037037037038
3403,9,0.1,ILP-PA1,-10.15858501289662,0.0,0.2043942438789952
3404,9,0.1,ILP-PA2,-17.698503385825713,0.16666666666666666,0.2199466916513955
3405,9,0.2,ReverseLPA,-19.265821895974568,-0.3333333333333333,0.17873677248677247
3406,9,0.2,ILP-PA1,-10.231192022077966,0.5555555555555556,0.17092381254316535
3407,9,0.2,ILP-PA2,-11.17119928056944,0.5,0.14746835230453276
3408,9,0.3,ReverseLPA,-14.53645265083049,0.16666666666666666,0.21577380952380953
3409,9,0.3,ILP-PA1,-13.421258845423806,0.2777777777777778,0.19678967596928773
3410,9,0.3,ILP-PA2,-17.033177258401615,0.05555555555555555,0.2047261839057957
3411,9,0.4,ReverseLPA,-16.403849612600105,-0.3333333333333333,0.3215277777777778
3412,9,0.4,ILP-PA1,-6.519395638776911,0.2777777777777778,0.2935296433732456
3413,9,0.4,ILP-PA2,-12.227861061337492,0.4444444444444444,0.15177592399541295
3414,9,0.5,ReverseLPA,-18.021826694558577,-0.2777777777777778,0.22318121693121692
3415,9,0.5,ILP-PA1,-9.704060527839234,-0.2777777777777778,0.2984787357745394
3416,9,0.5,ILP-PA2,-9.704060527839234,-0.2777777777777778,0.2984787357745394
3417,9,0.6,ReverseLPA,-17.14137322220489,0.05555555555555555,0.18287037037037038
3418,9,0.6,ILP-PA1,-14.271163556401456,-0.5,0.21944444444444441
3419,9,0.6,ILP-PA2,-5.197639798794592,-0.2222222222222222,0.16050170317505016
3420,9,0.7,ReverseLPA,-17.701358172688593,-0.3333333333333333,0.3459325396825397
3421,9,0.7,ILP-PA1,-5.0386181887327375,-0.3333333333333333,0.3157407407407407
3422,9,0.7,ILP-PA2,-3.700697411897063,0.4444444444444444,0.16347789365124063
3423,9,0.8,ReverseLPA,-16.621510618579737,-0.2222222222222222,0.33888888888888885
3424,9,0.8,ILP-PA1,-10.2786250753126,-0.2222222222222222,0.1524141838626758
3425,9,0.8,ILP-PA2,-3.8408734255761976,0.1111111111111111,0.16432629337963298
3426,9,0.9,ReverseLPA,-19.384271636350938,-0.1111111111111111,0.4978174603174603
3427,9,0.9,ILP-PA1,-0.7375236096047839,-0.16666666666666666,1.0
3428,9,0.9,ILP-PA2,-11.949713779079667,0.5,0.4938492063492063
3429,9,0.1,ReverseLPA,-19.158204353557146,-0.1111111111111111,0.21395502645502648
3430,9,0.1,ILP-PA1,-2.513306124309698,-0.5,0.3197440328318156
3431,9,0.1,ILP-PA2,-10.369306044212271,0.2777777777777778,0.1522634872606426
3432,9,0.2,ReverseLPA,-14.43750815867227,-0.3333333333333333,0.23611111111111113
3433,9,0.2,ILP-PA1,-4.557737132753459,0.3333333333333333,0.13650002876123868
3434,9,0.2,ILP-PA2,-13.943788002809221,-0.16666666666666666,0.25414813070313635
3435,9,0.3,ReverseLPA,-14.53645265083049,-0.3333333333333333,0.4722222222222221
3436,9,0.3,ILP-PA1,-2.987347524019598,0.3333333333333333,0.1810515873015873
3437,9,0.3,ILP-PA2,-2.987347524019598,0.3333333333333333,0.1726917764055497
3438,9,0.4,ReverseLPA,-19.15272180822257,-0.3333333333333333,0.32341269841269843
3439,9,0.4,ILP-PA1,-3.4704188507041085,0.2777777777777778,0.1759259259259259
3440,9,0.4,ILP-PA2,-20.68519867952054,0.1111111111111111,0.14243306179542436
3441,9,0.5,ReverseLPA,-15.249237972318797,-0.16666666666666666,0.1759259259259259
3442,9,0.5,ILP-PA1,-15.942385152878742,-0.2222222222222222,0.14045134899192116
3443,9,0.5,ILP-PA2,-12.476649250079015,0.0,0.16271278734934375
3444,9,0.6,ReverseLPA,-19.184675717268853,0.3333333333333333,0.45
3445,9,0.6,ILP-PA1,-3.875883958812273,-0.611111111111111,0.472255291005291
3446,9,0.6,ILP-PA2,-3.875883958812273,-0.611111111111111,0.472255291005291
3447,9,0.7,ReverseLPA,-15.917983452994934,0.05555555555555555,0.17939814814814814
3448,9,0.7,ILP-PA1,-18.103202090217813,-0.05555555555555555,0.1639119724242204
3449,9,0.7,ILP-PA2,-18.103202090217813,-0.05555555555555555,0.1639119724242204
3450,9,0.8,ReverseLPA,-17.290941272522367,0.05555555555555555,0.21140873015873018
3451,9,0.8,ILP-PA1,-5.72088794255914,-0.3333333333333333,0.3742063492063492
3452,9,0.8,ILP-PA2,-5.72088794255914,-0.2777777777777778,0.24596560846560847
3453,9,0.9,ReverseLPA,-19.384271636350938,-0.1111111111111111,0.49226190476190473
3454,9,0.9,ILP-PA1,-0.8428841252626103,-0.1111111111111111,0.2473562146341072
3455,9,0.9,ILP-PA2,-11.949713779079667,0.2777777777777778,0.49226190476190473
3456,9,0.1,ReverseLPA,-16.855619260563103,-0.3888888888888889,0.34970238095238093
3457,9,0.1,ILP-PA1,-12.777251652864145,0.3333333333333333,0.17890056886468336
3458,9,0.1,ILP-PA2,-12.88261216852197,0.611111111111111,0.15502692444128074
3459,9,0.2,ReverseLPA,-16.04694607110637,0.05555555555555555,0.2435185185185185
3460,9,0.2,ILP-PA1,-2.5020121176909393,0.1111111111111111,0.1748533866034468
3461,9,0.2,ILP-PA2,-7.999756508935869,0.5555555555555556,0.14829524572453973
3462,9,0.3,ReverseLPA,-20.556316672460166,-0.3888888888888889,0.21388888888888888
3463,9,0.3,ILP-PA1,-3.8346453844068016,0.0,0.21722529394350315
3464,9,0.3,ILP-PA2,-12.485181986117347,0.3888888888888889,0.14700868751363116
3465,9,0.4,ReverseLPA,-15.487558880725949,0.0,0.18287037037037038
3466,9,0.4,ILP-PA1,-15.292814803933439,0.0,0.19398064930833753
3467,9,0.4,ILP-PA2,-2.959593226938118,-0.05555555555555555,0.23356481481481484
3468,9,0.5,ReverseLPA,-13.862943611198906,-0.05555555555555555,0.21769179894179894
3469,9,0.5,ILP-PA1,-13.16979643063896,0.5555555555555556,0.1529184708870233
3470,9,0.5,ILP-PA2,-2.772588722239781,0.1111111111111111,0.19484827185793266
3471,9,0.6,ReverseLPA,-16.630547598438902,-0.1111111111111111,0.1898148148148148
3472,9,0.6,ILP-PA1,-7.751767917624545,-0.5,0.27393709288846396
3473,9,0.6,ILP-PA2,-7.751767917624545,-0.5,0.27393709288846396
3474,9,0.7,ReverseLPA,-14.847958621178737,0.05555555555555555,0.18287037037037035
3475,9,0.7,ILP-PA1,-21.62634150427636,-0.3333333333333333,0.20916005291005288
3476,9,0.7,ILP-PA2,-21.62634150427636,-0.3333333333333333,0.20916005291005288
3477,9,0.8,ReverseLPA,-17.514084823836576,-0.16666666666666666,0.35261243386243385
3478,9,0.8,ILP-PA1,-16.39836706726553,-0.05555555555555555,0.15716796550841414
3479,9,0.8,ILP-PA2,-10.2786250753126,0.2222222222222222,0.16550844024700462
3480,9,0.9,ReverseLPA,-19.384271636350938,-0.16666666666666666,0.7574074074074074
3481,9,0.9,ILP-PA1,-5.974856889539833,0.16666666666666666,0.4938492063492063
3482,9,0.9,ILP-PA2,-5.974856889539833,0.16666666666666666,0.4938492063492063
3483,9,0.1,ReverseLPA,-16.855619260563103,-0.4444444444444444,0.31712962962962965
3484,9,0.1,ILP-PA1,-13.198693715495448,0.3333333333333333,0.22211911636583062
3485,9,0.1,ILP-PA2,-12.777251652864143,0.3888888888888889,0.18911722887322893
3486,9,0.2,ReverseLPA,-16.04694607110637,-0.05555555555555555,0.1833664021164021
3487,9,0.2,ILP-PA1,-12.111206539060909,0.4444444444444444,0.17229999193809498
3488,9,0.2,ILP-PA2,-12.33435009037512,0.16666666666666666,0.3125
3489,9,0.3,ReverseLPA,-18.1483710638083,-0.2222222222222222,0.32873677248677247
3490,9,0.3,ILP-PA1,-2.6306725800808657,0.0,0.36494708994708996
3491,9,0.3,ILP-PA2,-4.191320328345534,0.05555555555555555,0.19125373370616647
3492,9,0.4,ReverseLPA,-18.236431076348417,-0.16666666666666666,0.4611111111111111
3493,9,0.4,ILP-PA1,-6.4300120776422265,0.2222222222222222,0.17090808695006082
3494,9,0.4,ILP-PA2,-4.386709582578264,-0.2222222222222222,0.2093752893131953
3495,9,0.5,ReverseLPA,-16.635532333438686,0.2222222222222222,0.33055555555555555
3496,9,0.5,ILP-PA1,-4.1588830833596715,-0.6666666666666666,0.33194444444444443
3497,9,0.5,ILP-PA2,-4.1588830833596715,-0.6666666666666666,0.33194444444444443
3498,9,0.6,ReverseLPA,-18.673850093502864,-0.1111111111111111,0.18287037037037038
3499,9,0.6,ILP-PA1,-4.386709582578264,0.1111111111111111,0.16089707732725
3500,9,0.6,ILP-PA2,-4.386709582578264,0.1111111111111111,0.16089707732725
3501,9,0.7,ReverseLPA,-16.98800828481113,0.16666666666666666,0.1898148148148148
3502,9,0.7,ILP-PA1,-9.22993851707827,-0.05555555555555555,0.28492251519002176
3503,9,0.7,ILP-PA2,-15.963152426585417,0.05555555555555555,0.16486533129550393
3504,9,0.8,ReverseLPA,-17.290941272522367,-0.05555555555555555,0.23458994708994707
3505,9,0.8,ILP-PA1,-14.119498500888799,-0.2222222222222222,0.16699972672075467
3506,9,0.8,ILP-PA2,-14.119498500888799,-0.2222222222222222,0.16699972672075467
3507,9,0.9,ReverseLPA,-19.384271636350938,0.2222222222222222,0.23756613756613754
3508,9,0.9,ILP-PA1,-11.528271716448362,0.3333333333333333,0.18365386817754864
3509,9,0.9,ILP-PA2,-11.00146913815923,0.2222222222222222,0.1837145376447103
3510,9,0.1,ReverseLPA,-23.76337453954524,-0.2777777777777778,0.325
3511,9,0.1,ILP-PA1,-2.513306124309698,-0.2222222222222222,0.17979927627999479
3512,9,0.1,ILP-PA2,-7.118476310297789,0.611111111111111,0.18566780864918359
3513,9,0.2,ReverseLPA,-16.04694607110637,0.2222222222222222,0.20049603174603173
3514,9,0.2,ILP-PA1,-2.5020121176909393,-0.2222222222222222,0.16666666666666666
3515,9,0.2,ILP-PA2,-9.115474265506919,0.16666666666666666,0.1883529487543518
3516,9,0.3,ReverseLPA,-22.96426228111204,-0.7777777777777778,0.4849537037037037
3517,9,0.3,ILP-PA1,-14.89312759476922,0.16666666666666666,0.1420628129333717
3518,9,0.3,ILP-PA2,-13.689154790443286,0.0,0.1786401082347724
3519,9,0.4,ReverseLPA,-15.487558880725949,0.4444444444444444,0.16666666666666666
3520,9,0.4,ILP-PA1,-14.271163556401458,0.16666666666666666,0.32268518518518524
3521,9,0.4,ILP-PA2,-13.565593855842955,-0.1111111111111111,0.16071221688388201
3522,9,0.5,ReverseLPA,-15.249237972318797,-0.5,0.32731481481481484
3523,9,0.5,ILP-PA1,-9.704060527839234,-0.2222222222222222,0.345734126984127
3524,9,0.5,ILP-PA2,-9.704060527839234,-0.2222222222222222,0.345734126984127
3525,9,0.6,ReverseLPA,-19.184675717268853,-0.4444444444444444,0.4757275132275132
3526,9,0.6,ILP-PA1,-11.733012392094645,-0.16666666666666666,0.15866951043680702
3527,9,0.6,ILP-PA2,-9.689709897030681,0.2222222222222222,0.4490740740740741
3528,9,0.7,ReverseLPA,-16.274658396933667,0.16666666666666666,0.33310185185185187
3529,9,0.7,ILP-PA1,-16.76528131338214,-0.3888888888888889,0.479265873015873
3530,9,0.7,ILP-PA2,-10.522690320323463,-0.1111111111111111,0.18785830256000022
3531,9,0.8,ReverseLPA,-18.406659029093415,0.2222222222222222,0.38439153439153434
3532,9,0.8,ILP-PA1,-9.960615417529125,0.0,0.16382501064570776
3533,9,0.8,ILP-PA2,-7.506036353072818,0.3333333333333333,0.14296765823630214
3534,9,0.9,ReverseLPA,-19.384271636350938,-0.1111111111111111,0.8809523809523809
3535,9,0.9,ILP-PA1,-9.225686623454317,0.3888888888888889,0.1457049415483268
3536,9,0.9,ILP-PA2,-8.698884045165185,0.1111111111111111,0.15091395830982474
3537,9,0.1,ReverseLPA,-19.158204353557146,-0.3333333333333333,0.3456349206349207
3538,9,0.1,ILP-PA1,-12.145088558917184,-0.05555555555555555,0.2179616771258221
3539,9,0.1,ILP-PA2,-4.815891217303744,0.0,0.20678879221068558
3540,9,0.2,ReverseLPA,-16.04694607110637,-0.16666666666666666,0.17916666666666667
3541,9,0.2,ILP-PA1,-2.2788685663767296,0.16666666666666666,0.32688492063492064
3542,9,0.2,ILP-PA2,-12.55749364168933,0.5555555555555556,0.18130898666344902
3543,9,0.3,ReverseLPA,-13.332479846504555,-0.1111111111111111,0.3354828042328042
3544,9,0.3,ILP-PA1,-10.656638292833202,0.7222222222222222,0.16743460004284033
3545,9,0.3,ILP-PA2,-2.2739976361421332,0.611111111111111,0.1775793650793651
3546,9,0.4,ReverseLPA,-21.901594003845037,-0.3888888888888889,0.1759259259259259
3547,9,0.4,ILP-PA1,-10.500640113247012,-0.2777777777777778,0.17805738563363574
3548,9,0.4,ILP-PA2,-13.65497741697764,-0.16666666666666666,0.17160933821131022
3549,9,0.5,ReverseLPA,-20.10126823623841,0.1111111111111111,0.3055555555555555
3550,9,0.5,ILP-PA1,-10.39720770839918,0.0,0.3239087301587302
3551,9,0.5,ILP-PA2,-10.39720770839918,0.0,0.3239087301587302
3552,9,0.6,ReverseLPA,-18.67385009350286,0.05555555555555555,0.21785714285714283
3553,9,0.6,ILP-PA1,-3.981244474470099,-0.1111111111111111,0.19354644181287467
3554,9,0.6,ILP-PA2,-3.981244474470099,-0.1111111111111111,0.19354644181287467
3555,9,0.7,ReverseLPA,-16.98800828481113,-0.4444444444444444,0.19818121693121693
3556,9,0.7,ILP-PA1,-15.963152426585415,-0.16666666666666666,0.15578304763039347
3557,9,0.7,ILP-PA2,-17.746527146279078,-0.05555555555555555,0.1988789367376808
3558,9,0.8,ReverseLPA,-17.067797721208155,-0.16666666666666666,0.4844907407407408
3559,9,0.8,ILP-PA1,-8.844897660958075,-0.16666666666666666,0.15549584716164822
3560,9,0.8,ILP-PA2,-11.664919436432491,-0.2222222222222222,0.17120282734482942
3561,9,0.9,ReverseLPA,-19.48963215200876,0.2222222222222222,0.6264550264550265
3562,9,0.9,ILP-PA1,-6.607019983486792,0.16666666666666666,0.5117063492063493
3563,9,0.9,ILP-PA2,-5.237333279935049,0.2777777777777778,0.19845376666965361
3564,10,0.1,ReverseLPA,-26.17132014819711,-0.28888888888888886,0.19387755102040818
3565,10,0.1,ILP-PA1,-8.172081466876051,0.1111111111111111,0.152294846087922
3566,10,0.1,ILP-PA2,-15.501278808489493,0.28888888888888886,0.14955797484125827
3567,10,0.2,ReverseLPA,-17.879527534854677,0.06666666666666667,0.17261904761904762
3568,10,0.2,ILP-PA1,-12.557493641689328,0.4666666666666666,0.15448949030280792
3569,10,0.2,ILP-PA2,-11.17119928056944,0.4666666666666666,0.14736320535997904
3570,10,0.3,ReverseLPA,-22.116964420724834,-0.5111111111111111,0.4543083900226757
3571,10,0.3,ILP-PA1,-19.79779781099222,0.06666666666666667,0.14495135695562936
3572,10,0.3,ILP-PA2,-9.586613461017006,-0.022222222222222223,0.1746031746031746
3573,10,0.4,ReverseLPA,-15.998384504491938,-0.19999999999999998,0.20330687830687827
3574,10,0.4,ILP-PA1,-13.97105896395112,-0.022222222222222223,0.1977418745275888
3575,10,0.4,ILP-PA2,-12.138477500202809,0.06666666666666667,0.19156007258779226
3576,10,0.5,ReverseLPA,-22.180709777918246,0.37777777777777777,0.18276643990929703
3577,10,0.5,ILP-PA1,-18.021826694558577,0.37777777777777777,0.16618644116066833
3578,10,0.5,ILP-PA2,-14.556090791758852,0.5555555555555555,0.1519554915194887
3579,10,0.6,ReverseLPA,-21.63344332044098,0.1111111111111111,0.19589947089947085
3580,10,0.6,ILP-PA1,-7.646407401966719,0.5555555555555555,0.1294109322574063
3581,10,0.6,ILP-PA2,-7.646407401966719,0.5555555555555555,0.1294109322574063
3582,10,0.7,ReverseLPA,-20.688705696708197,-0.06666666666666667,0.19126984126984128
3583,10,0.7,ILP-PA1,-11.28120918179141,-0.37777777777777777,0.15806595130134388
3584,10,0.7,ILP-PA2,-17.880475118788816,-0.4666666666666666,0.16529974759764016
3585,10,0.8,ReverseLPA,-21.578101800726984,0.3333333333333333,0.47176870748299315
3586,10,0.8,ILP-PA1,-4.064016976890407,0.3333333333333333,0.2187988750231022
3587,10,0.8,ILP-PA2,-4.064016976890407,0.3333333333333333,0.2187988750231022
3588,10,0.9,ReverseLPA,-22.424380338949767,-0.06666666666666667,0.22734315948601663
3589,10,0.9,ILP-PA1,-13.514775262468927,0.6444444444444444,0.1414329681400203
3590,10,0.9,ILP-PA2,-13.514775262468927,0.6444444444444444,0.1414329681400203
3591,10,0.1,ReverseLPA,-23.86873505520306,-0.1111111111111111,0.1916950113378685
3592,10,0.1,ILP-PA1,-22.619755118787282,0.24444444444444444,0.22155139833711265
3593,10,0.1,ILP-PA2,-12.88261216852197,0.15555555555555553,0.1977094502488719
3594,10,0.2,ReverseLPA,-21.09840335972288,-0.37777777777777777,0.42804232804232806
3595,10,0.2,ILP-PA1,-15.999513017871738,0.24444444444444444,0.15035778232577612
3596,10,0.2,ILP-PA2,-18.27838158424847,0.19999999999999998,0.13916878608479877
3597,10,0.3,ReverseLPA,-23.320937225050773,-0.19999999999999998,0.1875
3598,10,0.3,ILP-PA1,-10.077236377465475,-0.1111111111111111,0.1446986036248915
3599,10,0.3,ILP-PA2,-18.727772979176024,0.19999999999999998,0.16168390723385423
3600,10,0.4,ReverseLPA,-24.245001091359335,-0.022222222222222223,0.1858465608465608
3601,10,0.4,ILP-PA1,-4.686814175028601,0.28888888888888886,0.29166666666666663
3602,10,0.4,ILP-PA2,-4.686814175028601,0.28888888888888886,0.29166666666666663
3603,10,0.5,ReverseLPA,-24.953298500158027,0.022222222222222223,0.41768707482993195
3604,10,0.5,ILP-PA1,-17.32867951399863,-0.15555555555555553,0.18960526415674536
3605,10,0.5,ILP-PA2,-17.32867951399863,-0.15555555555555553,0.18960526415674536
3606,10,0.6,ReverseLPA,-19.079315201611028,0.15555555555555553,0.3011904761904762
3607,10,0.6,ILP-PA1,-6.924860746885075,-0.15555555555555553,0.22013416477702188
3608,10,0.6,ILP-PA2,-6.924860746885075,-0.15555555555555553,0.22013416477702188
3609,10,0.7,ReverseLPA,-21.045380640646925,-0.4222222222222222,0.4604308390022676
3610,10,0.7,ILP-PA1,-9.141159518159014,-0.022222222222222223,0.2550736961451247
3611,10,0.7,ILP-PA2,-9.141159518159014,-0.022222222222222223,0.2550736961451247
3612,10,0.8,ReverseLPA,-21.131814698098562,-0.19999999999999998,0.21861300075585785
3613,10,0.8,ILP-PA1,-16.398367067265525,-0.06666666666666667,0.18615171893844612
3614,10,0.8,ILP-PA2,-4.557737132753459,0.1111111111111111,0.20975456285379004
3615,10,0.9,ReverseLPA,-22.951182917238896,0.3333333333333333,0.27004913076341647
3616,10,0.9,ILP-PA1,-5.674121594044487,0.4222222222222222,0.1966629836900221
3617,10,0.9,ILP-PA2,-3.145469218256656,0.37777777777777777,0.23095165280087998
3618,10,0.1,ReverseLPA,-19.263564869214974,-0.24444444444444444,0.34195956160241875
3619,10,0.1,ILP-PA1,-18.014584932799192,0.3333333333333333,0.17377816285383904
3620,10,0.1,ILP-PA2,-18.014584932799192,0.28888888888888886,0.2059657977120754
3621,10,0.2,ReverseLPA,-16.270089622420578,-0.022222222222222223,0.3180839002267573
3622,10,0.2,ILP-PA1,-11.394342831883648,0.06666666666666667,0.15196554957133626
3623,10,0.2,ILP-PA2,-2.2788685663767296,-0.19999999999999998,0.18010240364660485
3624,10,0.3,ReverseLPA,-28.136828442354517,0.1111111111111111,0.1882936507936508
3625,10,0.3,ILP-PA1,-10.790586265342942,-0.37777777777777777,0.18055555555555555
3626,10,0.3,ILP-PA2,-22.071795447134352,0.6444444444444444,0.13916878608479877
3627,10,0.4,ReverseLPA,-21.49612889573687,-0.24444444444444444,0.18716931216931215
3628,10,0.4,ILP-PA1,-16.825291675231412,-0.1111111111111111,0.16201977449400168
3629,10,0.4,ILP-PA2,-16.825291675231412,-0.1111111111111111,0.16201977449400168
3630,10,0.5,ReverseLPA,-22.18070977791825,-0.022222222222222223,0.42063492063492064
3631,10,0.5,ILP-PA1,-18.71497387511852,0.6444444444444444,0.14424076982598563
3632,10,0.5,ILP-PA2,-9.704060527839234,0.06666666666666667,0.15758904176155947
3633,10,0.6,ReverseLPA,-20.10096644914301,0.24444444444444444,0.1772486772486772
3634,10,0.6,ILP-PA1,-12.333221576995319,-0.1111111111111111,0.14286706796992174
3635,10,0.6,ILP-PA2,-18.95797773143006,-0.28888888888888886,0.14993711389007602
3636,10,0.7,ReverseLPA,-20.688705696708197,0.15555555555555553,0.1746031746031746
3637,10,0.7,ILP-PA1,-17.969254117708072,-0.15555555555555553,0.15785310782733503
3638,10,0.7,ILP-PA2,-13.777933789362539,-0.06666666666666667,0.14785270897418754
3639,10,0.8,ReverseLPA,-20.462384044155936,-0.1111111111111111,0.2466742252456538
3640,10,0.8,ILP-PA1,-11.840629934512068,-0.24444444444444444,0.19171783356362643
3641,10,0.8,ILP-PA2,-20.286673546076354,-0.06666666666666667,0.1601692036072784
3642,10,0.9,ReverseLPA,-22.845822401581074,0.37777777777777777,0.7876984126984128
3643,10,0.9,ILP-PA1,-6.923101530460269,0.022222222222222223,0.1613551678430531
3644,10,0.9,ILP-PA2,-6.923101530460269,0.022222222222222223,0.1613551678430531
3645,10,0.1,ReverseLPA,-28.473905241191154,0.022222222222222223,0.17142857142857146
3646,10,0.1,ILP-PA1,-17.48778235451006,0.37777777777777777,0.15237143973521125
3647,10,0.1,ILP-PA2,-7.013115794639962,0.3333333333333333,0.2999597582364838
3648,10,0.2,ReverseLPA,-16.27008962242058,-0.24444444444444444,0.23228458049886624
3649,10,0.2,ILP-PA1,-15.059505759380269,0.06666666666666667,0.20373929491309678
3650,10,0.2,ILP-PA2,-13.003780744317748,0.6444444444444444,0.15708165636088606
3651,10,0.3,ReverseLPA,-20.912991616398898,-0.15555555555555553,0.1773809523809524
3652,10,0.3,ILP-PA1,-5.751968076610202,-0.19999999999999998,0.17280005747188665
3653,10,0.3,ILP-PA2,-5.751968076610202,-0.19999999999999998,0.17280005747188665
3654,10,0.4,ReverseLPA,-20.579838163862718,0.3333333333333333,0.18948412698412698
3655,10,0.4,ILP-PA1,-13.054768232076965,0.06666666666666667,0.17904792058022104
3656,10,0.4,ILP-PA2,-11.416930845121165,0.1111111111111111,0.31914210128495846
3657,10,0.5,ReverseLPA,-19.408121055678468,0.37777777777777777,0.1853174603174603
3658,10,0.5,ILP-PA1,-13.16979643063896,-0.28888888888888886,0.20370370370370372
3659,10,0.5,ILP-PA2,-13.16979643063896,-0.28888888888888886,0.20370370370370372
3660,10,0.6,ReverseLPA,-22.65509456797296,0.1111111111111111,0.29563492063492064
3661,10,0.6,ILP-PA1,-6.219291046326573,-0.37777777777777777,0.17197261907651348
3662,10,0.6,ILP-PA2,-6.219291046326573,-0.3333333333333333,0.17718095240984683
3663,10,0.7,ReverseLPA,-20.332030752769462,-0.3333333333333333,0.423015873015873
3664,10,0.7,ILP-PA1,-19.663849838482477,0.19999999999999998,0.20816326530612242
3665,10,0.7,ILP-PA2,-8.293861657771814,0.06666666666666667,0.15069572089030758
3666,10,0.8,ReverseLPA,-20.908671146784354,0.022222222222222223,0.4349206349206349
3667,10,0.8,ILP-PA1,-12.016340432591646,0.4222222222222222,0.1875327000783288
3668,10,0.8,ILP-PA2,-14.788929154831427,0.28888888888888886,0.17133136313019018
3669,10,0.9,ReverseLPA,-22.529740854607596,0.06666666666666667,0.3495559334845049
3670,10,0.9,ILP-PA1,-11.317550685132709,-0.8222222222222221,0.19949491154562185
3671,10,0.9,ILP-PA2,-6.08021740519766,-0.6,0.1681591952231924
3672,10,0.1,ReverseLPA,-21.566149962209018,-0.1111111111111111,0.3079648526077098
3673,10,0.1,ILP-PA1,-17.17170080753658,0.7777777777777777,0.16933350692789995
3674,10,0.1,ILP-PA2,-10.474666559870098,0.4222222222222222,0.132534342291738
3675,10,0.2,ReverseLPA,-14.66065170998648,-0.28888888888888886,0.6863095238095239
3676,10,0.2,ILP-PA1,-13.72064445149501,-0.6,0.6587301587301588
3677,10,0.2,ILP-PA2,-13.943788002809221,0.06666666666666667,0.35026931890245555
3678,10,0.3,ReverseLPA,-19.709018812072962,0.15555555555555553,0.18911564625850338
3679,10,0.3,ILP-PA1,-14.847958621178737,0.06666666666666667,0.14060119847719924
3680,10,0.3,ILP-PA2,-8.739315600629801,-0.4666666666666666,0.21160868671538793
3681,10,0.4,ReverseLPA,-25.161291823233494,0.022222222222222223,0.2996031746031746
3682,10,0.4,ILP-PA1,-10.50064011324701,0.022222222222222223,0.1469735656235662
3683,10,0.4,ILP-PA2,-17.63622189144774,-0.4222222222222222,0.2189625850340136
3684,10,0.5,ReverseLPA,-20.79441541679836,-0.5111111111111111,0.4475340136054422
3685,10,0.5,ILP-PA1,-18.714973875118524,-0.24444444444444444,0.33147203325774754
3686,10,0.5,ILP-PA2,-14.556090791758852,-0.1111111111111111,0.16299767698174525
3687,10,0.6,ReverseLPA,-20.10096644914301,-0.4222222222222222,0.22773053665910808
3688,10,0.6,ILP-PA1,-19.468803355196048,-0.4222222222222222,0.19973544973544977
3689,10,0.6,ILP-PA2,-19.468803355196048,-0.4222222222222222,0.19973544973544977
3690,10,0.7,ReverseLPA,-22.115405472463124,0.28888888888888886,0.33577097505668935
3691,10,0.7,ILP-PA1,-17.478631201259603,-0.19999999999999998,0.15889993596393315
3692,10,0.7,ILP-PA2,-5.39529313267147,-0.3333333333333333,0.34450113378684805
3693,10,0.8,ReverseLPA,-20.239240492841727,0.37777777777777777,0.18333333333333332
3694,10,0.8,ILP-PA1,-7.553469406307451,0.28888888888888886,0.13536409612671224
3695,10,0.8,ILP-PA2,-7.553469406307451,0.28888888888888886,0.13536409612671224
3696,10,0.9,ReverseLPA,-22.31901982329194,-0.06666666666666667,0.5515400604686319
3697,10,0.9,ILP-PA1,-5.342693795592876,-0.15555555555555553,0.5722316704459561
3698,10,0.9,ILP-PA2,-5.342693795592876,-0.15555555555555553,0.5722316704459561
3699,10,0.1,ReverseLPA,-30.776490334185198,-0.1111111111111111,0.19014550264550262
3700,10,0.1,ILP-PA1,-29.316789366453765,0.1111111111111111,0.15851993138634357
3701,10,0.1,ILP-PA2,-7.434557857271268,0.022222222222222223,0.3121693121693121
3702,10,0.2,ReverseLPA,-22.707841272156983,-0.37777777777777777,0.17936507936507937
3703,10,0.2,ILP-PA1,-14.613218656751847,0.1111111111111111,0.1601251962270628
3704,10,0.2,ILP-PA2,-13.05121379755238,0.6,0.1365365428031727
3705,10,0.3,ReverseLPA,-20.912991616398898,0.022222222222222223,0.2936507936507936
3706,10,0.3,ILP-PA1,-15.695256481565941,0.7777777777777777,0.13968748901627578
3707,10,0.3,ILP-PA2,-15.695256481565941,0.5555555555555555,0.14216213014509452
3708,10,0.4,ReverseLPA,-22.412419627611026,-0.24444444444444444,0.1853174603174603
3709,10,0.4,ILP-PA1,-5.708465422560583,0.1111111111111111,0.14823340835024976
3710,10,0.4,ILP-PA2,-5.708465422560583,0.1111111111111111,0.14823340835024976
3711,10,0.5,ReverseLPA,-20.79441541679836,0.06666666666666667,0.2966269841269842
3712,10,0.5,ILP-PA1,-5.545177444479562,-0.06666666666666667,0.2913359788359789
3713,10,0.5,ILP-PA2,-9.704060527839234,0.19999999999999998,0.1482487093545589
3714,10,0.6,ReverseLPA,-22.65509456797296,0.06666666666666667,0.18915343915343913
3715,10,0.6,ILP-PA1,-16.31446605146542,-0.28888888888888886,0.161510786259522
3716,10,0.6,ILP-PA2,-23.766129376639626,0.022222222222222223,0.17832724790385276
3717,10,0.7,ReverseLPA,-20.688705696708197,-0.19999999999999998,0.3153722600151171
3718,10,0.7,ILP-PA1,-5.39529313267147,-0.06666666666666667,0.1981264323906529
3719,10,0.7,ILP-PA2,-5.39529313267147,-0.06666666666666667,0.1981264323906529
3720,10,0.8,ReverseLPA,-21.578101800726984,0.19999999999999998,0.3435657596371882
3721,10,0.8,ILP-PA1,-12.239483983905854,-0.1111111111111111,0.18658923475762013
3722,10,0.8,ILP-PA2,-12.239483983905854,-0.4222222222222222,0.32790060468631893
3723,10,0.9,ReverseLPA,-22.529740854607596,0.19999999999999998,0.361885865457294
3724,10,0.9,ILP-PA1,-11.949713779079666,0.24444444444444444,0.20409139345072264
3725,10,0.9,ILP-PA2,-11.949713779079666,0.24444444444444444,0.20409139345072264
3726,10,0.1,ReverseLPA,-19.263564869214974,-0.5111111111111111,0.503968253968254
3727,10,0.1,ILP-PA1,-15.185197261516015,0.15555555555555553,0.20245462160365185
3728,10,0.1,ILP-PA2,-15.501278808489495,0.6888888888888888,0.14823696056241645
3729,10,0.2,ReverseLPA,-25.926717097025183,0.15555555555555553,0.16666666666666666
3730,10,0.2,ILP-PA1,-7.999756508935869,-0.15555555555555553,0.17026291750318084
3731,10,0.2,ILP-PA2,-14.166931554123428,0.37777777777777777,0.15242900595185335
3732,10,0.3,ReverseLPA,-14.893127594769224,-0.24444444444444444,0.31084656084656087
3733,10,0.3,ILP-PA1,-10.299963348894469,-0.15555555555555553,0.3492913832199546
3734,10,0.3,ILP-PA2,-9.095990544568533,-0.24444444444444444,0.3589285714285714
3735,10,0.4,ReverseLPA,-15.998384504491941,0.1111111111111111,0.1873015873015873
3736,10,0.4,ILP-PA1,-7.240942293858556,0.6,0.15910988902669793
3737,10,0.4,ILP-PA2,-17.3361172989974,-0.1111111111111111,0.21036046984641632
3738,10,0.5,ReverseLPA,-21.487562597358302,-0.19999999999999998,0.22479213907785336
3739,10,0.5,ILP-PA1,-20.79441541679836,0.28888888888888886,0.16205198415587857
3740,10,0.5,ILP-PA2,-16.635532333438686,-0.15555555555555553,0.20096689320002192
3741,10,0.6,ReverseLPA,-21.63344332044098,0.06666666666666667,0.18871882086167796
3742,10,0.6,ILP-PA1,-14.887349695825272,-0.022222222222222223,0.16016525181563626
3743,10,0.6,ILP-PA2,-24.366338561540303,-0.5111111111111111,0.17689388562505398
3744,10,0.7,ReverseLPA,-18.905330977014536,-0.15555555555555553,0.1853174603174603
3745,10,0.7,ILP-PA1,-21.44722455817614,0.4666666666666666,0.13417522112845284
3746,10,0.7,ILP-PA2,-21.44722455817614,0.4666666666666666,0.13417522112845284
3747,10,0.8,ReverseLPA,-21.131814698098562,-0.28888888888888886,0.23090513983371125
3748,10,0.8,ILP-PA1,-9.338617816821127,0.06666666666666667,0.19764739229024947
3749,10,0.8,ILP-PA2,-9.338617816821127,0.06666666666666667,0.19764739229024947
3750,10,0.9,ReverseLPA,-22.740461885923246,-0.022222222222222223,0.8941798941798942
3751,10,0.9,ILP-PA1,-9.331047139112142,-0.4222222222222222,0.28541338477845124
3752,10,0.9,ILP-PA2,-8.382802498191705,-0.1111111111111111,0.16366998265786792
3753,10,0.1,ReverseLPA,-21.566149962209018,-0.28888888888888886,0.21097883597883596
3754,10,0.1,ILP-PA1,-15.60663932414732,0.7333333333333333,0.18587240031133792
3755,10,0.1,ILP-PA2,-20.738612088424542,0.5555555555555555,0.18518854753058506
3756,10,0.2,ReverseLPA,-19.48896544728878,-0.6444444444444444,0.4476851851851852
3757,10,0.2,ILP-PA1,-14.390075105437639,0.37777777777777777,0.1468559163695723
3758,10,0.2,ILP-PA2,-10.99548878248986,0.28888888888888886,0.3282312925170068
3759,10,0.3,ReverseLPA,-25.728882833702645,-0.4222222222222222,0.1849867724867725
3760,10,0.3,ILP-PA1,-6.465317964487667,-0.3333333333333333,0.18098072562358272
3761,10,0.3,ILP-PA2,-6.465317964487667,-0.3333333333333333,0.18098072562358272
3762,10,0.4,ReverseLPA,-19.66354743198856,-0.022222222222222223,0.1772486772486772
3763,10,0.4,ILP-PA1,-7.240942293858556,-0.28888888888888886,0.19609788359788358
3764,10,0.4,ILP-PA2,-4.897535206344254,0.06666666666666667,0.181892341391893
3765,10,0.5,ReverseLPA,-21.487562597358302,-0.022222222222222223,0.18055555555555555
3766,10,0.5,ILP-PA1,-9.010913347279288,0.28888888888888886,0.1544925042637481
3767,10,0.5,ILP-PA2,-9.010913347279288,0.28888888888888886,0.1544925042637481
3768,10,0.6,ReverseLPA,-21.633443320440982,0.1111111111111111,0.3083333333333333
3769,10,0.6,ILP-PA1,-11.927756468887155,0.022222222222222223,0.17283976202681364
3770,10,0.6,ILP-PA2,-20.595815118385854,0.19999999999999998,0.13635764946544834
3771,10,0.7,ReverseLPA,-19.618680864892,0.1111111111111111,0.19656084656084655
3772,10,0.7,ILP-PA1,-15.115854566198212,-0.15555555555555553,0.16175774478518368
3773,10,0.7,ILP-PA2,-15.115854566198212,-0.15555555555555553,0.16175774478518368
3774,10,0.8,ReverseLPA,-20.239240492841724,0.022222222222222223,0.3288643235071807
3775,10,0.8,ILP-PA1,-14.788929154831427,0.06666666666666667,0.15031718702274316
3776,10,0.8,ILP-PA2,-18.947812238191098,0.37777777777777777,0.1441377400285422
3777,10,0.9,ReverseLPA,-22.635101370265417,0.19999999999999998,0.4627456538170824
3778,10,0.9,ILP-PA1,-9.436407654769969,0.4666666666666666,0.15193936739718159
3779,10,0.9,ILP-PA2,-6.185577920855486,0.022222222222222223,0.3050922238878526
3780,10,0.1,ReverseLPA,-19.263564869214974,-0.3333333333333333,0.6078042328042328
3781,10,0.1,ILP-PA1,-15.501278808489493,0.022222222222222223,0.38552417078178997
3782,10,0.1,ILP-PA2,-15.290557777173843,0.19999999999999998,0.24006184079474663
3783,10,0.2,ReverseLPA,-21.098403359722877,-0.022222222222222223,0.3101757369614512
3784,10,0.2,ILP-PA1,-10.948055729255229,0.06666666666666667,0.1672052025126405
3785,10,0.2,ILP-PA2,-8.22290006025008,-0.1111111111111111,0.18754701355465803
3786,10,0.3,ReverseLPA,-19.709018812072966,-0.5111111111111111,0.30739795918367346
3787,10,0.3,ILP-PA1,-14.981906593688475,0.28888888888888886,0.17063492063492064
3788,10,0.3,ILP-PA2,-13.421258845423807,0.022222222222222223,0.15792786605098275
3789,10,0.4,ReverseLPA,-20.579838163862714,-0.15555555555555553,0.16666666666666666
3790,10,0.4,ILP-PA1,-3.365058335046282,0.06666666666666667,0.19268707482993191
3791,10,0.4,ILP-PA2,-3.365058335046282,0.06666666666666667,0.19268707482993191
3792,10,0.5,ReverseLPA,-21.487562597358302,-0.06666666666666667,0.18915343915343913
3793,10,0.5,ILP-PA1,-26.33959286127792,0.19999999999999998,0.14448749858133403
3794,10,0.5,ILP-PA2,-13.862943611198906,-0.022222222222222223,0.1844738376444664
3795,10,0.6,ReverseLPA,-17.546838330313054,0.24444444444444444,0.29761904761904756
3796,10,0.6,ILP-PA1,-7.135581778200729,-0.1111111111111111,0.16238074584623957
3797,10,0.6,ILP-PA2,-7.135581778200729,-0.1111111111111111,0.16238074584623957
3798,10,0.7,ReverseLPA,-20.68870569670819,-0.022222222222222223,0.20326908541194255
3799,10,0.7,ILP-PA1,-12.485181986117347,-0.37777777777777777,0.18632533004955726
3800,10,0.7,ILP-PA2,-4.191320328345534,-0.1111111111111111,0.1782234781977054
3801,10,0.8,ReverseLPA,-19.569809838899094,0.022222222222222223,0.30158730158730157
3802,10,0.8,ILP-PA1,-18.72466868687689,-0.1111111111111111,0.1639294967162239
3803,10,0.8,ILP-PA2,-18.50152513556268,0.1111111111111111,0.1499321861754577
3804,10,0.9,ReverseLPA,-22.424380338949767,-0.022222222222222223,0.8988095238095238
3805,10,0.9,ILP-PA1,-8.804244560823012,0.4666666666666666,0.16557675900336066
3806,10,0.9,ILP-PA2,-6.185577920855486,0.24444444444444444,0.16557675900336066
3807,10,0.1,ReverseLPA,-26.171320148197104,-0.5555555555555555,0.4561602418745276
3808,10,0.1,ILP-PA1,-9.737142950265312,0.4222222222222222,0.26219247487391845
3809,10,0.1,ILP-PA2,-11.934367527601532,0.5111111111111111,0.20704802846658563
3810,10,0.2,ReverseLPA,-24.317279184591083,-0.06666666666666667,0.19444444444444445
3811,10,0.2,ILP-PA1,-15.330082363929108,0.37777777777777777,0.30736961451247163
3812,10,0.2,ILP-PA2,-15.059505759380269,0.7333333333333333,0.17256158541365607
3813,10,0.3,ReverseLPA,-16.097100399095158,-0.28888888888888886,0.30399659863945583
3814,10,0.3,ILP-PA1,-15.338581537627208,-0.022222222222222223,0.2015144057997035
3815,10,0.3,ILP-PA2,-2.987347524019598,0.06666666666666667,0.1631593741368689
3816,10,0.4,ReverseLPA,-22.412419627611026,-0.24444444444444444,0.17857142857142858
3817,10,0.4,ILP-PA1,-3.4704188507041085,0.4222222222222222,0.13553965891305417
3818,10,0.4,ILP-PA2,-19.6795243865117,0.24444444444444444,0.1463570935310465
3819,10,0.5,ReverseLPA,-24.260151319598084,0.15555555555555553,0.2972883597883597
3820,10,0.5,ILP-PA1,-18.021826694558577,-0.022222222222222223,0.15931924463591188
3821,10,0.5,ILP-PA2,-16.635532333438686,0.5111111111111111,0.15166262218876156
3822,10,0.6,ReverseLPA,-24.187571439270933,0.6888888888888888,0.29642857142857143
3823,10,0.6,ILP-PA1,-15.098070727140925,0.4666666666666666,0.14599260507608067
3824,10,0.6,ILP-PA2,-15.098070727140925,0.4666666666666666,0.14599260507608067
3825,10,0.7,ReverseLPA,-21.045380640646925,-0.4666666666666666,0.3275415721844293
3826,10,0.7,ILP-PA1,-12.573960985036603,0.19999999999999998,0.14100040524753743
3827,10,0.7,ILP-PA2,-12.573960985036603,0.19999999999999998,0.14100040524753743
3828,10,0.8,ReverseLPA,-21.354958249412775,0.3333333333333333,0.4593442932728647
3829,10,0.8,ILP-PA1,-4.780880684067669,-0.1111111111111111,0.17589621886756124
3830,10,0.8,ILP-PA2,-4.780880684067669,-0.1111111111111111,0.17589621886756124
3831,10,0.9,ReverseLPA,-22.529740854607596,-0.19999999999999998,0.8915343915343915
3832,10,0.9,ILP-PA1,-6.8177410148024435,0.4666666666666666,0.1727802358161938
3833,10,0.9,ILP-PA2,-7.976706687038533,0.4222222222222222,0.17623918461969507
3834,10,0.1,ReverseLPA,-23.86873505520306,-0.15555555555555553,0.2027588813303099
3835,10,0.1,ILP-PA1,-20.21180951013541,0.4666666666666666,0.15486238869102006
3836,10,0.1,ILP-PA2,-2.6186666399675245,-0.06666666666666667,0.20525878880386186
3837,10,0.2,ReverseLPA,-21.09840335972288,-0.06666666666666667,0.3282974300831444
3838,10,0.2,ILP-PA1,-17.832094481620047,0.15555555555555553,0.16654037757825882
3839,10,0.2,ILP-PA2,-8.22290006025008,-0.022222222222222223,0.22803714667636718
3840,10,0.3,ReverseLPA,-25.72888283370264,-0.06666666666666667,0.19830876795162508
3841,10,0.3,ILP-PA1,-16.676502314462883,0.19999999999999998,0.2996031746031746
3842,10,0.3,ILP-PA2,-8.650536601710547,0.1111111111111111,0.14840034870928276
3843,10,0.4,ReverseLPA,-26.077582555107647,-0.15555555555555553,0.30158730158730157
3844,10,0.4,ILP-PA1,-6.113930530668747,-0.1111111111111111,0.3059523809523809
3845,10,0.4,ILP-PA2,-9.073523757606864,-0.24444444444444444,0.3220899470899471
3846,10,0.5,ReverseLPA,-22.18070977791825,-0.24444444444444444,0.29166666666666663
3847,10,0.5,ILP-PA1,-9.704060527839234,-0.37777777777777777,0.15575113648652905
3848,10,0.5,ILP-PA2,-9.704060527839234,-0.37777777777777777,0.15575113648652905
3849,10,0.6,ReverseLPA,-20.10096644914301,-0.3333333333333333,0.17857142857142858
3850,10,0.6,ILP-PA1,-19.468803355196048,0.15555555555555553,0.1746031746031746
3851,10,0.6,ILP-PA2,-19.468803355196048,0.28888888888888886,0.1746031746031746
3852,10,0.7,ReverseLPA,-19.618680864892,0.4222222222222222,0.29761904761904756
3853,10,0.7,ILP-PA1,-26.48584274690888,0.1111111111111111,0.17804880361561853
3854,10,0.7,ILP-PA2,-6.599265936997406,0.24444444444444444,0.17359384856807575
3855,10,0.8,ReverseLPA,-21.801245352041196,0.28888888888888886,0.455942932728647
3856,10,0.8,ILP-PA1,-7.411170246603553,0.4222222222222222,0.1677854910894082
3857,10,0.8,ILP-PA2,-9.514328314900705,0.15555555555555553,0.32144473711536586
3858,10,0.9,ReverseLPA,-22.10829879197629,-0.24444444444444444,0.6868858654572941
3859,10,0.9,ILP-PA1,-18.330666479772674,0.15555555555555553,0.6797052154195011
3860,10,0.9,ILP-PA2,-18.330666479772674,0.15555555555555553,0.6797052154195011
3861,10,0.1,ReverseLPA,-23.868735055203064,0.022222222222222223,0.41292517006802726
3862,10,0.1,ILP-PA1,-17.909224417141363,0.022222222222222223,0.32796674225245653
3863,10,0.1,ILP-PA2,-12.461170105890664,0.4666666666666666,0.16852374424284444
3864,10,0.2,ReverseLPA,-21.09840335972288,-0.24444444444444444,0.20194633408919122
3865,10,0.2,ILP-PA1,-4.557737132753459,-0.022222222222222223,0.16393831892306976
3866,10,0.2,ILP-PA2,-6.613462147815979,0.3333333333333333,0.17713926819784465
3867,10,0.3,ReverseLPA,-23.32093722505077,-0.4666666666666666,0.19603174603174603
3868,10,0.3,ILP-PA1,-8.739315600629801,-0.24444444444444444,0.160137786644582
3869,10,0.3,ILP-PA2,-2.987347524019598,-0.022222222222222223,0.18160767420491275
3870,10,0.4,ReverseLPA,-23.328710359485182,0.06666666666666667,0.17936507936507937
3871,10,0.4,ILP-PA1,-4.386709582578264,0.022222222222222223,0.14638376934802982
3872,10,0.4,ILP-PA2,-16.31446605146542,0.28888888888888886,0.1519554915194887
3873,10,0.5,ReverseLPA,-21.487562597358302,0.15555555555555553,0.2936507936507936
3874,10,0.5,ILP-PA1,-15.942385152878742,-0.06666666666666667,0.20078297317228308
3875,10,0.5,ILP-PA2,-13.862943611198904,-0.06666666666666667,0.17985449048296293
3876,10,0.6,ReverseLPA,-19.079315201611028,-0.15555555555555553,0.17757936507936506
3877,10,0.6,ILP-PA1,-3.3650583350462817,0.1111111111111111,0.2891156462585034
3878,10,0.6,ILP-PA2,-3.3650583350462817,0.1111111111111111,0.2891156462585034
3879,10,0.7,ReverseLPA,-21.75873052852439,-0.022222222222222223,0.2343442932728647
3880,10,0.7,ILP-PA1,-15.338581537627206,-0.1111111111111111,0.22465986394557827
3881,10,0.7,ILP-PA2,-14.491283677240004,0.022222222222222223,0.20407917278979484
3882,10,0.8,ReverseLPA,-18.67723563364226,0.4222222222222222,0.1853174603174603
3883,10,0.8,ILP-PA1,-21.274113857802462,0.37777777777777777,0.13680882953567075
3884,10,0.8,ILP-PA2,-21.274113857802462,0.37777777777777777,0.13680882953567075
3885,10,0.9,ReverseLPA,-22.845822401581074,0.24444444444444444,0.4792800453514739
3886,10,0.9,ILP-PA1,-7.555264624407228,0.4666666666666666,0.2227671289913562
3887,10,0.9,ILP-PA2,-7.555264624407228,0.4666666666666666,0.2227671289913562
3888,10,0.1,ReverseLPA,-23.86873505520306,-0.15555555555555553,0.22627551020408163
3889,10,0.1,ILP-PA1,-5.448054311250702,-0.4222222222222222,0.15162577490589574
3890,10,0.1,ILP-PA2,-18.119945448457017,-0.4222222222222222,0.1969363156469377
3891,10,0.2,ReverseLPA,-17.879527534854677,-0.022222222222222223,0.17063492063492064
3892,10,0.2,ILP-PA1,-6.3903185965017695,-0.1111111111111111,0.19644049117354218
3893,10,0.2,ILP-PA2,-12.55749364168933,0.24444444444444444,0.20229533040465275
3894,10,0.3,ReverseLPA,-22.116964420724834,-0.022222222222222223,0.20370370370370372
3895,10,0.3,ILP-PA1,-12.841856930056082,0.19999999999999998,0.29166666666666663
3896,10,0.3,ILP-PA2,-13.555206817933545,0.15555555555555553,0.2969576719576719
3897,10,0.4,ReverseLPA,-16.914675236366094,-0.022222222222222223,0.18597883597883597
3898,10,0.4,ILP-PA1,-10.711361144562664,0.15555555555555553,0.1342477383177455
3899,10,0.4,ILP-PA2,-14.587245103374936,-0.37777777777777777,0.13971286712347022
3900,10,0.5,ReverseLPA,-18.71497387511852,-0.4222222222222222,0.313718820861678
3901,10,0.5,ILP-PA1,-17.328679513998633,-0.06666666666666667,0.14912765240406411
3902,10,0.5,ILP-PA2,-17.328679513998633,-0.06666666666666667,0.14912765240406411
3903,10,0.6,ReverseLPA,-24.69839706303692,0.3333333333333333,0.30719954648526077
3904,10,0.6,ILP-PA1,-18.9739546859532,0.4666666666666666,0.1426588116459235
3905,10,0.6,ILP-PA2,-5.408360830110245,0.37777777777777777,0.15521582750000998
3906,10,0.7,ReverseLPA,-21.045380640646925,0.022222222222222223,0.20171012849584274
3907,10,0.7,ILP-PA1,-5.751968076610202,-0.28888888888888886,0.16238767622142009
3908,10,0.7,ILP-PA2,-5.751968076610202,-0.28888888888888886,0.16238767622142009
3909,10,0.8,ReverseLPA,-20.462384044155936,-0.15555555555555553,0.2134542705971277
3910,10,0.8,ILP-PA1,-9.115474265506919,-0.1111111111111111,0.13641726879446725
3911,10,0.8,ILP-PA2,-13.673211398260378,-0.15555555555555553,0.1565378725657926
3912,10,0.9,ReverseLPA,-22.740461885923246,0.19999999999999998,0.3602324263038548
3913,10,0.9,ILP-PA1,-9.12032610779649,0.6,0.16300416185271197
3914,10,0.9,ILP-PA2,-9.12032610779649,0.6,0.16300416185271197
3915,10,0.1,ReverseLPA,-21.566149962209018,-0.3333333333333333,0.5631519274376418
3916,10,0.1,ILP-PA1,-18.014584932799192,0.19999999999999998,0.16894436888857903
3917,10,0.1,ILP-PA2,-12.777251652864143,0.6,0.16667351916481787
3918,10,0.2,ReverseLPA,-19.488965447288777,-0.19999999999999998,0.1883881330309902
3919,10,0.2,ILP-PA1,-2.5020121176909393,-0.3333333333333333,0.18189263449885815
3920,10,0.2,ILP-PA2,-2.5020121176909393,-0.1111111111111111,0.17467443393064372
3921,10,0.3,ReverseLPA,-24.52491002937671,-0.022222222222222223,0.17989417989417986
3922,10,0.3,ILP-PA1,-4.191320328345534,-0.19999999999999998,0.18395691609977322
3923,10,0.3,ILP-PA2,-18.23715006272755,0.1111111111111111,0.18871882086167796
3924,10,0.4,ReverseLPA,-18.747256700114406,-0.1111111111111111,0.1929232804232804
3925,10,0.4,ILP-PA1,-18.65787313897972,0.4666666666666666,0.14676380992887542
3926,10,0.4,ILP-PA2,-8.15723302573271,-0.1111111111111111,0.1788703177190739
3927,10,0.5,ReverseLPA,-24.260151319598084,-0.15555555555555553,0.18928571428571425
3928,10,0.5,ILP-PA1,-9.704060527839234,-0.1111111111111111,0.13895876682158403
3929,10,0.5,ILP-PA2,-5.545177444479562,-0.022222222222222223,0.16666666666666666
3930,10,0.6,ReverseLPA,-19.59014082537702,0.1111111111111111,0.1746031746031746
3931,10,0.6,ILP-PA1,-4.686814175028601,0.15555555555555553,0.1746031746031746
3932,10,0.6,ILP-PA2,-4.686814175028601,0.15555555555555553,0.1746031746031746
3933,10,0.7,ReverseLPA,-20.68870569670819,-0.19999999999999998,0.4315759637188209
3934,10,0.7,ILP-PA1,-18.72777297917602,0.15555555555555553,0.1644121592906965
3935,10,0.7,ILP-PA2,-8.293861657771814,0.022222222222222223,0.34017384731670447
3936,10,0.8,ReverseLPA,-19.346666287584885,0.28888888888888886,0.19404761904761905
3937,10,0.8,ILP-PA1,-13.003780744317748,-0.28888888888888886,0.16155822725890356
3938,10,0.8,ILP-PA2,-28.6044397127957,0.1111111111111111,0.1375956346257271
3939,10,0.9,ReverseLPA,-22.529740854607596,0.15555555555555553,0.2404950869236583
3940,10,0.9,ILP-PA1,-14.673740934705018,-0.06666666666666667,0.21503212396069538
3941,10,0.9,ILP-PA2,-3.145469218256656,-0.19999999999999998,0.2413454270597128
3942,10,0.1,ReverseLPA,-21.566149962209018,-0.3333333333333333,0.5578703703703703
3943,10,0.1,ILP-PA1,-10.790748106843576,0.3333333333333333,0.1462876359413291
3944,10,0.1,ILP-PA2,-18.436026995430495,0.37777777777777777,0.15153355619487768
3945,10,0.2,ReverseLPA,-21.098403359722884,-0.1111111111111111,0.19576719576719576
3946,10,0.2,ILP-PA1,-13.943788002809221,0.4666666666666666,0.15267796248894552
3947,10,0.2,ILP-PA2,-14.16693155412343,0.4222222222222222,0.15532346513444817
3948,10,0.3,ReverseLPA,-20.9129916163989,-0.15555555555555553,0.32916666666666666
3949,10,0.3,ILP-PA1,-4.191320328345534,0.24444444444444444,0.16144419055349435
3950,10,0.3,ILP-PA2,-16.81045028697262,0.37777777777777777,0.16541653456332955
3951,10,0.4,ReverseLPA,-25.161291823233494,0.022222222222222223,0.18617724867724864
3952,10,0.4,ILP-PA1,-24.77180366964847,0.3333333333333333,0.14278424327899508
3953,10,0.4,ILP-PA2,-4.792174690686428,-0.06666666666666667,0.16499184288808671
3954,10,0.5,ReverseLPA,-23.56700413903814,0.3333333333333333,0.18796296296296294
3955,10,0.5,ILP-PA1,-6.931471805599453,-0.8222222222222221,0.17825376171925544
3956,10,0.5,ILP-PA2,-6.931471805599453,-0.8222222222222221,0.17825376171925544
3957,10,0.6,ReverseLPA,-19.590140825377016,-0.19999999999999998,0.18597883597883597
3958,10,0.6,ILP-PA1,-19.063338247087884,0.1111111111111111,0.1845238095238095
3959,10,0.6,ILP-PA2,-19.063338247087884,0.1111111111111111,0.1845238095238095
3960,10,0.7,ReverseLPA,-21.75873052852439,0.6444444444444444,0.1772486772486772
3961,10,0.7,ILP-PA1,-14.13460873330127,0.24444444444444444,0.14325122543771127
3962,10,0.7,ILP-PA2,-14.13460873330127,0.24444444444444444,0.14325122543771127
3963,10,0.8,ReverseLPA,-20.685527595470145,0.37777777777777777,0.1853174603174603
3964,10,0.8,ILP-PA1,-10.454335573392177,-0.3333333333333333,0.1442300227726048
3965,10,0.8,ILP-PA2,-18.677235633642255,0.3333333333333333,0.1512510995550167
3966,10,0.9,ReverseLPA,-22.740461885923246,0.37777777777777777,0.36287792894935755
3967,10,0.9,ILP-PA1,-6.92310153046027,0.3333333333333333,0.15952743493991886
3968,10,0.9,ILP-PA2,-1.7911287661830468,-0.3333333333333333,0.15058555581482505
3969,10,0.1,ReverseLPA,-19.263564869214974,-0.5555555555555555,0.30357142857142855
3970,10,0.1,ILP-PA1,-17.909224417141367,0.022222222222222223,0.2939009807001121
3971,10,0.1,ILP-PA2,-17.698503385825713,0.28888888888888886,0.2784324882946623
3972,10,0.2,ReverseLPA,-17.87952753485468,-0.6444444444444444,0.5671768707482993
3973,10,0.2,ILP-PA1,-16.668943671814368,0.19999999999999998,0.24650618453572365
3974,10,0.2,ILP-PA2,-12.111206539060909,0.6444444444444444,0.14585855922431828
3975,10,0.3,ReverseLPA,-18.50504600774703,-0.06666666666666667,0.43849206349206354
3976,10,0.3,ILP-PA1,-5.0386181887327375,-0.24444444444444444,0.15045272668523094
3977,10,0.3,ILP-PA2,-6.733213909507146,0.24444444444444444,0.17181894266360298
3978,10,0.4,ReverseLPA,-15.998384504491938,-0.1111111111111111,0.4243669690098262
3979,10,0.4,ILP-PA1,-21.21200125780967,-0.022222222222222223,0.14950244786983308
3980,10,0.4,ILP-PA2,-11.627651876436818,-0.19999999999999998,0.1600888312046068
3981,10,0.5,ReverseLPA,-21.487562597358302,-0.4222222222222222,0.19007936507936504
3982,10,0.5,ILP-PA1,-4.1588830833596715,0.28888888888888886,0.14441390596781156
3983,10,0.5,ILP-PA2,-15.942385152878742,-0.3333333333333333,0.16121475077874797
3984,10,0.6,ReverseLPA,-24.69839706303692,-0.28888888888888886,0.34360355253212393
3985,10,0.6,ILP-PA1,-17.14137322220489,-0.19999999999999998,0.33722600151171583
3986,10,0.6,ILP-PA2,-17.14137322220489,-0.19999999999999998,0.33722600151171583
3987,10,0.7,ReverseLPA,-19.975355808830727,-0.24444444444444444,0.4261904761904762
3988,10,0.7,ILP-PA1,-20.511147698869685,-0.1111111111111111,0.15951014107404216
3989,10,0.7,ILP-PA2,-20.511147698869685,-0.1111111111111111,0.15951014107404216
3990,10,0.8,ReverseLPA,-20.462384044155932,0.022222222222222223,0.423015873015873
3991,10,0.8,ILP-PA1,-16.44580012050016,0.15555555555555553,0.16262613886943983
3992,10,0.8,ILP-PA2,-8.89233071419271,-0.15555555555555553,0.432001133786848
3993,10,0.9,ReverseLPA,-22.951182917238896,0.24444444444444444,0.4883030990173847
3994,10,0.9,ILP-PA1,-5.88484262536014,0.28888888888888886,0.1860798869811523
3995,10,0.9,ILP-PA2,-5.88484262536014,0.24444444444444444,0.1860798869811523
3996,10,0.1,ReverseLPA,-26.17132014819711,-0.06666666666666667,0.31140400604686314
3997,10,0.1,ILP-PA1,-10.474666559870098,0.1111111111111111,0.15965074953449623
3998,10,0.1,ILP-PA2,-18.119945448457017,-0.06666666666666667,0.14715923054156663
3999,10,0.2,ReverseLPA,-25.926717097025183,0.022222222222222223,0.1746031746031746
4000,10,0.2,ILP-PA1,-4.3345935814392496,-0.06666666666666667,0.1879251700680272
4001,10,0.2,ILP-PA2,-4.3345935814392496,0.06666666666666667,0.3178854875283447
4002,10,0.3,ReverseLPA,-25.72888283370264,-0.19999999999999998,0.18617724867724864
4003,10,0.3,ILP-PA1,-12.217286041097871,0.24444444444444444,0.13791245560083648
4004,10,0.3,ILP-PA2,-25.549765887602423,-0.1111111111111111,0.1604039674805723
4005,10,0.4,ReverseLPA,-15.998384504491938,0.19999999999999998,0.16666666666666666
4006,10,0.4,ILP-PA1,-5.4083608301102455,0.19999999999999998,0.1445305391016434
4007,10,0.4,ILP-PA2,-17.846942922763393,0.24444444444444444,0.16794435433732674
4008,10,0.5,ReverseLPA,-24.260151319598084,0.06666666666666667,0.18055555555555555
4009,10,0.5,ILP-PA1,-18.714973875118524,-0.28888888888888886,0.19926303854875282
4010,10,0.5,ILP-PA2,-18.714973875118524,-0.28888888888888886,0.19926303854875282
4011,10,0.6,ReverseLPA,-18.057663954079047,-0.022222222222222223,0.4126984126984126
4012,10,0.6,ILP-PA1,-15.893023988834113,0.5555555555555555,0.1471484834881858
4013,10,0.6,ILP-PA2,-15.893023988834113,0.5555555555555555,0.1471484834881858
4014,10,0.7,ReverseLPA,-21.40205558458566,0.15555555555555553,0.2029383975812547
4015,10,0.7,ILP-PA1,-16.185879398014407,-0.022222222222222223,0.14373748263673897
4016,10,0.7,ILP-PA2,-16.185879398014407,-0.022222222222222223,0.14373748263673897
4017,10,0.8,ReverseLPA,-21.354958249412775,0.4666666666666666,0.23050831443688585
4018,10,0.8,ILP-PA1,-12.286917037140487,0.022222222222222223,0.14064756939262452
4019,10,0.8,ILP-PA2,-10.900622676020596,0.022222222222222223,0.1745166774065382
4020,10,0.9,ReverseLPA,-22.529740854607596,-0.06666666666666667,0.21931216931216932
4021,10,0.9,ILP-PA1,-13.514775262468929,0.06666666666666667,0.15658512114911832
4022,10,0.9,ILP-PA2,-12.476516357368798,-0.15555555555555553,0.3038517850760123
4023,10,0.1,ReverseLPA,-23.86873505520306,-0.28888888888888886,0.22028533635676492
4024,10,0.1,ILP-PA1,-8.172081466876051,-0.022222222222222223,0.16620259211118932
4025,10,0.1,ILP-PA2,-4.92125173296157,-0.022222222222222223,0.1999821326803602
4026,10,0.2,ReverseLPA,-19.48896544728878,-0.15555555555555553,0.3261904761904762
4027,10,0.2,ILP-PA1,-4.11145003012504,0.4222222222222222,0.27011349378155947
4028,10,0.2,ILP-PA2,-10.724912177941018,-0.1111111111111111,0.19139049020720902
4029,10,0.3,ReverseLPA,-19.709018812072966,0.4222222222222222,0.17965797430083144
4030,10,0.3,ILP-PA1,-8.025965712752337,-0.37777777777777777,0.3167989417989418
4031,10,0.3,ILP-PA2,-10.433911321404208,-0.3333333333333333,0.3218442932728647
4032,10,0.4,ReverseLPA,-18.747256700114406,0.15555555555555553,0.18796296296296297
4033,10,0.4,ILP-PA1,-15.098070727140927,-0.3333333333333333,0.17857105986668861
4034,10,0.4,ILP-PA2,-15.098070727140927,-0.15555555555555553,0.1832010582010582
4035,10,0.5,ReverseLPA,-18.021826694558577,-0.1111111111111111,0.4253968253968254
4036,10,0.5,ILP-PA1,-20.79441541679836,-0.1111111111111111,0.2183862433862434
4037,10,0.5,ILP-PA2,-11.78350206951907,0.24444444444444444,0.14962691307714907
4038,10,0.6,ReverseLPA,-22.65509456797296,-0.1111111111111111,0.32037037037037036
4039,10,0.6,ILP-PA1,-5.813825938218409,-0.06666666666666667,0.14752942129993088
4040,10,0.6,ILP-PA2,-6.519395638776911,0.022222222222222223,0.31984126984126987
4041,10,0.7,ReverseLPA,-20.688705696708197,0.24444444444444444,0.29166666666666663
4042,10,0.7,ILP-PA1,-11.147261209281673,0.06666666666666667,0.15746869473993858
4043,10,0.7,ILP-PA2,-11.147261209281673,0.06666666666666667,0.15746869473993858
4044,10,0.8,ReverseLPA,-20.462384044155936,-0.1111111111111111,0.29642857142857143
4045,10,0.8,ILP-PA1,-16.44580012050016,0.5555555555555555,0.16850125597548316
4046,10,0.8,ILP-PA2,-16.44580012050016,0.5555555555555555,0.16850125597548316
4047,10,0.9,ReverseLPA,-22.31901982329194,-0.19999999999999998,0.5643424036281179
4048,10,0.9,ILP-PA1,-5.237333279935049,-0.8666666666666666,0.5736961451247166
4049,10,0.9,ILP-PA2,-5.237333279935049,-0.8666666666666666,0.5736961451247166
4050,10,0.1,ReverseLPA,-21.566149962209018,0.06666666666666667,0.3073034769463341
4051,10,0.1,ILP-PA1,-10.474666559870098,0.6444444444444444,0.15008092776977636
4052,10,0.1,ILP-PA2,-5.448054311250702,-0.28888888888888886,0.31531808835591507
4053,10,0.2,ReverseLPA,-24.31727918459108,-0.15555555555555553,0.29100529100529104
4054,10,0.2,ILP-PA1,-5.004024235381879,-0.1111111111111111,0.1749288479948487
4055,10,0.2,ILP-PA2,-7.553469406307451,-0.022222222222222223,0.20307067271352983
4056,10,0.3,ReverseLPA,-14.893127594769222,-0.24444444444444444,0.29642857142857143
4057,10,0.3,ILP-PA1,-4.5479952722842665,-0.4666666666666666,0.15879493088406127
4058,10,0.3,ILP-PA2,-9.809340432445998,-0.06666666666666667,0.1728719716886905
4059,10,0.4,ReverseLPA,-23.328710359485182,0.022222222222222223,0.29365079365079366
4060,10,0.4,ILP-PA1,-22.32303606647634,-0.022222222222222223,0.15396879665472915
4061,10,0.4,ILP-PA2,-23.344687314008326,-0.06666666666666667,0.14122639925352304
4062,10,0.5,ReverseLPA,-18.021826694558577,-0.19999999999999998,0.30853174603174605
4063,10,0.5,ILP-PA1,-15.249237972318797,0.022222222222222223,0.15766773706883744
4064,10,0.5,ILP-PA2,-6.931471805599452,-0.06666666666666667,0.14599260507608067
4065,10,0.6,ReverseLPA,-20.611792072909,0.5111111111111111,0.30317460317460315
4066,10,0.6,ILP-PA1,-11.822395953229329,-0.4222222222222222,0.19126984126984128
4067,10,0.6,ILP-PA2,-12.33322157699532,-0.022222222222222223,0.16160217528084753
4068,10,0.7,ReverseLPA,-19.975355808830727,0.37777777777777777,0.41904761904761906
4069,10,0.7,ILP-PA1,-5.0386181887327375,-0.37777777777777777,0.17627486960281347
4070,10,0.7,ILP-PA2,-5.0386181887327375,-0.4666666666666666,0.42727702191987904
4071,10,0.8,ReverseLPA,-20.685527595470145,-0.06666666666666667,0.44493575207860925
4072,10,0.8,ILP-PA1,-16.175223515951316,0.4222222222222222,0.17445133999653417
4073,10,0.8,ILP-PA2,-16.175223515951316,0.4222222222222222,0.17445133999653417
4074,10,0.9,ReverseLPA,-22.31901982329194,0.15555555555555553,0.34512471655328797
4075,10,0.9,ILP-PA1,-0.7375236096047839,0.3333333333333333,0.17806564010732312
4076,10,0.9,ILP-PA2,-9.737142950265316,-0.15555555555555553,0.34512471655328797
4077,10,0.1,ReverseLPA,-19.263564869214974,-0.1111111111111111,0.8968253968253969
4078,10,0.1,ILP-PA1,-17.909224417141367,-0.06666666666666667,0.34839925285699436
4079,10,0.1,ILP-PA2,-18.225305964114845,0.06666666666666667,0.15109595787529206
4080,10,0.2,ReverseLPA,-21.098403359722877,0.1111111111111111,0.3257275132275132
4081,10,0.2,ILP-PA1,-6.3903185965017695,0.3333333333333333,0.15574477054200692
4082,10,0.2,ILP-PA2,-12.063773485826276,0.24444444444444444,0.13785476458500706
4083,10,0.3,ReverseLPA,-24.524910029376706,-0.15555555555555553,0.17857142857142858
4084,10,0.3,ILP-PA1,-16.18587939801441,0.3333333333333333,0.1418808132768576
4085,10,0.3,ILP-PA2,-15.472529510136948,-0.1111111111111111,0.18783068783068785
4086,10,0.4,ReverseLPA,-24.245001091359338,-0.19999999999999998,0.18673469387755098
4087,10,0.4,ILP-PA1,-12.543942608310974,0.5555555555555555,0.1746031746031746
4088,10,0.4,ILP-PA2,-12.543942608310974,0.6,0.1746031746031746
4089,10,0.5,ReverseLPA,-18.71497387511852,-0.24444444444444444,0.17989417989417986
4090,10,0.5,ILP-PA1,-10.39720770839918,-0.022222222222222223,0.18339733046828363
4091,10,0.5,ILP-PA2,-14.556090791758852,0.3333333333333333,0.14546798787584442
4092,10,0.6,ReverseLPA,-23.676745815504944,0.15555555555555553,0.2074074074074074
4093,10,0.6,ILP-PA1,-13.054768232076963,0.022222222222222223,0.1572330488514463
4094,10,0.6,ILP-PA2,-13.054768232076963,0.022222222222222223,0.1572330488514463
4095,10,0.7,ReverseLPA,-19.975355808830727,-0.1111111111111111,0.31848072562358276
4096,10,0.7,ILP-PA1,-9.675392459936258,-0.4222222222222222,0.2002217964713465
4097,10,0.7,ILP-PA2,-14.357335704730264,-0.28888888888888886,0.19932526522924401
4098,10,0.8,ReverseLPA,-20.016096941527515,0.1111111111111111,0.18650793650793648
4099,10,0.8,ILP-PA1,-8.621754109643867,-0.28888888888888886,0.16956737263766308
4100,10,0.8,ILP-PA2,-13.003780744317748,-0.24444444444444444,0.157386398226887
4101,10,0.9,ReverseLPA,-22.529740854607596,0.24444444444444444,0.20161564625850342
4102,10,0.9,ILP-PA1,-9.331047139112142,-0.3333333333333333,0.3465923949597802
4103,10,0.9,ILP-PA2,-9.331047139112142,-0.3333333333333333,0.3465923949597802
4104,10,0.1,ReverseLPA,-19.263564869214974,-0.24444444444444444,0.22037981859410435
4105,10,0.1,ILP-PA1,-15.711999839805149,0.6,0.19707812671190095
4106,10,0.1,ILP-PA2,-15.817360355462974,-0.06666666666666667,0.22958079316813296
4107,10,0.2,ReverseLPA,-19.488965447288777,0.06666666666666667,0.1756897203325775
4108,10,0.2,ILP-PA1,-15.728936413322897,0.28888888888888886,0.15951685909741997
4109,10,0.2,ILP-PA2,-13.896354949574587,0.15555555555555553,0.14530940002038897
4110,10,0.3,ReverseLPA,-20.9129916163989,-0.3333333333333333,0.3229780801209373
4111,10,0.3,ILP-PA1,-15.115854566198214,0.4666666666666666,0.14629372357212886
4112,10,0.3,ILP-PA2,-4.3252683008552735,0.022222222222222223,0.16537042215848197
4113,10,0.4,ReverseLPA,-23.328710359485182,0.15555555555555553,0.20042517006802715
4114,10,0.4,ILP-PA1,-9.584349381372856,-0.1111111111111111,0.16052325691302893
4115,10,0.4,ILP-PA2,-12.438582092653146,-0.1111111111111111,0.19484126984126984
4116,10,0.5,ReverseLPA,-16.635532333438686,-0.3333333333333333,0.18759448223733935
4117,10,0.5,ILP-PA1,-12.476649250079014,-0.06666666666666667,0.18013178814024133
4118,10,0.5,ILP-PA2,-14.556090791758852,0.022222222222222223,0.1558080913372387
4119,10,0.6,ReverseLPA,-20.10096644914301,-0.24444444444444444,0.42063492063492064
4120,10,0.6,ILP-PA1,-4.686814175028601,-0.19999999999999998,0.17189837606206643
4121,10,0.6,ILP-PA2,-4.686814175028601,-0.19999999999999998,0.17189837606206643
4122,10,0.7,ReverseLPA,-19.975355808830727,-0.37777777777777777,0.212651171579743
4123,10,0.7,ILP-PA1,-4.191320328345534,0.37777777777777777,0.18055555555555555
4124,10,0.7,ILP-PA2,-4.191320328345534,0.37777777777777777,0.18055555555555555
4125,10,0.8,ReverseLPA,-20.239240492841724,-0.19999999999999998,0.3353835978835979
4126,10,0.8,ILP-PA1,-16.844654169893946,0.19999999999999998,0.14741787492014052
4127,10,0.8,ILP-PA2,-14.788929154831425,0.19999999999999998,0.15148253059416705
4128,10,0.9,ReverseLPA,-22.529740854607596,0.19999999999999998,0.44876228269085416
4129,10,0.9,ILP-PA1,-15.095182997336325,-0.06666666666666667,0.18520866739802344
4130,10,0.9,ILP-PA2,-15.095182997336325,-0.06666666666666667,0.18520866739802344
4131,10,0.1,ReverseLPA,-19.263564869214974,-0.06666666666666667,0.3098544973544974
4132,10,0.1,ILP-PA1,-16.133441902436452,0.24444444444444444,0.19956079676229313
4133,10,0.1,ILP-PA2,-16.66024448072558,0.6888888888888888,0.17998899116212735
4134,10,0.2,ReverseLPA,-17.87952753485468,-0.15555555555555553,0.2193405139833711
4135,10,0.2,ILP-PA1,-12.111206539060909,0.06666666666666667,0.14484856129136417
4136,10,0.2,ILP-PA2,-8.22290006025008,-0.022222222222222223,0.29405359481926563
4137,10,0.3,ReverseLPA,-19.709018812072966,-0.06666666666666667,0.1832010582010582
4138,10,0.3,ILP-PA1,-8.159913685262076,-0.022222222222222223,0.17720033173630162
4139,10,0.3,ILP-PA2,-8.516588629200808,0.022222222222222223,0.18100396060786528
4140,10,0.4,ReverseLPA,-19.66354743198856,-0.1111111111111111,0.2969576719576719
4141,10,0.4,ILP-PA1,-18.147047515213732,0.28888888888888886,0.14227963026903498
4142,10,0.4,ILP-PA2,-9.178884273264691,-0.15555555555555553,0.15442563427272513
4143,10,0.5,ReverseLPA,-19.408121055678468,0.37777777777777777,0.19226190476190474
4144,10,0.5,ILP-PA1,-4.1588830833596715,-0.4666666666666666,0.18403936055823736
4145,10,0.5,ILP-PA2,-4.1588830833596715,-0.4666666666666666,0.18403936055823736
4146,10,0.6,ReverseLPA,-21.12261769667499,0.19999999999999998,0.18551587301587302
4147,10,0.6,ILP-PA1,-9.073523757606864,0.15555555555555553,0.15603791885181995
4148,10,0.6,ILP-PA2,-6.113930530668746,-0.3333333333333333,0.20313681027966743
4149,10,0.7,ReverseLPA,-21.045380640646925,0.022222222222222223,0.1772486772486772
4150,10,0.7,ILP-PA1,-4.414047299774528,-0.022222222222222223,0.1696011524592812
4151,10,0.7,ILP-PA2,-4.414047299774528,-0.022222222222222223,0.1696011524592812
4152,10,0.8,ReverseLPA,-21.578101800726984,0.4222222222222222,0.3223167044595616
4153,10,0.8,ILP-PA1,-13.402634793711535,0.3333333333333333,0.1612646101581635
4154,10,0.8,ILP-PA2,-13.402634793711535,0.3333333333333333,0.1612646101581635
4155,10,0.9,ReverseLPA,-22.31901982329194,-0.06666666666666667,0.4676114890400605
4156,10,0.9,ILP-PA1,-12.777251652864145,-0.4222222222222222,0.16735379223718444
4157,10,0.9,ILP-PA2,-13.409414746811102,-0.4222222222222222,0.15055992327435522
4158,10,0.1,ReverseLPA,-21.566149962209018,-0.15555555555555553,0.18759448223733938
4159,10,0.1,ILP-PA1,-18.225305964114845,0.6444444444444444,0.18870219165997515
4160,10,0.1,ILP-PA2,-5.658775342566354,0.28888888888888886,0.1671172678916676
4161,10,0.2,ReverseLPA,-17.87952753485468,-0.1111111111111111,0.385071806500378
4162,10,0.2,ILP-PA1,-9.60919442136997,0.06666666666666667,0.5367063492063492
4163,10,0.2,ILP-PA2,-15.77636946655753,0.1111111111111111,0.2058399447225719
4164,10,0.3,ReverseLPA,-18.50504600774703,-0.24444444444444444,0.2039304610733182
4165,10,0.3,ILP-PA1,-9.363886489588012,-0.24444444444444444,0.19151763542340702
4166,10,0.3,ILP-PA2,-6.8219929084264,0.37777777777777777,0.14955889683253726
4167,10,0.4,ReverseLPA,-19.66354743198856,0.3333333333333333,0.16666666666666666
4168,10,0.4,ILP-PA1,-3.4704188507041085,0.1111111111111111,0.17335409989082706
4169,10,0.4,ILP-PA2,-9.178884273264691,-0.37777777777777777,0.13881797691054193
4170,10,0.5,ReverseLPA,-20.79441541679836,-0.1111111111111111,0.19169501133786845
4171,10,0.5,ILP-PA1,-23.56700413903814,0.5111111111111111,0.1420262555285412
4172,10,0.5,ILP-PA2,-5.545177444479562,-0.1111111111111111,0.18617724867724864
4173,10,0.6,ReverseLPA,-21.633443320440982,0.022222222222222223,0.17936507936507937
4174,10,0.6,ILP-PA1,-18.357768546529382,0.19999999999999998,0.15441072339860867
4175,10,0.6,ILP-PA2,-18.357768546529382,0.19999999999999998,0.15441072339860867
4176,10,0.7,ReverseLPA,-21.045380640646925,0.15555555555555553,0.30932539682539684
4177,10,0.7,ILP-PA1,-5.751968076610202,-0.5111111111111111,0.3254251700680272
4178,10,0.7,ILP-PA2,-5.751968076610202,-0.5111111111111111,0.3254251700680272
4179,10,0.8,ReverseLPA,-20.462384044155936,0.19999999999999998,0.20548941798941797
4180,10,0.8,ILP-PA1,-4.780880684067669,-0.19999999999999998,0.17395291588915163
4181,10,0.8,ILP-PA2,-4.780880684067669,-0.19999999999999998,0.17395291588915163
4182,10,0.9,ReverseLPA,-22.31901982329194,-0.1111111111111111,0.5613662131519275
4183,10,0.9,ILP-PA1,-10.580027075527925,0.4666666666666666,0.1542703063343035
4184,10,0.9,ILP-PA2,-10.580027075527925,0.4666666666666666,0.1542703063343035
4185,10,0.1,ReverseLPA,-19.263564869214974,-0.6,0.5619047619047619
4186,10,0.1,ILP-PA1,-15.711999839805145,0.1111111111111111,0.19403372871285693
4187,10,0.1,ILP-PA2,-15.922720871120799,0.8222222222222221,0.17428133687303346
4188,10,0.2,ReverseLPA,-17.879527534854677,-0.37777777777777777,0.5311791383219955
4189,10,0.2,ILP-PA1,-15.106938812614901,0.1111111111111111,0.19054845480690796
4190,10,0.2,ILP-PA2,-15.330082363929112,0.1111111111111111,0.1957567881402413
4191,10,0.3,ReverseLPA,-17.301073203421094,0.022222222222222223,0.18527966742252455
4192,10,0.3,ILP-PA1,-17.12195625732087,0.28888888888888886,0.15545366723935908
4193,10,0.3,ILP-PA2,-17.12195625732087,0.28888888888888886,0.15545366723935908
4194,10,0.4,ReverseLPA,-22.412419627611026,-0.28888888888888886,0.30767195767195765
4195,10,0.4,ILP-PA1,-7.030221262542902,-0.24444444444444444,0.2497841711939207
4196,10,0.4,ILP-PA2,-24.77180366964847,0.06666666666666667,0.17646395496691436
4197,10,0.5,ReverseLPA,-23.567004139038136,-0.19999999999999998,0.19126984126984128
4198,10,0.5,ILP-PA1,-6.238324625039508,-0.06666666666666667,0.21408730158730155
4199,10,0.5,ILP-PA2,-6.238324625039508,-0.06666666666666667,0.21408730158730155
4200,10,0.6,ReverseLPA,-21.12261769667499,0.28888888888888886,0.19603174603174603
4201,10,0.6,ILP-PA1,-6.113930530668746,0.1111111111111111,0.17083948758031492
4202,10,0.6,ILP-PA2,-6.113930530668746,0.1111111111111111,0.17083948758031492
4203,10,0.7,ReverseLPA,-20.68870569670819,-0.28888888888888886,0.6645124716553289
4204,10,0.7,ILP-PA1,-12.573960985036603,-0.37777777777777777,0.1546342769532103
4205,10,0.7,ILP-PA2,-12.573960985036603,-0.37777777777777777,0.1546342769532103
4206,10,0.8,ReverseLPA,-21.354958249412775,-0.06666666666666667,0.47441421012849583
4207,10,0.8,ILP-PA1,-10.677479124706387,0.4222222222222222,0.4563681027966742
4208,10,0.8,ILP-PA2,-10.900622676020596,0.24444444444444444,0.45239984882842027
4209,10,0.9,ReverseLPA,-22.740461885923246,0.28888888888888886,0.46496598639455783
4210,10,0.9,ILP-PA1,-8.08206720269636,0.1111111111111111,0.1447164248146478
4211,10,0.9,ILP-PA2,-8.08206720269636,0.1111111111111111,0.1447164248146478
4212,10,0.1,ReverseLPA,-19.263564869214974,-0.19999999999999998,0.46059145880574454
4213,10,0.1,ILP-PA1,-14.974476230200363,0.19999999999999998,0.1445099775997195
4214,10,0.1,ILP-PA2,-12.987972684179795,0.37777777777777777,0.16529255997157566
4215,10,0.2,ReverseLPA,-21.09840335972288,-0.37777777777777777,0.17006802721088435
4216,10,0.2,ILP-PA1,-11.66491943643249,-0.06666666666666667,0.18583550642849092
4217,10,0.2,ILP-PA2,-16.668943671814368,0.022222222222222223,0.14765747693622658
4218,10,0.3,ReverseLPA,-19.709018812072962,0.4222222222222222,0.29166666666666663
4219,10,0.3,ILP-PA1,-5.751968076610202,-0.022222222222222223,0.14806247968210792
4220,10,0.3,ILP-PA2,-15.695256481565941,-0.24444444444444444,0.31140400604686314
4221,10,0.4,ReverseLPA,-19.66354743198856,-0.1111111111111111,0.2972883597883597
4222,10,0.4,ILP-PA1,-10.305896036454499,0.06666666666666667,0.1746031746031746
4223,10,0.4,ILP-PA2,-10.305896036454499,0.06666666666666667,0.1746031746031746
4224,10,0.5,ReverseLPA,-18.021826694558577,-0.15555555555555553,0.4194444444444444
4225,10,0.5,ILP-PA1,-17.328679513998633,0.19999999999999998,0.1559612480620075
4226,10,0.5,ILP-PA2,-17.328679513998633,0.19999999999999998,0.1559612480620075
4227,10,0.6,ReverseLPA,-22.65509456797296,0.022222222222222223,0.17857142857142858
4228,10,0.6,ILP-PA1,-5.813825938218409,-0.06666666666666667,0.17936507936507937
4229,10,0.6,ILP-PA2,-19.379419794061363,-0.24444444444444444,0.15748495945851376
4230,10,0.7,ReverseLPA,-22.47208041640185,-0.1111111111111111,0.22602040816326532
4231,10,0.7,ILP-PA1,-18.414708060566063,0.3333333333333333,0.2188114134542706
4232,10,0.7,ILP-PA2,-18.414708060566063,0.3333333333333333,0.2188114134542706
4233,10,0.8,ReverseLPA,-20.462384044155936,-0.19999999999999998,0.24581443688586546
4234,10,0.8,ILP-PA1,-15.059505759380269,0.8666666666666666,0.1707831592137311
4235,10,0.8,ILP-PA2,-15.059505759380269,0.8666666666666666,0.1707831592137311
4236,10,0.9,ReverseLPA,-22.951182917238896,0.1111111111111111,0.7982804232804233
4237,10,0.9,ILP-PA1,-4.72587695312405,-0.37777777777777777,0.25612215818615536
4238,10,0.9,ILP-PA2,-0.9482446409204366,-0.37777777777777777,0.8988095238095238
4239,10,0.1,ReverseLPA,-19.263564869214974,-0.06666666666666667,0.21147014361300073
4240,10,0.1,ILP-PA1,-18.33066647977267,0.24444444444444444,0.24329549523946248
4241,10,0.1,ILP-PA2,-16.238802418094277,0.6888888888888888,0.18102582630996167
4242,10,0.2,ReverseLPA,-14.66065170998648,0.15555555555555553,0.3214569160997732
4243,10,0.2,ILP-PA1,-17.115230774442786,0.3333333333333333,0.21425813303407282
4244,10,0.2,ILP-PA2,-14.836362208066058,0.15555555555555553,0.19303707718601498
4245,10,0.3,ReverseLPA,-26.93285563802858,0.1111111111111111,0.29100529100529104
4246,10,0.3,ILP-PA1,-22.78514533501182,-0.4666666666666666,0.1524236974331125
4247,10,0.3,ILP-PA2,-22.78514533501182,-0.4666666666666666,0.1524236974331125
4248,10,0.4,ReverseLPA,-21.49612889573687,0.4666666666666666,0.18234126984126986
4249,10,0.4,ILP-PA1,-13.054768232076965,0.3333333333333333,0.2857142857142857
4250,10,0.4,ILP-PA2,-13.054768232076965,0.3333333333333333,0.2857142857142857
4251,10,0.5,ReverseLPA,-20.10126823623841,-0.4666666666666666,0.30436507936507934
4252,10,0.5,ILP-PA1,-4.852030263919617,0.19999999999999998,0.1565969353808466
4253,10,0.5,ILP-PA2,-4.1588830833596715,0.022222222222222223,0.1565969353808466
4254,10,0.6,ReverseLPA,-21.12261769667499,-0.24444444444444444,0.4325680272108844
4255,10,0.6,ILP-PA1,-8.773419165156527,0.022222222222222223,0.3279761904761905
4256,10,0.6,ILP-PA2,-8.773419165156527,0.022222222222222223,0.3279761904761905
4257,10,0.7,ReverseLPA,-19.618680864892,0.022222222222222223,0.3103174603174604
4258,10,0.7,ILP-PA1,-10.433911321404207,0.19999999999999998,0.13664986225727158
4259,10,0.7,ILP-PA2,-10.433911321404207,0.19999999999999998,0.13664986225727158
4260,10,0.8,ReverseLPA,-21.354958249412775,0.37777777777777777,0.6647297808012093
4261,10,0.8,ILP-PA1,-9.514328314900705,0.1111111111111111,0.1431614692228293
4262,10,0.8,ILP-PA2,-3.394586322947778,0.1111111111111111,0.2762276807543594
4263,10,0.9,ReverseLPA,-22.529740854607596,0.1111111111111111,0.6849962207105065
4264,10,0.9,ILP-PA1,-7.555264624407228,0.4666666666666666,0.16527612958780577
4265,10,0.9,ILP-PA2,-12.476516357368798,0.4222222222222222,0.19711685358711403
4266,10,0.1,ReverseLPA,-28.473905241191154,-0.19999999999999998,0.3013888888888889
4267,10,0.1,ILP-PA1,-3.145469218256656,0.24444444444444444,0.15474015150639225
4268,10,0.1,ILP-PA2,-10.580027075527923,-0.022222222222222223,0.27044341761446833
4269,10,0.2,ReverseLPA,-16.27008962242058,0.19999999999999998,0.18574263038548752
4270,10,0.2,ILP-PA1,-13.226924295631957,0.19999999999999998,0.18706799155893458
4271,10,0.2,ILP-PA2,-13.450067846946167,0.1111111111111111,0.18318322747881155
4272,10,0.3,ReverseLPA,-19.709018812072966,-0.06666666666666667,0.19206349206349208
4273,10,0.3,ILP-PA1,-16.051931425504673,-0.022222222222222223,0.14577680000169863
4274,10,0.3,ILP-PA2,-16.408606369443405,0.15555555555555553,0.13922951499071207
4275,10,0.4,ReverseLPA,-22.412419627611026,-0.3333333333333333,0.19656084656084655
4276,10,0.4,ILP-PA1,-10.095175005138847,0.28888888888888886,0.15401671636548012
4277,10,0.4,ILP-PA2,-24.260978045882478,0.19999999999999998,0.19312169312169308
4278,10,0.5,ReverseLPA,-21.487562597358302,-0.06666666666666667,0.30102040816326525
4279,10,0.5,ILP-PA1,-4.1588830833596715,-0.6,0.17963752415429463
4280,10,0.5,ILP-PA2,-4.1588830833596715,-0.6,0.17963752415429463
4281,10,0.6,ReverseLPA,-19.59014082537702,0.15555555555555553,0.18551587301587302
4282,10,0.6,ILP-PA1,-5.708465422560582,0.022222222222222223,0.1526827285196627
4283,10,0.6,ILP-PA2,-20.595815118385858,-0.24444444444444444,0.2233371126228269
4284,10,0.7,ReverseLPA,-19.975355808830727,0.28888888888888886,0.30423280423280424
4285,10,0.7,ILP-PA1,-12.485181986117347,-0.24444444444444444,0.3006897203325774
4286,10,0.7,ILP-PA2,-13.911881761872277,0.1111111111111111,0.16727868869723783
4287,10,0.8,ReverseLPA,-19.792953390213306,-0.1111111111111111,0.3110733182161753
4288,10,0.8,ILP-PA1,-17.385807378991633,-0.4666666666666666,0.170282848179092
4289,10,0.8,ILP-PA2,-14.613218656751847,-0.5555555555555555,0.17735808458497127
4290,10,0.9,ReverseLPA,-22.529740854607596,-0.15555555555555553,0.6906179138321996
4291,10,0.9,ILP-PA1,-9.120326107796489,0.06666666666666667,0.18542920808552307
4292,10,0.9,ILP-PA2,-11.949713779079666,0.06666666666666667,0.18542920808552307
4293,10,0.1,ReverseLPA,-21.566149962209018,0.06666666666666667,0.17959183673469387
4294,10,0.1,ILP-PA1,-15.711999839805149,0.06666666666666667,0.19210121180122347
4295,10,0.1,ILP-PA2,-13.093333199837623,0.28888888888888886,0.19071302979722432
4296,10,0.2,ReverseLPA,-21.098403359722884,0.06666666666666667,0.1888227513227513
4297,10,0.2,ILP-PA1,-4.11145003012504,0.1111111111111111,0.2830621179242919
4298,10,0.2,ILP-PA2,-16.22265656918595,0.5111111111111111,0.1691237140682423
4299,10,0.3,ReverseLPA,-18.50504600774703,-0.19999999999999998,0.40873015873015867
4300,10,0.3,ILP-PA1,-4.904670216222999,0.15555555555555553,0.18042113999209314
4301,10,0.3,ILP-PA2,-5.751968076610202,0.37777777777777777,0.1619121940825813
4302,10,0.4,ReverseLPA,-17.83096596824025,-0.06666666666666667,0.1845238095238095
4303,10,0.4,ILP-PA1,-7.240942293858556,0.5111111111111111,0.14968328828796673
4304,10,0.4,ILP-PA2,-13.97105896395112,0.6,0.1746031746031746
4305,10,0.5,ReverseLPA,-21.487562597358302,-0.1111111111111111,0.29761904761904756
4306,10,0.5,ILP-PA1,-6.238324625039508,-0.022222222222222223,0.1592678740873349
4307,10,0.5,ILP-PA2,-8.317766166719343,-0.06666666666666667,0.1590141093280104
4308,10,0.6,ReverseLPA,-20.10096644914301,-0.4222222222222222,0.1746031746031746
4309,10,0.6,ILP-PA1,-11.011465737013001,-0.06666666666666667,0.15785310782733503
4310,10,0.6,ILP-PA2,-4.792174690686427,0.15555555555555553,0.15603791885181995
4311,10,0.7,ReverseLPA,-19.618680864892,-0.19999999999999998,0.18055555555555555
4312,10,0.7,ILP-PA1,-8.293861657771814,-0.24444444444444444,0.18055555555555555
4313,10,0.7,ILP-PA2,-6.733213909507144,-0.19999999999999998,0.18055555555555555
4314,10,0.8,ReverseLPA,-21.131814698098562,0.24444444444444444,0.19665532879818595
4315,10,0.8,ILP-PA1,-16.398367067265525,0.3333333333333333,0.17182826276716384
4316,10,0.8,ILP-PA2,-8.669187162878499,-0.19999999999999998,0.15835273366663477
4317,10,0.9,ReverseLPA,-22.529740854607596,0.37777777777777777,0.3383125472411187
4318,10,0.9,ILP-PA1,-9.737142950265316,0.3333333333333333,0.21359916833229706
4319,10,0.9,ILP-PA2,-10.580027075527925,-0.06666666666666667,0.3676020408163265
4320,10,0.1,ReverseLPA,-21.566149962209018,-0.3333333333333333,0.42460317460317454
4321,10,0.1,ILP-PA1,-12.777251652864143,0.28888888888888886,0.1637638886766713
4322,10,0.1,ILP-PA2,-7.539918372929094,0.4222222222222222,0.18383756047382777
4323,10,0.2,ReverseLPA,-19.488965447288777,0.022222222222222223,0.19760959939531372
4324,10,0.2,ILP-PA1,-18.27838158424847,0.6,0.1813464996175685
4325,10,0.2,ILP-PA2,-19.17095578950531,0.4666666666666666,0.1813464996175685
4326,10,0.3,ReverseLPA,-22.116964420724837,-0.3333333333333333,0.18395691609977322
4327,10,0.3,ILP-PA1,-6.955940880936139,-0.3333333333333333,0.14594857007226944
4328,10,0.3,ILP-PA2,-6.955940880936139,-0.3333333333333333,0.14594857007226944
4329,10,0.4,ReverseLPA,-19.66354743198856,-0.022222222222222223,0.17800453514739228
4330,10,0.4,ILP-PA1,-16.014361459015085,0.022222222222222223,0.26020458551848663
4331,10,0.4,ILP-PA2,-15.50353583524909,-0.06666666666666667,0.311734693877551
4332,10,0.5,ReverseLPA,-21.487562597358302,-0.022222222222222223,0.18990929705215415
4333,10,0.5,ILP-PA1,-4.852030263919617,-0.15555555555555553,0.17688656587063414
4334,10,0.5,ILP-PA2,-5.545177444479562,-0.28888888888888886,0.16606657833782218
4335,10,0.6,ReverseLPA,-20.10096644914301,0.15555555555555553,0.18518518518518517
4336,10,0.6,ILP-PA1,-5.708465422560582,0.1111111111111111,0.15709667093041477
4337,10,0.6,ILP-PA2,-5.708465422560582,0.1111111111111111,0.15709667093041477
4338,10,0.7,ReverseLPA,-19.975355808830727,0.06666666666666667,0.4095238095238095
4339,10,0.7,ILP-PA1,-8.739315600629801,0.28888888888888886,0.18256451103972055
4340,10,0.7,ILP-PA2,-9.586613461017004,-0.4666666666666666,0.17473881146015385
4341,10,0.8,ReverseLPA,-20.239240492841727,0.022222222222222223,0.3318405139833711
4342,10,0.8,ILP-PA1,-18.23094853101384,0.3333333333333333,0.15049948951951878
4343,10,0.8,ILP-PA2,-18.947812238191098,0.4222222222222222,0.14711848607812886
4344,10,0.9,ReverseLPA,-22.740461885923246,0.19999999999999998,0.5784202569916855
4345,10,0.9,ILP-PA1,-9.752489201743447,-0.28888888888888886,0.6901927437641724
4346,10,0.9,ILP-PA2,-9.752489201743447,-0.28888888888888886,0.6901927437641724
4347,10,0.1,ReverseLPA,-19.263564869214974,0.28888888888888886,0.1765873015873016
4348,10,0.1,ILP-PA1,-10.474666559870098,0.6,0.1607278070125232
4349,10,0.1,ILP-PA2,-15.60663932414732,0.19999999999999998,0.27459549723234344
4350,10,0.2,ReverseLPA,-22.707841272156983,-0.15555555555555553,0.1850434618291761
4351,10,0.2,ILP-PA1,-14.836362208066058,0.5111111111111111,0.13907400904358036
4352,10,0.2,ILP-PA2,-15.999513017871738,0.28888888888888886,0.18498844603689252
4353,10,0.3,ReverseLPA,-17.301073203421094,0.37777777777777777,0.32114512471655327
4354,10,0.3,ILP-PA1,-4.3252683008552735,0.19999999999999998,0.35462018140589574
4355,10,0.3,ILP-PA2,-3.477970440468069,-0.19999999999999998,0.1741639897679429
4356,10,0.4,ReverseLPA,-17.83096596824025,0.15555555555555553,0.31877362055933484
4357,10,0.4,ILP-PA1,-4.897535206344254,0.24444444444444444,0.1431034497455349
4358,10,0.4,ILP-PA2,-5.813825938218409,-0.5555555555555555,0.3500566893424036
4359,10,0.5,ReverseLPA,-22.18070977791825,-0.15555555555555553,0.1746031746031746
4360,10,0.5,ILP-PA1,-6.238324625039508,-0.19999999999999998,0.28968253968253965
4361,10,0.5,ILP-PA2,-15.249237972318795,0.24444444444444444,0.16046066423748584
4362,10,0.6,ReverseLPA,-21.633443320440982,-0.15555555555555553,0.30337301587301585
4363,10,0.6,ILP-PA1,-14.781989180167447,-0.28888888888888886,0.17657186141108694
4364,10,0.6,ILP-PA2,-14.781989180167447,-0.28888888888888886,0.17657186141108694
4365,10,0.7,ReverseLPA,-20.68870569670819,0.06666666666666667,0.41428571428571426
4366,10,0.7,ILP-PA1,-9.452665488507265,-0.06666666666666667,0.14884330065727125
4367,10,0.7,ILP-PA2,-9.452665488507265,-0.06666666666666667,0.14884330065727125
4368,10,0.8,ReverseLPA,-21.131814698098566,0.3333333333333333,0.3246315192743764
4369,10,0.8,ILP-PA1,-5.94403149387335,0.4222222222222222,0.1670463969632059
4370,10,0.8,ILP-PA2,-9.338617816821127,0.5111111111111111,0.15806595130134388
4371,10,0.9,ReverseLPA,-22.845822401581074,0.24444444444444444,0.8968253968253969
4372,10,0.9,ILP-PA1,-3.145469218256656,-0.06666666666666667,0.4529921539227259
4373,10,0.9,ILP-PA2,-7.555264624407228,-0.1111111111111111,0.6786864411606683
4374,10,0.1,ReverseLPA,-21.566149962209018,-0.06666666666666667,0.17791005291005293
4375,10,0.1,ILP-PA1,-15.395918292831668,-0.022222222222222223,0.2700147543522917
4376,10,0.1,ILP-PA2,-15.817360355462972,0.3333333333333333,0.16149275799949353
4377,10,0.2,ReverseLPA,-14.66065170998648,-0.19999999999999998,0.44622071050642476
4378,10,0.2,ILP-PA1,-13.003780744317748,0.4666666666666666,0.14602516453509085
4379,10,0.2,ILP-PA2,-14.613218656751851,0.4666666666666666,0.1531615801881236
4380,10,0.3,ReverseLPA,-22.116964420724837,-0.37777777777777777,0.2886904761904762
4381,10,0.3,ILP-PA1,-3.3440224679583306,-0.19999999999999998,0.19235638699924415
4382,10,0.3,ILP-PA2,-16.899229285891877,0.19999999999999998,0.16118618301355628
4383,10,0.4,ReverseLPA,-22.41241962761103,0.022222222222222223,0.19325396825396826
4384,10,0.4,ILP-PA1,-23.450047829666154,0.5555555555555555,0.1363430335143761
4385,10,0.4,ILP-PA2,-12.438582092653148,0.4222222222222222,0.13521999926728204
4386,10,0.5,ReverseLPA,-27.032740041837865,0.1111111111111111,0.31504157218442935
4387,10,0.5,ILP-PA1,-15.249237972318797,0.06666666666666667,0.43653628117913834
4388,10,0.5,ILP-PA2,-15.249237972318797,0.1111111111111111,0.3201341647770219
4389,10,0.6,ReverseLPA,-21.63344332044098,0.24444444444444444,0.198015873015873
4390,10,0.6,ILP-PA1,-14.887349695825275,-0.4222222222222222,0.17889671514811623
4391,10,0.6,ILP-PA2,-18.76323365463755,-0.5555555555555555,0.17387907833782218
4392,10,0.7,ReverseLPA,-19.975355808830727,-0.1111111111111111,0.31768707482993197
4393,10,0.7,ILP-PA1,-12.573960985036603,-0.19999999999999998,0.1735729954638617
4394,10,0.7,ILP-PA2,-7.089888853445877,-0.3333333333333333,0.34058956916099775
4395,10,0.8,ReverseLPA,-20.239240492841724,0.06666666666666667,0.4333333333333333
4396,10,0.8,ILP-PA1,-20.063529994762145,0.6444444444444444,0.16008696094197133
4397,10,0.8,ILP-PA2,-3.394586322947778,0.4222222222222222,0.31031746031746027
4398,10,0.9,ReverseLPA,-22.635101370265417,0.1111111111111111,0.5821523053665911
4399,10,0.9,ILP-PA1,-6.92310153046027,0.24444444444444444,0.1693612117780207
4400,10,0.9,ILP-PA2,-6.92310153046027,0.24444444444444444,0.1693612117780207
4401,10,0.1,ReverseLPA,-21.566149962209018,0.15555555555555553,0.17526455026455026
4402,10,0.1,ILP-PA1,-20.422530541451064,0.5111111111111111,0.1713265929990697
4403,10,0.1,ILP-PA2,-10.15858501289662,-0.06666666666666667,0.213721456382163
4404,10,0.2,ReverseLPA,-17.879527534854677,0.022222222222222223,0.17006802721088435
4405,10,0.2,ILP-PA1,-10.724912177941018,-0.022222222222222223,0.2389313592477034
4406,10,0.2,ILP-PA2,-9.784904919449549,0.06666666666666667,0.17302117715154014
4407,10,0.3,ReverseLPA,-25.72888283370264,-0.022222222222222223,0.1853174603174603
4408,10,0.3,ILP-PA1,-13.555206817933545,-0.06666666666666667,0.16453780468522072
4409,10,0.3,ILP-PA2,-13.555206817933545,-0.06666666666666667,0.16453780468522072
4410,10,0.4,ReverseLPA,-24.245001091359338,0.4222222222222222,0.1746031746031746
4411,10,0.4,ILP-PA1,-21.00128022649402,0.06666666666666667,0.14790469580625834
4412,10,0.4,ILP-PA2,-14.887349695825275,0.1111111111111111,0.15178939551616508
4413,10,0.5,ReverseLPA,-20.794415416798355,-0.19999999999999998,0.18650793650793648
4414,10,0.5,ILP-PA1,-9.010913347279288,0.06666666666666667,0.15603791885181995
4415,10,0.5,ILP-PA2,-7.624618986159398,0.28888888888888886,0.15603791885181995
4416,10,0.6,ReverseLPA,-22.14426894420697,-0.5111111111111111,0.21440854119425548
4417,10,0.6,ILP-PA1,-6.6247561544347375,-0.24444444444444444,0.16045727449400168
4418,10,0.6,ILP-PA2,-12.227861061337492,-0.37777777777777777,0.15904035302823827
4419,10,0.7,ReverseLPA,-20.68870569670819,-0.3333333333333333,0.42939342403628117
4420,10,0.7,ILP-PA1,-16.18587939801441,0.1111111111111111,0.14479657445929334
4421,10,0.7,ILP-PA2,-8.382640656691068,-0.19999999999999998,0.19031838560511277
4422,10,0.8,ReverseLPA,-21.354958249412775,0.4666666666666666,0.19354686318972034
4423,10,0.8,ILP-PA1,-7.729179904387028,0.06666666666666667,0.27293863648652905
4424,10,0.8,ILP-PA2,-12.016340432591644,0.06666666666666667,0.1867345677558116
4425,10,0.9,ReverseLPA,-22.740461885923246,0.1111111111111111,0.687641723356009
4426,10,0.9,ILP-PA1,-0.9482446409204366,-0.06666666666666667,0.5299321891960944
4427,10,0.9,ILP-PA2,-5.658775342566354,-0.022222222222222223,0.40797711576384293
4428,10,0.1,ReverseLPA,-19.263564869214974,-0.28888888888888886,0.67531179138322
4429,10,0.1,ILP-PA1,-15.07983674585819,-0.06666666666666667,0.2145432335596514
4430,10,0.1,ILP-PA2,-15.290557777173841,0.1111111111111111,0.21493323199402023
4431,10,0.2,ReverseLPA,-17.879527534854677,-0.022222222222222223,0.19689153439153442
4432,10,0.2,ILP-PA1,-6.16717504518756,0.4666666666666666,0.14768048380371213
4433,10,0.2,ILP-PA2,-5.227167786696088,0.37777777777777777,0.18340399750462613
4434,10,0.3,ReverseLPA,-23.32093722505077,-0.15555555555555553,0.3055555555555555
4435,10,0.3,ILP-PA1,-24.479741055786228,-0.24444444444444444,0.15604973288081958
4436,10,0.3,ILP-PA2,-3.8346453844068016,0.19999999999999998,0.2944444444444444
4437,10,0.4,ReverseLPA,-25.161291823233494,0.022222222222222223,0.3174603174603175
4438,10,0.4,ILP-PA1,-14.271163556401456,-0.06666666666666667,0.1471906578271146
4439,10,0.4,ILP-PA2,-14.271163556401456,-0.06666666666666667,0.1471906578271146
4440,10,0.5,ReverseLPA,-20.79441541679836,-0.06666666666666667,0.2071428571428571
4441,10,0.5,ILP-PA1,-19.408121055678468,0.3333333333333333,0.1531320299550116
4442,10,0.5,ILP-PA2,-4.1588830833596715,-0.19999999999999998,0.14668407086815669
4443,10,0.6,ReverseLPA,-23.676745815504944,0.06666666666666667,0.18140589569160998
4444,10,0.6,ILP-PA1,-15.80364042769943,-0.022222222222222223,0.16806668869308977
4445,10,0.6,ILP-PA2,-15.80364042769943,-0.022222222222222223,0.16806668869308977
4446,10,0.7,ReverseLPA,-19.618680864892,0.022222222222222223,0.18055555555555555
4447,10,0.7,ILP-PA1,-10.433911321404207,-0.28888888888888886,0.2586591709304148
4448,10,0.7,ILP-PA2,-10.433911321404207,-0.28888888888888886,0.2586591709304148
4449,10,0.8,ReverseLPA,-20.685527595470145,0.5111111111111111,0.24406651549508693
4450,10,0.8,ILP-PA1,-2.6777226157705165,0.4222222222222222,0.14077366944853026
4451,10,0.8,ILP-PA2,-2.6777226157705165,0.4222222222222222,0.14077366944853026
4452,10,0.9,ReverseLPA,-22.845822401581074,0.19999999999999998,0.8968253968253969
4453,10,0.9,ILP-PA1,-5.358040047071008,0.3333333333333333,0.24495218866281068
4454,10,0.9,ILP-PA2,-7.976706687038533,0.4222222222222222,0.1991528303156163
